file_path,category,purpose,status,main_functions,imports,inputs,outputs,formal_or_legacy,thesis_section,evidence_level,notes
_cleanup_quarantine/20260721T184813963710Z/app_full_image_multilabel_ollama_gradio_before_exact_layout.py,quarantine,隔離備份，不作正式流程證據,legacy,utc_now; timestamp_slug; sha256_file; atomic_write_text; atomic_write_json; atomic_write_csv; resolve_path; dependency_versions; port_available; find_port_pids; select_port; check_output_write_permission; patient_info; prediction_csv_row; pure_model_prediction; ground_truth_payload; generate_report_safe; predicted_label_names; build_followup_guidance; ensure_disclaimer; append_followup_guidance; markdown_to_plain_text; report_font; wrapped_pdf_lines; write_report_pdf; html_text; paragraph_html; patient_display_value; predicted_pairs; report_payload_from_prediction; predicted_positive_sentence; markdown_section; remove_technical_report_lines; report_findings_text; clinical_diagnosis_html,PIL; __future__; argparse; csv; datetime; full_image_multilabel_inference_service; full_image_multilabel_ollama_service; full_image_multilabel_report_prompt; gradio; hashlib; html; importlib.metadata; inspect; json; numpy; os; pandas; pathlib; platform; re; shutil; socket; sys; tempfile; textwrap,data.json; data.version; dataframe; dataframe-container; outputs/full_image_224_multilabel_seed42/phase0_dataset/test_manifest.csv; outputs/full_image_224_multilabel_seed42/phase0_dataset/val_manifest.csv; outputs/full_image_multilabel_gradio_demo,outputs/full_image_224_multilabel_seed42/phase0_dataset/test_manifest.csv; outputs/full_image_224_multilabel_seed42/phase0_dataset/val_manifest.csv; outputs/full_image_multilabel_gradio_demo,legacy,方法/系統實作：Full-image 多標籤與 Demo,low,"CLI args=""--project-root"", type=Path, default=PROJECT_DEFAULT; ""--model"", type=Path, default=DEFAULT_MODEL_RELATIVE; ""--thresholds"", type=Path, default=DEFAULT_THRESHOLDS_RELATIVE; ""--catalog"", type=Path, default=DEFAULT_CATALOG_RELATIVE; ""--output-dir"", type=Path, default=DEFAULT_OUTPUT_RELATIVE; ""--device"", default=""auto"""
_cleanup_quarantine/20260721T184813963710Z/app_full_image_multilabel_ollama_gradio_before_redesign.py,quarantine,隔離備份，不作正式流程證據,legacy,utc_now; timestamp_slug; sha256_file; atomic_write_text; atomic_write_json; atomic_write_csv; resolve_path; dependency_versions; port_available; find_port_pids; select_port; check_output_write_permission; patient_info; prediction_csv_row; pure_model_prediction; ground_truth_payload; generate_report_safe; predicted_label_names; build_followup_guidance; ensure_disclaimer; append_followup_guidance; markdown_to_plain_text; report_font; wrapped_pdf_lines; write_report_pdf; html_text; paragraph_html; patient_display_value; predicted_pairs; report_payload_from_prediction; predicted_positive_sentence; markdown_section; remove_technical_report_lines; report_findings_text; report_impression_items,PIL; __future__; argparse; csv; datetime; full_image_multilabel_inference_service; full_image_multilabel_ollama_service; full_image_multilabel_report_prompt; gradio; hashlib; html; importlib.metadata; inspect; json; numpy; os; pandas; pathlib; platform; re; shutil; socket; sys; tempfile; textwrap,data.json; data.version; dataframe; dataframe-container; outputs/full_image_224_multilabel_seed42/phase0_dataset/test_manifest.csv; outputs/full_image_224_multilabel_seed42/phase0_dataset/val_manifest.csv; outputs/full_image_multilabel_gradio_demo,outputs/full_image_224_multilabel_seed42/phase0_dataset/test_manifest.csv; outputs/full_image_224_multilabel_seed42/phase0_dataset/val_manifest.csv; outputs/full_image_multilabel_gradio_demo,legacy,方法/系統實作：Full-image 多標籤與 Demo,low,"CLI args=""--project-root"", type=Path, default=PROJECT_DEFAULT; ""--model"", type=Path, default=DEFAULT_MODEL_RELATIVE; ""--thresholds"", type=Path, default=DEFAULT_THRESHOLDS_RELATIVE; ""--catalog"", type=Path, default=DEFAULT_CATALOG_RELATIVE; ""--output-dir"", type=Path, default=DEFAULT_OUTPUT_RELATIVE; ""--device"", default=""auto"""
_cleanup_quarantine/20260721T184813963710Z/app_full_image_multilabel_ollama_gradio_fixed.py.py,quarantine,隔離備份，不作正式流程證據,legacy,,,data.json; data.version; dataframe; dataframe-container; outputs/full_image_224_multilabel_seed42/phase0_dataset/test_manifest.csv; outputs/full_image_224_multilabel_seed42/phase0_dataset/val_manifest.csv; outputs/full_image_multilabel_gradio_demo,outputs/full_image_224_multilabel_seed42/phase0_dataset/test_manifest.csv; outputs/full_image_224_multilabel_seed42/phase0_dataset/val_manifest.csv; outputs/full_image_multilabel_gradio_demo,legacy,方法/系統實作：Full-image 多標籤與 Demo,low,"SyntaxError: invalid syntax (<unknown>, line 2513)"
_cleanup_quarantine/20260721T184813963710Z/outputs/full_image_multilabel_gradio_demo/sessions/20260721T151221538949Z_b76b9e75/ground_truth_comparison.json,quarantine,隔離備份，不作正式流程證據,legacy,,,,,legacy,方法/系統實作：Full-image 多標籤與 Demo,low,
_cleanup_quarantine/20260721T184813963710Z/outputs/full_image_multilabel_gradio_demo/sessions/20260721T151221538949Z_b76b9e75/input_metadata.json,quarantine,隔離備份，不作正式流程證據,legacy,,,,,legacy,方法/系統實作：Full-image 多標籤與 Demo,low,
_cleanup_quarantine/20260721T184813963710Z/outputs/full_image_multilabel_gradio_demo/sessions/20260721T151221538949Z_b76b9e75/model_prediction.csv,quarantine,隔離備份，不作正式流程證據,legacy,,,,,legacy,方法/系統實作：Full-image 多標籤與 Demo,low,
_cleanup_quarantine/20260721T184813963710Z/outputs/full_image_multilabel_gradio_demo/sessions/20260721T151221538949Z_b76b9e75/model_prediction.json,quarantine,隔離備份，不作正式流程證據,legacy,,,outputs\\full_image_224_multilabel_seed42\\phase2_patch_transfer\\checkpoints\\full_image_multilabel_patch_transfer.pt; outputs\\full_image_224_multilabel_seed42\\phase2_patch_transfer\\validation_selected_thresholds.json,outputs\\full_image_224_multilabel_seed42\\phase2_patch_transfer\\checkpoints\\full_image_multilabel_patch_transfer.pt; outputs\\full_image_224_multilabel_seed42\\phase2_patch_transfer\\validation_selected_thresholds.json,legacy,方法/系統實作：Full-image 多標籤與 Demo,low,
_cleanup_quarantine/20260721T184813963710Z/outputs/full_image_multilabel_gradio_demo/sessions/20260721T151221538949Z_b76b9e75/ollama_audit.json,quarantine,隔離備份，不作正式流程證據,legacy,,,,,legacy,方法/系統實作：Full-image 多標籤與 Demo,low,
_cleanup_quarantine/20260721T184813963710Z/outputs/full_image_multilabel_gradio_demo/sessions/20260721T151221538949Z_b76b9e75/ollama_report.txt,quarantine,隔離備份，不作正式流程證據,legacy,,,,,legacy,方法/系統實作：Full-image 多標籤與 Demo,low,
_cleanup_quarantine/20260721T184813963710Z/outputs/full_image_multilabel_gradio_demo/sessions/20260721T151221538949Z_b76b9e75/session_audit.json,quarantine,隔離備份，不作正式流程證據,legacy,,,,,legacy,方法/系統實作：Full-image 多標籤與 Demo,low,
_cleanup_quarantine/20260721T184813963710Z/outputs/full_image_multilabel_gradio_demo/sessions/20260721T151324848210Z_3114b891/ground_truth_comparison.json,quarantine,隔離備份，不作正式流程證據,legacy,,,,,legacy,方法/系統實作：Full-image 多標籤與 Demo,low,
_cleanup_quarantine/20260721T184813963710Z/outputs/full_image_multilabel_gradio_demo/sessions/20260721T151324848210Z_3114b891/input_metadata.json,quarantine,隔離備份，不作正式流程證據,legacy,,,,,legacy,方法/系統實作：Full-image 多標籤與 Demo,low,
_cleanup_quarantine/20260721T184813963710Z/outputs/full_image_multilabel_gradio_demo/sessions/20260721T151324848210Z_3114b891/model_prediction.csv,quarantine,隔離備份，不作正式流程證據,legacy,,,,,legacy,方法/系統實作：Full-image 多標籤與 Demo,low,
_cleanup_quarantine/20260721T184813963710Z/outputs/full_image_multilabel_gradio_demo/sessions/20260721T151324848210Z_3114b891/model_prediction.json,quarantine,隔離備份，不作正式流程證據,legacy,,,outputs\\full_image_224_multilabel_seed42\\phase2_patch_transfer\\checkpoints\\full_image_multilabel_patch_transfer.pt; outputs\\full_image_224_multilabel_seed42\\phase2_patch_transfer\\validation_selected_thresholds.json,outputs\\full_image_224_multilabel_seed42\\phase2_patch_transfer\\checkpoints\\full_image_multilabel_patch_transfer.pt; outputs\\full_image_224_multilabel_seed42\\phase2_patch_transfer\\validation_selected_thresholds.json,legacy,方法/系統實作：Full-image 多標籤與 Demo,low,
_cleanup_quarantine/20260721T184813963710Z/outputs/full_image_multilabel_gradio_demo/sessions/20260721T151324848210Z_3114b891/ollama_audit.json,quarantine,隔離備份，不作正式流程證據,legacy,,,,,legacy,方法/系統實作：Full-image 多標籤與 Demo,low,
_cleanup_quarantine/20260721T184813963710Z/outputs/full_image_multilabel_gradio_demo/sessions/20260721T151324848210Z_3114b891/ollama_report.txt,quarantine,隔離備份，不作正式流程證據,legacy,,,,,legacy,方法/系統實作：Full-image 多標籤與 Demo,low,
_cleanup_quarantine/20260721T184813963710Z/outputs/full_image_multilabel_gradio_demo/sessions/20260721T151324848210Z_3114b891/session_audit.json,quarantine,隔離備份，不作正式流程證據,legacy,,,,,legacy,方法/系統實作：Full-image 多標籤與 Demo,low,
_cleanup_quarantine/20260721T184813963710Z/outputs/full_image_multilabel_gradio_demo/sessions/20260721T152003656330Z_6ae70e65/ground_truth_comparison.json,quarantine,隔離備份，不作正式流程證據,legacy,,,,,legacy,方法/系統實作：Full-image 多標籤與 Demo,low,
_cleanup_quarantine/20260721T184813963710Z/outputs/full_image_multilabel_gradio_demo/sessions/20260721T152003656330Z_6ae70e65/input_metadata.json,quarantine,隔離備份，不作正式流程證據,legacy,,,,,legacy,方法/系統實作：Full-image 多標籤與 Demo,low,
_cleanup_quarantine/20260721T184813963710Z/outputs/full_image_multilabel_gradio_demo/sessions/20260721T152003656330Z_6ae70e65/model_prediction.csv,quarantine,隔離備份，不作正式流程證據,legacy,,,,,legacy,方法/系統實作：Full-image 多標籤與 Demo,low,
_cleanup_quarantine/20260721T184813963710Z/outputs/full_image_multilabel_gradio_demo/sessions/20260721T152003656330Z_6ae70e65/model_prediction.json,quarantine,隔離備份，不作正式流程證據,legacy,,,outputs\\full_image_224_multilabel_seed42\\phase2_patch_transfer\\checkpoints\\full_image_multilabel_patch_transfer.pt; outputs\\full_image_224_multilabel_seed42\\phase2_patch_transfer\\validation_selected_thresholds.json,outputs\\full_image_224_multilabel_seed42\\phase2_patch_transfer\\checkpoints\\full_image_multilabel_patch_transfer.pt; outputs\\full_image_224_multilabel_seed42\\phase2_patch_transfer\\validation_selected_thresholds.json,legacy,方法/系統實作：Full-image 多標籤與 Demo,low,
_cleanup_quarantine/20260721T184813963710Z/outputs/full_image_multilabel_gradio_demo/sessions/20260721T152003656330Z_6ae70e65/ollama_audit.json,quarantine,隔離備份，不作正式流程證據,legacy,,,,,legacy,方法/系統實作：Full-image 多標籤與 Demo,low,
_cleanup_quarantine/20260721T184813963710Z/outputs/full_image_multilabel_gradio_demo/sessions/20260721T152003656330Z_6ae70e65/ollama_report.txt,quarantine,隔離備份，不作正式流程證據,legacy,,,,,legacy,方法/系統實作：Full-image 多標籤與 Demo,low,
_cleanup_quarantine/20260721T184813963710Z/outputs/full_image_multilabel_gradio_demo/sessions/20260721T152003656330Z_6ae70e65/session_audit.json,quarantine,隔離備份，不作正式流程證據,legacy,,,,,legacy,方法/系統實作：Full-image 多標籤與 Demo,low,
_cleanup_quarantine/20260721T184813963710Z/outputs/full_image_multilabel_gradio_demo/sessions/20260721T152330337349Z_a2defe2a/ground_truth_comparison.json,quarantine,隔離備份，不作正式流程證據,legacy,,,,,legacy,方法/系統實作：Full-image 多標籤與 Demo,low,
_cleanup_quarantine/20260721T184813963710Z/outputs/full_image_multilabel_gradio_demo/sessions/20260721T152330337349Z_a2defe2a/input_metadata.json,quarantine,隔離備份，不作正式流程證據,legacy,,,,,legacy,方法/系統實作：Full-image 多標籤與 Demo,low,
_cleanup_quarantine/20260721T184813963710Z/outputs/full_image_multilabel_gradio_demo/sessions/20260721T152330337349Z_a2defe2a/model_prediction.csv,quarantine,隔離備份，不作正式流程證據,legacy,,,,,legacy,方法/系統實作：Full-image 多標籤與 Demo,low,
_cleanup_quarantine/20260721T184813963710Z/outputs/full_image_multilabel_gradio_demo/sessions/20260721T152330337349Z_a2defe2a/model_prediction.json,quarantine,隔離備份，不作正式流程證據,legacy,,,outputs\\full_image_224_multilabel_seed42\\phase2_patch_transfer\\checkpoints\\full_image_multilabel_patch_transfer.pt; outputs\\full_image_224_multilabel_seed42\\phase2_patch_transfer\\validation_selected_thresholds.json,outputs\\full_image_224_multilabel_seed42\\phase2_patch_transfer\\checkpoints\\full_image_multilabel_patch_transfer.pt; outputs\\full_image_224_multilabel_seed42\\phase2_patch_transfer\\validation_selected_thresholds.json,legacy,方法/系統實作：Full-image 多標籤與 Demo,low,
_cleanup_quarantine/20260721T184813963710Z/outputs/full_image_multilabel_gradio_demo/sessions/20260721T152330337349Z_a2defe2a/ollama_audit.json,quarantine,隔離備份，不作正式流程證據,legacy,,,,,legacy,方法/系統實作：Full-image 多標籤與 Demo,low,
_cleanup_quarantine/20260721T184813963710Z/outputs/full_image_multilabel_gradio_demo/sessions/20260721T152330337349Z_a2defe2a/ollama_audit_regenerated_20260721T152341770303Z.json,quarantine,隔離備份，不作正式流程證據,legacy,,,,,legacy,方法/系統實作：Full-image 多標籤與 Demo,low,
_cleanup_quarantine/20260721T184813963710Z/outputs/full_image_multilabel_gradio_demo/sessions/20260721T152330337349Z_a2defe2a/ollama_report.txt,quarantine,隔離備份，不作正式流程證據,legacy,,,,,legacy,方法/系統實作：Full-image 多標籤與 Demo,low,
_cleanup_quarantine/20260721T184813963710Z/outputs/full_image_multilabel_gradio_demo/sessions/20260721T152330337349Z_a2defe2a/ollama_report_regenerated_20260721T152341770303Z.txt,quarantine,隔離備份，不作正式流程證據,legacy,,,,,legacy,方法/系統實作：Full-image 多標籤與 Demo,low,
_cleanup_quarantine/20260721T184813963710Z/outputs/full_image_multilabel_gradio_demo/sessions/20260721T152330337349Z_a2defe2a/session_audit.json,quarantine,隔離備份，不作正式流程證據,legacy,,,,,legacy,方法/系統實作：Full-image 多標籤與 Demo,low,
_cleanup_quarantine/20260721T184813963710Z/outputs/full_image_multilabel_gradio_demo/sessions/20260721T160018617622Z_c9983241/ground_truth_comparison.json,quarantine,隔離備份，不作正式流程證據,legacy,,,,,legacy,方法/系統實作：Full-image 多標籤與 Demo,low,
_cleanup_quarantine/20260721T184813963710Z/outputs/full_image_multilabel_gradio_demo/sessions/20260721T160018617622Z_c9983241/input_metadata.json,quarantine,隔離備份，不作正式流程證據,legacy,,,,,legacy,方法/系統實作：Full-image 多標籤與 Demo,low,
_cleanup_quarantine/20260721T184813963710Z/outputs/full_image_multilabel_gradio_demo/sessions/20260721T160018617622Z_c9983241/model_prediction.csv,quarantine,隔離備份，不作正式流程證據,legacy,,,,,legacy,方法/系統實作：Full-image 多標籤與 Demo,low,
_cleanup_quarantine/20260721T184813963710Z/outputs/full_image_multilabel_gradio_demo/sessions/20260721T160018617622Z_c9983241/model_prediction.json,quarantine,隔離備份，不作正式流程證據,legacy,,,outputs\\full_image_224_multilabel_seed42\\phase2_patch_transfer\\checkpoints\\full_image_multilabel_patch_transfer.pt; outputs\\full_image_224_multilabel_seed42\\phase2_patch_transfer\\validation_selected_thresholds.json,outputs\\full_image_224_multilabel_seed42\\phase2_patch_transfer\\checkpoints\\full_image_multilabel_patch_transfer.pt; outputs\\full_image_224_multilabel_seed42\\phase2_patch_transfer\\validation_selected_thresholds.json,legacy,方法/系統實作：Full-image 多標籤與 Demo,low,
_cleanup_quarantine/20260721T184813963710Z/outputs/full_image_multilabel_gradio_demo/sessions/20260721T160018617622Z_c9983241/ollama_audit.json,quarantine,隔離備份，不作正式流程證據,legacy,,,,,legacy,方法/系統實作：Full-image 多標籤與 Demo,low,
_cleanup_quarantine/20260721T184813963710Z/outputs/full_image_multilabel_gradio_demo/sessions/20260721T160018617622Z_c9983241/ollama_report.txt,quarantine,隔離備份，不作正式流程證據,legacy,,,,,legacy,方法/系統實作：Full-image 多標籤與 Demo,low,
_cleanup_quarantine/20260721T184813963710Z/outputs/full_image_multilabel_gradio_demo/sessions/20260721T160018617622Z_c9983241/session_audit.json,quarantine,隔離備份，不作正式流程證據,legacy,,,,,legacy,方法/系統實作：Full-image 多標籤與 Demo,low,
_cleanup_quarantine/20260721T184813963710Z/outputs/full_image_multilabel_gradio_demo/sessions/20260721T160053026741Z_b579a6b4/ground_truth_comparison.json,quarantine,隔離備份，不作正式流程證據,legacy,,,,,legacy,方法/系統實作：Full-image 多標籤與 Demo,low,
_cleanup_quarantine/20260721T184813963710Z/outputs/full_image_multilabel_gradio_demo/sessions/20260721T160053026741Z_b579a6b4/input_metadata.json,quarantine,隔離備份，不作正式流程證據,legacy,,,,,legacy,方法/系統實作：Full-image 多標籤與 Demo,low,
_cleanup_quarantine/20260721T184813963710Z/outputs/full_image_multilabel_gradio_demo/sessions/20260721T160053026741Z_b579a6b4/model_prediction.csv,quarantine,隔離備份，不作正式流程證據,legacy,,,,,legacy,方法/系統實作：Full-image 多標籤與 Demo,low,
_cleanup_quarantine/20260721T184813963710Z/outputs/full_image_multilabel_gradio_demo/sessions/20260721T160053026741Z_b579a6b4/model_prediction.json,quarantine,隔離備份，不作正式流程證據,legacy,,,outputs\\full_image_224_multilabel_seed42\\phase2_patch_transfer\\checkpoints\\full_image_multilabel_patch_transfer.pt; outputs\\full_image_224_multilabel_seed42\\phase2_patch_transfer\\validation_selected_thresholds.json,outputs\\full_image_224_multilabel_seed42\\phase2_patch_transfer\\checkpoints\\full_image_multilabel_patch_transfer.pt; outputs\\full_image_224_multilabel_seed42\\phase2_patch_transfer\\validation_selected_thresholds.json,legacy,方法/系統實作：Full-image 多標籤與 Demo,low,
_cleanup_quarantine/20260721T184813963710Z/outputs/full_image_multilabel_gradio_demo/sessions/20260721T160053026741Z_b579a6b4/ollama_audit.json,quarantine,隔離備份，不作正式流程證據,legacy,,,,,legacy,方法/系統實作：Full-image 多標籤與 Demo,low,
_cleanup_quarantine/20260721T184813963710Z/outputs/full_image_multilabel_gradio_demo/sessions/20260721T160053026741Z_b579a6b4/ollama_report.txt,quarantine,隔離備份，不作正式流程證據,legacy,,,,,legacy,方法/系統實作：Full-image 多標籤與 Demo,low,
_cleanup_quarantine/20260721T184813963710Z/outputs/full_image_multilabel_gradio_demo/sessions/20260721T160053026741Z_b579a6b4/session_audit.json,quarantine,隔離備份，不作正式流程證據,legacy,,,,,legacy,方法/系統實作：Full-image 多標籤與 Demo,low,
_cleanup_quarantine/20260721T184813963710Z/outputs/full_image_multilabel_gradio_demo/sessions/20260721T160115072410Z_02fe83cb/ground_truth_comparison.json,quarantine,隔離備份，不作正式流程證據,legacy,,,,,legacy,方法/系統實作：Full-image 多標籤與 Demo,low,
_cleanup_quarantine/20260721T184813963710Z/outputs/full_image_multilabel_gradio_demo/sessions/20260721T160115072410Z_02fe83cb/input_metadata.json,quarantine,隔離備份，不作正式流程證據,legacy,,,,,legacy,方法/系統實作：Full-image 多標籤與 Demo,low,
_cleanup_quarantine/20260721T184813963710Z/outputs/full_image_multilabel_gradio_demo/sessions/20260721T160115072410Z_02fe83cb/model_prediction.csv,quarantine,隔離備份，不作正式流程證據,legacy,,,,,legacy,方法/系統實作：Full-image 多標籤與 Demo,low,
_cleanup_quarantine/20260721T184813963710Z/outputs/full_image_multilabel_gradio_demo/sessions/20260721T160115072410Z_02fe83cb/model_prediction.json,quarantine,隔離備份，不作正式流程證據,legacy,,,outputs\\full_image_224_multilabel_seed42\\phase2_patch_transfer\\checkpoints\\full_image_multilabel_patch_transfer.pt; outputs\\full_image_224_multilabel_seed42\\phase2_patch_transfer\\validation_selected_thresholds.json,outputs\\full_image_224_multilabel_seed42\\phase2_patch_transfer\\checkpoints\\full_image_multilabel_patch_transfer.pt; outputs\\full_image_224_multilabel_seed42\\phase2_patch_transfer\\validation_selected_thresholds.json,legacy,方法/系統實作：Full-image 多標籤與 Demo,low,
_cleanup_quarantine/20260721T184813963710Z/outputs/full_image_multilabel_gradio_demo/sessions/20260721T160115072410Z_02fe83cb/ollama_audit.json,quarantine,隔離備份，不作正式流程證據,legacy,,,,,legacy,方法/系統實作：Full-image 多標籤與 Demo,low,
_cleanup_quarantine/20260721T184813963710Z/outputs/full_image_multilabel_gradio_demo/sessions/20260721T160115072410Z_02fe83cb/ollama_report.txt,quarantine,隔離備份，不作正式流程證據,legacy,,,,,legacy,方法/系統實作：Full-image 多標籤與 Demo,low,
_cleanup_quarantine/20260721T184813963710Z/outputs/full_image_multilabel_gradio_demo/sessions/20260721T160115072410Z_02fe83cb/session_audit.json,quarantine,隔離備份，不作正式流程證據,legacy,,,,,legacy,方法/系統實作：Full-image 多標籤與 Demo,low,
_cleanup_quarantine/20260721T184813963710Z/outputs/full_image_multilabel_gradio_demo/sessions/20260721T160637073100Z_0ebec276/ground_truth_comparison.json,quarantine,隔離備份，不作正式流程證據,legacy,,,,,legacy,方法/系統實作：Full-image 多標籤與 Demo,low,
_cleanup_quarantine/20260721T184813963710Z/outputs/full_image_multilabel_gradio_demo/sessions/20260721T160637073100Z_0ebec276/input_metadata.json,quarantine,隔離備份，不作正式流程證據,legacy,,,,,legacy,方法/系統實作：Full-image 多標籤與 Demo,low,
_cleanup_quarantine/20260721T184813963710Z/outputs/full_image_multilabel_gradio_demo/sessions/20260721T160637073100Z_0ebec276/model_prediction.csv,quarantine,隔離備份，不作正式流程證據,legacy,,,,,legacy,方法/系統實作：Full-image 多標籤與 Demo,low,
_cleanup_quarantine/20260721T184813963710Z/outputs/full_image_multilabel_gradio_demo/sessions/20260721T160637073100Z_0ebec276/model_prediction.json,quarantine,隔離備份，不作正式流程證據,legacy,,,outputs\\full_image_224_multilabel_seed42\\phase2_patch_transfer\\checkpoints\\full_image_multilabel_patch_transfer.pt; outputs\\full_image_224_multilabel_seed42\\phase2_patch_transfer\\validation_selected_thresholds.json,outputs\\full_image_224_multilabel_seed42\\phase2_patch_transfer\\checkpoints\\full_image_multilabel_patch_transfer.pt; outputs\\full_image_224_multilabel_seed42\\phase2_patch_transfer\\validation_selected_thresholds.json,legacy,方法/系統實作：Full-image 多標籤與 Demo,low,
_cleanup_quarantine/20260721T184813963710Z/outputs/full_image_multilabel_gradio_demo/sessions/20260721T160637073100Z_0ebec276/ollama_audit.json,quarantine,隔離備份，不作正式流程證據,legacy,,,,,legacy,方法/系統實作：Full-image 多標籤與 Demo,low,
_cleanup_quarantine/20260721T184813963710Z/outputs/full_image_multilabel_gradio_demo/sessions/20260721T160637073100Z_0ebec276/ollama_report.txt,quarantine,隔離備份，不作正式流程證據,legacy,,,,,legacy,方法/系統實作：Full-image 多標籤與 Demo,low,
_cleanup_quarantine/20260721T184813963710Z/outputs/full_image_multilabel_gradio_demo/sessions/20260721T160637073100Z_0ebec276/session_audit.json,quarantine,隔離備份，不作正式流程證據,legacy,,,,,legacy,方法/系統實作：Full-image 多標籤與 Demo,low,
_cleanup_quarantine/20260721T184813963710Z/outputs/full_image_multilabel_gradio_demo/sessions/20260721T162432532865Z_b9a8506e/diagnosis_report.md,quarantine,隔離備份，不作正式流程證據,legacy,,,,,legacy,方法/系統實作：Full-image 多標籤與 Demo,low,
_cleanup_quarantine/20260721T184813963710Z/outputs/full_image_multilabel_gradio_demo/sessions/20260721T162432532865Z_b9a8506e/ground_truth_comparison.json,quarantine,隔離備份，不作正式流程證據,legacy,,,,,legacy,方法/系統實作：Full-image 多標籤與 Demo,low,
_cleanup_quarantine/20260721T184813963710Z/outputs/full_image_multilabel_gradio_demo/sessions/20260721T162432532865Z_b9a8506e/input_metadata.json,quarantine,隔離備份，不作正式流程證據,legacy,,,,,legacy,方法/系統實作：Full-image 多標籤與 Demo,low,
_cleanup_quarantine/20260721T184813963710Z/outputs/full_image_multilabel_gradio_demo/sessions/20260721T162432532865Z_b9a8506e/model_prediction.csv,quarantine,隔離備份，不作正式流程證據,legacy,,,,,legacy,方法/系統實作：Full-image 多標籤與 Demo,low,
_cleanup_quarantine/20260721T184813963710Z/outputs/full_image_multilabel_gradio_demo/sessions/20260721T162432532865Z_b9a8506e/model_prediction.json,quarantine,隔離備份，不作正式流程證據,legacy,,,outputs\\full_image_224_multilabel_seed42\\phase2_patch_transfer\\checkpoints\\full_image_multilabel_patch_transfer.pt; outputs\\full_image_224_multilabel_seed42\\phase2_patch_transfer\\validation_selected_thresholds.json,outputs\\full_image_224_multilabel_seed42\\phase2_patch_transfer\\checkpoints\\full_image_multilabel_patch_transfer.pt; outputs\\full_image_224_multilabel_seed42\\phase2_patch_transfer\\validation_selected_thresholds.json,legacy,方法/系統實作：Full-image 多標籤與 Demo,low,
_cleanup_quarantine/20260721T184813963710Z/outputs/full_image_multilabel_gradio_demo/sessions/20260721T162432532865Z_b9a8506e/ollama_audit.json,quarantine,隔離備份，不作正式流程證據,legacy,,,,,legacy,方法/系統實作：Full-image 多標籤與 Demo,low,
_cleanup_quarantine/20260721T184813963710Z/outputs/full_image_multilabel_gradio_demo/sessions/20260721T162432532865Z_b9a8506e/ollama_report.txt,quarantine,隔離備份，不作正式流程證據,legacy,,,,,legacy,方法/系統實作：Full-image 多標籤與 Demo,low,
_cleanup_quarantine/20260721T184813963710Z/outputs/full_image_multilabel_gradio_demo/sessions/20260721T162432532865Z_b9a8506e/session_audit.json,quarantine,隔離備份，不作正式流程證據,legacy,,,,,legacy,方法/系統實作：Full-image 多標籤與 Demo,low,
_cleanup_quarantine/20260721T184813963710Z/outputs/full_image_multilabel_gradio_demo/sessions/20260721T163158634376Z_24690123/diagnosis_report.md,quarantine,隔離備份，不作正式流程證據,legacy,,,,,legacy,方法/系統實作：Full-image 多標籤與 Demo,low,
_cleanup_quarantine/20260721T184813963710Z/outputs/full_image_multilabel_gradio_demo/sessions/20260721T163158634376Z_24690123/ground_truth_comparison.json,quarantine,隔離備份，不作正式流程證據,legacy,,,,,legacy,方法/系統實作：Full-image 多標籤與 Demo,low,
_cleanup_quarantine/20260721T184813963710Z/outputs/full_image_multilabel_gradio_demo/sessions/20260721T163158634376Z_24690123/input_metadata.json,quarantine,隔離備份，不作正式流程證據,legacy,,,,,legacy,方法/系統實作：Full-image 多標籤與 Demo,low,
_cleanup_quarantine/20260721T184813963710Z/outputs/full_image_multilabel_gradio_demo/sessions/20260721T163158634376Z_24690123/model_prediction.csv,quarantine,隔離備份，不作正式流程證據,legacy,,,,,legacy,方法/系統實作：Full-image 多標籤與 Demo,low,
_cleanup_quarantine/20260721T184813963710Z/outputs/full_image_multilabel_gradio_demo/sessions/20260721T163158634376Z_24690123/model_prediction.json,quarantine,隔離備份，不作正式流程證據,legacy,,,outputs\\full_image_224_multilabel_seed42\\phase2_patch_transfer\\checkpoints\\full_image_multilabel_patch_transfer.pt; outputs\\full_image_224_multilabel_seed42\\phase2_patch_transfer\\validation_selected_thresholds.json,outputs\\full_image_224_multilabel_seed42\\phase2_patch_transfer\\checkpoints\\full_image_multilabel_patch_transfer.pt; outputs\\full_image_224_multilabel_seed42\\phase2_patch_transfer\\validation_selected_thresholds.json,legacy,方法/系統實作：Full-image 多標籤與 Demo,low,
_cleanup_quarantine/20260721T184813963710Z/outputs/full_image_multilabel_gradio_demo/sessions/20260721T163158634376Z_24690123/ollama_audit.json,quarantine,隔離備份，不作正式流程證據,legacy,,,,,legacy,方法/系統實作：Full-image 多標籤與 Demo,low,
_cleanup_quarantine/20260721T184813963710Z/outputs/full_image_multilabel_gradio_demo/sessions/20260721T163158634376Z_24690123/ollama_report.txt,quarantine,隔離備份，不作正式流程證據,legacy,,,,,legacy,方法/系統實作：Full-image 多標籤與 Demo,low,
_cleanup_quarantine/20260721T184813963710Z/outputs/full_image_multilabel_gradio_demo/sessions/20260721T163158634376Z_24690123/session_audit.json,quarantine,隔離備份，不作正式流程證據,legacy,,,,,legacy,方法/系統實作：Full-image 多標籤與 Demo,low,
_cleanup_quarantine/20260721T184813963710Z/outputs/full_image_multilabel_gradio_demo/sessions/20260721T170230911113Z_e3d21a0f/diagnosis_report.md,quarantine,隔離備份，不作正式流程證據,legacy,,,,,legacy,方法/系統實作：Full-image 多標籤與 Demo,low,
_cleanup_quarantine/20260721T184813963710Z/outputs/full_image_multilabel_gradio_demo/sessions/20260721T170230911113Z_e3d21a0f/ground_truth_comparison.json,quarantine,隔離備份，不作正式流程證據,legacy,,,,,legacy,方法/系統實作：Full-image 多標籤與 Demo,low,
_cleanup_quarantine/20260721T184813963710Z/outputs/full_image_multilabel_gradio_demo/sessions/20260721T170230911113Z_e3d21a0f/input_metadata.json,quarantine,隔離備份，不作正式流程證據,legacy,,,,,legacy,方法/系統實作：Full-image 多標籤與 Demo,low,
_cleanup_quarantine/20260721T184813963710Z/outputs/full_image_multilabel_gradio_demo/sessions/20260721T170230911113Z_e3d21a0f/model_prediction.csv,quarantine,隔離備份，不作正式流程證據,legacy,,,,,legacy,方法/系統實作：Full-image 多標籤與 Demo,low,
_cleanup_quarantine/20260721T184813963710Z/outputs/full_image_multilabel_gradio_demo/sessions/20260721T170230911113Z_e3d21a0f/model_prediction.json,quarantine,隔離備份，不作正式流程證據,legacy,,,outputs\\full_image_224_multilabel_seed42\\phase2_patch_transfer\\checkpoints\\full_image_multilabel_patch_transfer.pt; outputs\\full_image_224_multilabel_seed42\\phase2_patch_transfer\\validation_selected_thresholds.json,outputs\\full_image_224_multilabel_seed42\\phase2_patch_transfer\\checkpoints\\full_image_multilabel_patch_transfer.pt; outputs\\full_image_224_multilabel_seed42\\phase2_patch_transfer\\validation_selected_thresholds.json,legacy,方法/系統實作：Full-image 多標籤與 Demo,low,
_cleanup_quarantine/20260721T184813963710Z/outputs/full_image_multilabel_gradio_demo/sessions/20260721T170230911113Z_e3d21a0f/ollama_audit.json,quarantine,隔離備份，不作正式流程證據,legacy,,,,,legacy,方法/系統實作：Full-image 多標籤與 Demo,low,
_cleanup_quarantine/20260721T184813963710Z/outputs/full_image_multilabel_gradio_demo/sessions/20260721T170230911113Z_e3d21a0f/ollama_report.txt,quarantine,隔離備份，不作正式流程證據,legacy,,,,,legacy,方法/系統實作：Full-image 多標籤與 Demo,low,
_cleanup_quarantine/20260721T184813963710Z/outputs/full_image_multilabel_gradio_demo/sessions/20260721T170230911113Z_e3d21a0f/session_audit.json,quarantine,隔離備份，不作正式流程證據,legacy,,,,,legacy,方法/系統實作：Full-image 多標籤與 Demo,low,
_cleanup_quarantine/20260721T184813963710Z/outputs/full_image_multilabel_gradio_demo/sessions/20260721T172535937981Z_8dd966ee/diagnosis_report.md,quarantine,隔離備份，不作正式流程證據,legacy,,,,,legacy,方法/系統實作：Full-image 多標籤與 Demo,low,
_cleanup_quarantine/20260721T184813963710Z/outputs/full_image_multilabel_gradio_demo/sessions/20260721T172535937981Z_8dd966ee/ground_truth_comparison.json,quarantine,隔離備份，不作正式流程證據,legacy,,,,,legacy,方法/系統實作：Full-image 多標籤與 Demo,low,
_cleanup_quarantine/20260721T184813963710Z/outputs/full_image_multilabel_gradio_demo/sessions/20260721T172535937981Z_8dd966ee/input_metadata.json,quarantine,隔離備份，不作正式流程證據,legacy,,,,,legacy,方法/系統實作：Full-image 多標籤與 Demo,low,
_cleanup_quarantine/20260721T184813963710Z/outputs/full_image_multilabel_gradio_demo/sessions/20260721T172535937981Z_8dd966ee/model_prediction.csv,quarantine,隔離備份，不作正式流程證據,legacy,,,,,legacy,方法/系統實作：Full-image 多標籤與 Demo,low,
_cleanup_quarantine/20260721T184813963710Z/outputs/full_image_multilabel_gradio_demo/sessions/20260721T172535937981Z_8dd966ee/model_prediction.json,quarantine,隔離備份，不作正式流程證據,legacy,,,outputs\\full_image_224_multilabel_seed42\\phase2_patch_transfer\\checkpoints\\full_image_multilabel_patch_transfer.pt; outputs\\full_image_224_multilabel_seed42\\phase2_patch_transfer\\validation_selected_thresholds.json,outputs\\full_image_224_multilabel_seed42\\phase2_patch_transfer\\checkpoints\\full_image_multilabel_patch_transfer.pt; outputs\\full_image_224_multilabel_seed42\\phase2_patch_transfer\\validation_selected_thresholds.json,legacy,方法/系統實作：Full-image 多標籤與 Demo,low,
_cleanup_quarantine/20260721T184813963710Z/outputs/full_image_multilabel_gradio_demo/sessions/20260721T172535937981Z_8dd966ee/ollama_audit.json,quarantine,隔離備份，不作正式流程證據,legacy,,,,,legacy,方法/系統實作：Full-image 多標籤與 Demo,low,
_cleanup_quarantine/20260721T184813963710Z/outputs/full_image_multilabel_gradio_demo/sessions/20260721T172535937981Z_8dd966ee/ollama_report.txt,quarantine,隔離備份，不作正式流程證據,legacy,,,,,legacy,方法/系統實作：Full-image 多標籤與 Demo,low,
_cleanup_quarantine/20260721T184813963710Z/outputs/full_image_multilabel_gradio_demo/sessions/20260721T172535937981Z_8dd966ee/session_audit.json,quarantine,隔離備份，不作正式流程證據,legacy,,,,,legacy,方法/系統實作：Full-image 多標籤與 Demo,low,
_cleanup_quarantine/20260721T184813963710Z/outputs/full_image_multilabel_gradio_demo/sessions/20260721T180947275924Z_118b39d1/diagnosis_report.md,quarantine,隔離備份，不作正式流程證據,legacy,,,,,legacy,方法/系統實作：Full-image 多標籤與 Demo,low,
_cleanup_quarantine/20260721T184813963710Z/outputs/full_image_multilabel_gradio_demo/sessions/20260721T180947275924Z_118b39d1/ground_truth_comparison.json,quarantine,隔離備份，不作正式流程證據,legacy,,,,,legacy,方法/系統實作：Full-image 多標籤與 Demo,low,
_cleanup_quarantine/20260721T184813963710Z/outputs/full_image_multilabel_gradio_demo/sessions/20260721T180947275924Z_118b39d1/input_metadata.json,quarantine,隔離備份，不作正式流程證據,legacy,,,,,legacy,方法/系統實作：Full-image 多標籤與 Demo,low,
_cleanup_quarantine/20260721T184813963710Z/outputs/full_image_multilabel_gradio_demo/sessions/20260721T180947275924Z_118b39d1/model_prediction.csv,quarantine,隔離備份，不作正式流程證據,legacy,,,,,legacy,方法/系統實作：Full-image 多標籤與 Demo,low,
_cleanup_quarantine/20260721T184813963710Z/outputs/full_image_multilabel_gradio_demo/sessions/20260721T180947275924Z_118b39d1/model_prediction.json,quarantine,隔離備份，不作正式流程證據,legacy,,,outputs\\full_image_224_multilabel_seed42\\phase2_patch_transfer\\checkpoints\\full_image_multilabel_patch_transfer.pt; outputs\\full_image_224_multilabel_seed42\\phase2_patch_transfer\\validation_selected_thresholds.json,outputs\\full_image_224_multilabel_seed42\\phase2_patch_transfer\\checkpoints\\full_image_multilabel_patch_transfer.pt; outputs\\full_image_224_multilabel_seed42\\phase2_patch_transfer\\validation_selected_thresholds.json,legacy,方法/系統實作：Full-image 多標籤與 Demo,low,
_cleanup_quarantine/20260721T184813963710Z/outputs/full_image_multilabel_gradio_demo/sessions/20260721T180947275924Z_118b39d1/ollama_audit.json,quarantine,隔離備份，不作正式流程證據,legacy,,,,,legacy,方法/系統實作：Full-image 多標籤與 Demo,low,
_cleanup_quarantine/20260721T184813963710Z/outputs/full_image_multilabel_gradio_demo/sessions/20260721T180947275924Z_118b39d1/ollama_report.txt,quarantine,隔離備份，不作正式流程證據,legacy,,,,,legacy,方法/系統實作：Full-image 多標籤與 Demo,low,
_cleanup_quarantine/20260721T184813963710Z/outputs/full_image_multilabel_gradio_demo/sessions/20260721T180947275924Z_118b39d1/session_audit.json,quarantine,隔離備份，不作正式流程證據,legacy,,,,,legacy,方法/系統實作：Full-image 多標籤與 Demo,low,
_cleanup_quarantine/20260721T184813963710Z/outputs/full_image_multilabel_gradio_demo/ui_test_ollama_unavailable/app_startup_audit.json,quarantine,隔離備份，不作正式流程證據,legacy,,,outputs\\full_image_224_multilabel_seed42\\phase2_patch_transfer\\checkpoints\\full_image_multilabel_patch_transfer.pt; outputs\\full_image_224_multilabel_seed42\\phase2_patch_transfer\\validation_selected_thresholds.json; outputs\\full_image_ground_truth_catalog\\full_image_ground_truth_manifest.csv,outputs\\full_image_224_multilabel_seed42\\phase2_patch_transfer\\checkpoints\\full_image_multilabel_patch_transfer.pt; outputs\\full_image_224_multilabel_seed42\\phase2_patch_transfer\\validation_selected_thresholds.json; outputs\\full_image_ground_truth_catalog\\full_image_ground_truth_manifest.csv,legacy,方法/系統實作：Full-image 多標籤與 Demo,low,
_cleanup_quarantine/20260721T184813963710Z/outputs/patch_roi_ollama_gradio_demo/logs/app_startup_audit.json,quarantine,隔離備份，不作正式流程證據,legacy,,,data\\processed\\bbox_crops_224\\0_aortic_enlargement\\01c2b9fcb0384c84648ed76c736552a8_class0_radR10_bbox0006.png; data\\processed\\bbox_crops_224\\2_pleural_thickening\\492c436c00725c4c909ec6fbc9223b92_class2_radR10_bbox0007.png; data\\processed\\bbox_crops_224\\2_pleural_thickening\\57036d99900dabe66e5294251e3f56de_class2_radR9_bbox0007.png; data\\processed\\bbox_crops_224\\4_pleural_effusion\\02cd1d17763c869ff3d4af5e28539456_class4_radR9_bbox0004.png; data\\processed\\bbox_crops_224\\4_pleural_effusion\\52e2c09b396b3591287d7040a9df8177_class4_radR9_bbox0003.png; outputs\\patch_roi_ollama_gradio_demo\\logs\\app_startup_audit.json; outputs\\patch_roi_ollama_gradio_demo\\logs\\error.log; outputs\\patch_roi_ollama_gradio_demo\\logs\\inference_history.csv; outputs\\patch_roi_ollama_gradio_demo\\logs\\ollama_history.csv; outputs\\raddino_convnext_tiny_patch_experiment_seed42\\phase2_proposed_patch_distilled\\checkpoints\\patch_proposed_convnext_tiny_5class.pt,outputs\\patch_roi_ollama_gradio_demo\\logs\\app_startup_audit.json; outputs\\patch_roi_ollama_gradio_demo\\logs\\error.log; outputs\\patch_roi_ollama_gradio_demo\\logs\\inference_history.csv; outputs\\patch_roi_ollama_gradio_demo\\logs\\ollama_history.csv; outputs\\raddino_convnext_tiny_patch_experiment_seed42\\phase2_proposed_patch_distilled\\checkpoints\\patch_proposed_convnext_tiny_5class.pt,legacy,方法/系統實作：Full-image 多標籤與 Demo,low,
_cleanup_quarantine/20260721T184813963710Z/quarantine_manifest.csv,quarantine,隔離備份，不作正式流程證據,legacy,,,outputs\full_image_multilabel_gradio_demo\sessions\20260721T151221538949Z_b76b9e75\ground_truth_comparison.json; outputs\full_image_multilabel_gradio_demo\sessions\20260721T151221538949Z_b76b9e75\input_metadata.json; outputs\full_image_multilabel_gradio_demo\sessions\20260721T151221538949Z_b76b9e75\model_prediction.csv; outputs\full_image_multilabel_gradio_demo\sessions\20260721T151221538949Z_b76b9e75\model_prediction.json; outputs\full_image_multilabel_gradio_demo\sessions\20260721T151221538949Z_b76b9e75\ollama_audit.json; outputs\full_image_multilabel_gradio_demo\sessions\20260721T151221538949Z_b76b9e75\ollama_report.txt; outputs\full_image_multilabel_gradio_demo\sessions\20260721T151221538949Z_b76b9e75\session_audit.json; outputs\full_image_multilabel_gradio_demo\sessions\20260721T151324848210Z_3114b891\ground_truth_comparison.json; outputs\full_image_multilabel_gradio_demo\sessions\20260721T151324848210Z_3114b891\input_metadata.json; outputs\full_image_multilabel_gradio_demo\sessions\20260721T151324848210Z_3114b891\model_prediction.csv; outputs\full_image_multilabel_gradio_demo\sessions\20260721T151324848210Z_3114b891\model_prediction.json; outputs\full_image_multilabel_gradio_demo\sessions\20260721T151324848210Z_3114b891\ollama_audit.json,outputs\full_image_multilabel_gradio_demo\sessions\20260721T151221538949Z_b76b9e75\ground_truth_comparison.json; outputs\full_image_multilabel_gradio_demo\sessions\20260721T151221538949Z_b76b9e75\input_metadata.json; outputs\full_image_multilabel_gradio_demo\sessions\20260721T151221538949Z_b76b9e75\model_prediction.csv; outputs\full_image_multilabel_gradio_demo\sessions\20260721T151221538949Z_b76b9e75\model_prediction.json; outputs\full_image_multilabel_gradio_demo\sessions\20260721T151221538949Z_b76b9e75\ollama_audit.json; outputs\full_image_multilabel_gradio_demo\sessions\20260721T151221538949Z_b76b9e75\ollama_report.txt; outputs\full_image_multilabel_gradio_demo\sessions\20260721T151221538949Z_b76b9e75\session_audit.json; outputs\full_image_multilabel_gradio_demo\sessions\20260721T151324848210Z_3114b891\ground_truth_comparison.json; outputs\full_image_multilabel_gradio_demo\sessions\20260721T151324848210Z_3114b891\input_metadata.json; outputs\full_image_multilabel_gradio_demo\sessions\20260721T151324848210Z_3114b891\model_prediction.csv; outputs\full_image_multilabel_gradio_demo\sessions\20260721T151324848210Z_3114b891\model_prediction.json; outputs\full_image_multilabel_gradio_demo\sessions\20260721T151324848210Z_3114b891\ollama_audit.json,legacy,,low,
_cleanup_quarantine/20260721T184813963710Z/README_RESTORE.md,quarantine,隔離備份，不作正式流程證據,legacy,,,,,legacy,,low,
_cleanup_quarantine/20260721T184813963710Z/restore_cleanup.py,quarantine,隔離備份，不作正式流程證據,legacy,sha256_file,__future__; csv; hashlib; json; pathlib; shutil,,,legacy,,low,
AGENTS.md,misc,未人工深讀的一般文字/config 檔,unknown,,,docs/thesis/,,僅盤點,,low,
app_full_image_multilabel_ollama_gradio.py,source_code,正式 Full-image 多標籤 Gradio Demo；串接模型推論、Ground Truth、Ollama、session 與 PDF/MD 報告。,formal,utc_now; timestamp_slug; sha256_file; atomic_write_text; atomic_write_json; atomic_write_csv; resolve_path; dependency_versions; port_available; find_port_pids; select_port; check_output_write_permission; patient_info; prediction_csv_row; pure_model_prediction; ground_truth_payload; generate_report_safe; predicted_label_names; build_followup_guidance; ensure_disclaimer; append_followup_guidance; markdown_to_plain_text; report_font; wrapped_pdf_lines; write_report_pdf; html_text; paragraph_html; patient_display_value; predicted_pairs; report_payload_from_prediction; predicted_positive_sentence; markdown_section; remove_technical_report_lines; report_findings_text; clinical_diagnosis_html,PIL; __future__; argparse; csv; datetime; full_image_multilabel_inference_service; full_image_multilabel_ollama_service; full_image_multilabel_report_prompt; gradio; hashlib; html; importlib.metadata; inspect; json; numpy; os; pandas; pathlib; platform; re; shutil; socket; sys; tempfile; textwrap,data.json; data.version; dataframe; dataframe-container; outputs/full_image_224_multilabel_seed42/phase0_dataset/test_manifest.csv; outputs/full_image_224_multilabel_seed42/phase0_dataset/val_manifest.csv; outputs/full_image_multilabel_gradio_demo,outputs/full_image_224_multilabel_seed42/phase0_dataset/test_manifest.csv; outputs/full_image_224_multilabel_seed42/phase0_dataset/val_manifest.csv; outputs/full_image_multilabel_gradio_demo,依正式輸出與/或 launcher/import 關聯判定,方法/系統實作：Full-image 多標籤與 Demo,high,"CLI args=""--project-root"", type=Path, default=PROJECT_DEFAULT; ""--model"", type=Path, default=DEFAULT_MODEL_RELATIVE; ""--thresholds"", type=Path, default=DEFAULT_THRESHOLDS_RELATIVE; ""--catalog"", type=Path, default=DEFAULT_CATALOG_RELATIVE; ""--output-dir"", type=Path, default=DEFAULT_OUTPUT_RELATIVE; ""--device"", default=""auto"""
app_patch_roi_ollama_gradio.py,misc,未人工深讀的一般文字/config 檔,unknown,utc_now; sha256_file; append_csv_locked; append_error; write_json_atomic; dependency_versions; read_validation_examples; parse_ground_truth; classification_log_row; format_outputs; run_demo_request; find_port_pid; port_available; select_server_port; create_startup_audit; build_demo; parse_args; resolve_paths; main,PIL; __future__; argparse; csv; datetime; gradio; hashlib; importlib.metadata; json; numpy; ollama_report_service; os; patch_roi_inference_service; patch_roi_report_prompt; pathlib; platform; socket; sys; threading; time; torch; torchvision; traceback; typing; uuid,data.version; data/processed/bbox_crops_224/0_aortic_enlargement/; datatype; outputs/patch_proposed_class2_class4_validation_demo/selected_validation_samples.csv; outputs/patch_roi_ollama_gradio_demo; outputs/raddino_convnext_tiny_patch_experiment_seed42/,outputs/patch_proposed_class2_class4_validation_demo/selected_validation_samples.csv; outputs/patch_roi_ollama_gradio_demo; outputs/raddino_convnext_tiny_patch_experiment_seed42/,僅盤點,方法/系統實作：Full-image 多標籤與 Demo,low,"CLI args=""--project-root"", type=Path, default=PROJECT_DEFAULT; ""--model"", type=Path, default=DEFAULT_MODEL; ""--output-dir"", type=Path, default=DEFAULT_OUTPUT; ""--device"", default=""auto""; ""--ollama-base-url"", default=""http://127.0.0.1:11434""; ""--ollama-model"", default=""auto"""
config/paths.yaml,misc,未人工深讀的一般文字/config 檔,unknown,,,data\raw\annotations\annotations.csv; data\raw\images; outputs\full_image_224_multilabel_seed42\phase0_dataset\test_manifest.csv; outputs\full_image_224_multilabel_seed42\phase0_dataset\train_manifest.csv; outputs\full_image_224_multilabel_seed42\phase0_dataset\val_manifest.csv; outputs\full_image_224_multilabel_seed42\phase2_patch_transfer\checkpoints\full_image_multilabel_patch_transfer.pt; outputs\full_image_224_multilabel_seed42\phase2_patch_transfer\validation_selected_thresholds.json; outputs\full_image_ground_truth_catalog\demo_images; outputs\full_image_ground_truth_catalog\full_image_ground_truth_manifest.csv; outputs\full_image_multilabel_gradio_demo,outputs\full_image_224_multilabel_seed42\phase0_dataset\test_manifest.csv; outputs\full_image_224_multilabel_seed42\phase0_dataset\train_manifest.csv; outputs\full_image_224_multilabel_seed42\phase0_dataset\val_manifest.csv; outputs\full_image_224_multilabel_seed42\phase2_patch_transfer\checkpoints\full_image_multilabel_patch_transfer.pt; outputs\full_image_224_multilabel_seed42\phase2_patch_transfer\validation_selected_thresholds.json; outputs\full_image_ground_truth_catalog\demo_images; outputs\full_image_ground_truth_catalog\full_image_ground_truth_manifest.csv; outputs\full_image_multilabel_gradio_demo,僅盤點,,low,
data/metadata/full_image_dataset_audit.csv,metadata,資料 metadata / annotation 來源,evidence,,,data\raw\images\0007d316f756b3fa0baea2ff514ce945.png; data\raw\images\00bcb82818ea83d6a86df241762cd7d0.png; data\raw\images\0108949daa13dc94634a7d650a05c0bb.png; data\raw\images\010a3dbb67bc37800a041866844861b1.png; data\raw\images\011ae9520e81f1efe71c9d954ec07d09.png; data\raw\images\01546d3e6175ceaabd7d92f0c566579d.png; data\raw\images\01a3c3d994d85ce5634d2d13c03fd4b0.png; data\raw\images\01c2b9fcb0384c84648ed76c736552a8.png; data\raw\images\0211f9fe31142ba1e25fb6a2ea3fea38.png; data\raw\images\028fcc44d3104099480e897541a1ecc3.png; data\raw\images\02cd1d17763c869ff3d4af5e28539456.png; data\raw\images\02efc4e2e6e71e024fbfecb404a008a4.png,,資料來源檔，需避免修改,方法/系統實作：Full-image 多標籤與 Demo,high,
data/metadata/image_manifest.csv,metadata,資料 metadata / annotation 來源,evidence,,,data\raw\images\0007d316f756b3fa0baea2ff514ce945.png; data\raw\images\00bcb82818ea83d6a86df241762cd7d0.png; data\raw\images\0108949daa13dc94634a7d650a05c0bb.png; data\raw\images\010a3dbb67bc37800a041866844861b1.png; data\raw\images\011ae9520e81f1efe71c9d954ec07d09.png; data\raw\images\01546d3e6175ceaabd7d92f0c566579d.png; data\raw\images\01a3c3d994d85ce5634d2d13c03fd4b0.png; data\raw\images\01c2b9fcb0384c84648ed76c736552a8.png; data\raw\images\0211f9fe31142ba1e25fb6a2ea3fea38.png; data\raw\images\028fcc44d3104099480e897541a1ecc3.png; data\raw\images\02cd1d17763c869ff3d4af5e28539456.png; data\raw\images\02efc4e2e6e71e024fbfecb404a008a4.png,,資料來源檔，需避免修改,,high,
data/metadata/image_sources.csv,metadata,資料 metadata / annotation 來源,evidence,,,data\raw\images,,資料來源檔，需避免修改,,high,
data/raw/annotations/annotations.csv,metadata,資料 metadata / annotation 來源,evidence,,,,,資料來源檔，需避免修改,,high,
docs/final_patch_distillation_project/core_figures_manifest.csv,documentation,文件或既有 audit 報告,supporting_evidence,,,outputs\raddino_convnext_tiny_patch_experiment_seed42\phase1_patch_distillation\figures\patch_cosine_curve.png; outputs\raddino_convnext_tiny_patch_experiment_seed42\phase1_patch_distillation\figures\patch_monitor_mse_curve.png; outputs\raddino_convnext_tiny_three_model_comparison_seed42\figures\class2_class4_confusion_comparison.png; outputs\raddino_convnext_tiny_three_model_comparison_seed42\figures\cluster_bootstrap_ci_macro_f1.png; outputs\raddino_convnext_tiny_three_model_comparison_seed42\figures\confusion_matrix_baseline.png; outputs\raddino_convnext_tiny_three_model_comparison_seed42\figures\confusion_matrix_cls.png; outputs\raddino_convnext_tiny_three_model_comparison_seed42\figures\confusion_matrix_patch.png; outputs\raddino_convnext_tiny_three_model_comparison_seed42\figures\overall_metrics_three_models.png; outputs\raddino_convnext_tiny_three_model_comparison_seed42\figures\per_class_f1_three_models.png; outputs\raddino_convnext_tiny_three_model_comparison_seed42\figures\training_efficiency_three_models.png; outputs\raddino_convnext_tiny_three_model_comparison_seed42\figures\validation_macro_f1_curves.png,outputs\raddino_convnext_tiny_patch_experiment_seed42\phase1_patch_distillation\figures\patch_cosine_curve.png; outputs\raddino_convnext_tiny_patch_experiment_seed42\phase1_patch_distillation\figures\patch_monitor_mse_curve.png; outputs\raddino_convnext_tiny_three_model_comparison_seed42\figures\class2_class4_confusion_comparison.png; outputs\raddino_convnext_tiny_three_model_comparison_seed42\figures\cluster_bootstrap_ci_macro_f1.png; outputs\raddino_convnext_tiny_three_model_comparison_seed42\figures\confusion_matrix_baseline.png; outputs\raddino_convnext_tiny_three_model_comparison_seed42\figures\confusion_matrix_cls.png; outputs\raddino_convnext_tiny_three_model_comparison_seed42\figures\confusion_matrix_patch.png; outputs\raddino_convnext_tiny_three_model_comparison_seed42\figures\overall_metrics_three_models.png; outputs\raddino_convnext_tiny_three_model_comparison_seed42\figures\per_class_f1_three_models.png; outputs\raddino_convnext_tiny_three_model_comparison_seed42\figures\training_efficiency_three_models.png; outputs\raddino_convnext_tiny_three_model_comparison_seed42\figures\validation_macro_f1_curves.png,低於正式 metrics/config，但可作背景與衝突來源,,medium,
docs/final_patch_distillation_project/final_research_report.md,documentation,文件或既有 audit 報告,supporting_evidence,,,outputs/raddino_convnext_tiny_patch_experiment_seed42/phase1_patch_distillation/figures/patch_cosine_curve.png; outputs/raddino_convnext_tiny_patch_experiment_seed42/phase1_patch_distillation/figures/patch_monitor_mse_curve.png; outputs/raddino_convnext_tiny_three_model_comparison_seed42/figures/class2_class4_confusion_comparison.png; outputs/raddino_convnext_tiny_three_model_comparison_seed42/figures/cluster_bootstrap_ci_macro_f1.png; outputs/raddino_convnext_tiny_three_model_comparison_seed42/figures/confusion_matrix_patch.png; outputs/raddino_convnext_tiny_three_model_comparison_seed42/figures/overall_metrics_three_models.png; outputs/raddino_convnext_tiny_three_model_comparison_seed42/figures/per_class_f1_three_models.png; outputs/raddino_convnext_tiny_three_model_comparison_seed42/figures/training_efficiency_three_models.png,outputs/raddino_convnext_tiny_patch_experiment_seed42/phase1_patch_distillation/figures/patch_cosine_curve.png; outputs/raddino_convnext_tiny_patch_experiment_seed42/phase1_patch_distillation/figures/patch_monitor_mse_curve.png; outputs/raddino_convnext_tiny_three_model_comparison_seed42/figures/class2_class4_confusion_comparison.png; outputs/raddino_convnext_tiny_three_model_comparison_seed42/figures/cluster_bootstrap_ci_macro_f1.png; outputs/raddino_convnext_tiny_three_model_comparison_seed42/figures/confusion_matrix_patch.png; outputs/raddino_convnext_tiny_three_model_comparison_seed42/figures/overall_metrics_three_models.png; outputs/raddino_convnext_tiny_three_model_comparison_seed42/figures/per_class_f1_three_models.png; outputs/raddino_convnext_tiny_three_model_comparison_seed42/figures/training_efficiency_three_models.png,低於正式 metrics/config，但可作背景與衝突來源,,medium,
docs/final_patch_distillation_project/presentation_outline.md,documentation,文件或既有 audit 報告,supporting_evidence,,,,,低於正式 metrics/config，但可作背景與衝突來源,,medium,
docs/final_patch_distillation_project/project_final_status.md,documentation,文件或既有 audit 報告,supporting_evidence,,,data/audit; data/processed/bbox_crops; data/raw/annotations/annotations.csv; data/raw/images; docs/final_patch_distillation_project; outputs/raddino_feature_cache/balanced_945_seed42/roi_manifest.csv; outputs/roi_balanced_224/balanced_945_seed42,outputs/raddino_feature_cache/balanced_945_seed42/roi_manifest.csv; outputs/roi_balanced_224/balanced_945_seed42,低於正式 metrics/config，但可作背景與衝突來源,,medium,
docs/final_patch_distillation_project/result_verification_audit.json,documentation,文件或既有 audit 報告,supporting_evidence,,,dataset; outputs/raddino_convnext_tiny_experiment_seed42/phase1_distillation/checkpoints/interrupted.pt.tmp.; outputs\\raddino_convnext_tiny_experiment_seed42\\phase1_distillation\\checkpoints\\interrupted.pt.tmp; outputs\\raddino_convnext_tiny_experiment_seed42\\phase1_distillation\\diagnostics\\phase1_final_audit.json; outputs\\raddino_convnext_tiny_experiment_seed42\\phase2_split\\split_summary.json; outputs\\raddino_convnext_tiny_patch_experiment_seed42\\phase0_patch_teacher_cache\\teacher_patch_feature_metadata.json; outputs\\raddino_convnext_tiny_patch_experiment_seed42\\phase1_patch_distillation\\diagnostics\\phase1_patch_final_audit.json; outputs\\raddino_convnext_tiny_patch_experiment_seed42\\phase1_patch_distillation\\metrics\\phase1_patch_metrics.csv; outputs\\raddino_convnext_tiny_three_model_comparison_seed42\\comparison_summary.json; outputs\\raddino_convnext_tiny_three_model_comparison_seed42\\layernorm_initialization_audit.json; outputs\\raddino_convnext_tiny_three_model_comparison_seed42\\predictions\\paired_three_model_test_predictions.csv; outputs\\raddino_convnext_tiny_three_model_comparison_seed42\\statistics\\cluster_bootstrap_results.csv,outputs/raddino_convnext_tiny_experiment_seed42/phase1_distillation/checkpoints/interrupted.pt.tmp.; outputs\\raddino_convnext_tiny_experiment_seed42\\phase1_distillation\\checkpoints\\interrupted.pt.tmp; outputs\\raddino_convnext_tiny_experiment_seed42\\phase1_distillation\\diagnostics\\phase1_final_audit.json; outputs\\raddino_convnext_tiny_experiment_seed42\\phase2_split\\split_summary.json; outputs\\raddino_convnext_tiny_patch_experiment_seed42\\phase0_patch_teacher_cache\\teacher_patch_feature_metadata.json; outputs\\raddino_convnext_tiny_patch_experiment_seed42\\phase1_patch_distillation\\diagnostics\\phase1_patch_final_audit.json; outputs\\raddino_convnext_tiny_patch_experiment_seed42\\phase1_patch_distillation\\metrics\\phase1_patch_metrics.csv; outputs\\raddino_convnext_tiny_three_model_comparison_seed42\\comparison_summary.json; outputs\\raddino_convnext_tiny_three_model_comparison_seed42\\layernorm_initialization_audit.json; outputs\\raddino_convnext_tiny_three_model_comparison_seed42\\predictions\\paired_three_model_test_predictions.csv; outputs\\raddino_convnext_tiny_three_model_comparison_seed42\\statistics\\cluster_bootstrap_results.csv; outputs\\raddino_convnext_tiny_three_model_comparison_seed42\\statistics\\mcnemar_holm_adjusted.csv,低於正式 metrics/config，但可作背景與衝突來源,,medium,
docs/final_patch_distillation_project/teacher_meeting_summary.md,documentation,文件或既有 audit 報告,supporting_evidence,,,,,低於正式 metrics/config，但可作背景與衝突來源,,medium,
docs/final_patch_distillation_project/teacher_oral_script_10min.md,documentation,文件或既有 audit 報告,supporting_evidence,,,,,低於正式 metrics/config，但可作背景與衝突來源,,medium,
docs/final_patch_distillation_project/teacher_oral_script_5min.md,documentation,文件或既有 audit 報告,supporting_evidence,,,,,低於正式 metrics/config，但可作背景與衝突來源,,medium,
docs/final_patch_distillation_project/terminology_explanation.md,documentation,文件或既有 audit 報告,supporting_evidence,,,,,低於正式 metrics/config，但可作背景與衝突來源,,medium,
docs/patch_roi_ollama_gradio_demo/demo_status.json,documentation,文件或既有 audit 報告,supporting_evidence,,,,,低於正式 metrics/config，但可作背景與衝突來源,方法/系統實作：Full-image 多標籤與 Demo,medium,
docs/patch_roi_ollama_gradio_demo/OLLAMA_SETUP.md,documentation,文件或既有 audit 報告,supporting_evidence,,,,,低於正式 metrics/config，但可作背景與衝突來源,方法/系統實作：Full-image 多標籤與 Demo,medium,
docs/patch_roi_ollama_gradio_demo/PROMPT_POLICY.md,documentation,文件或既有 audit 報告,supporting_evidence,,,,,低於正式 metrics/config，但可作背景與衝突來源,方法/系統實作：Full-image 多標籤與 Demo,medium,
docs/patch_roi_ollama_gradio_demo/README.md,documentation,文件或既有 audit 報告,supporting_evidence,,,outputs/raddino_convnext_tiny_patch_experiment_seed42/phase2_proposed_patch_distilled/checkpoints/patch_proposed_convnext_tiny_5class.pt; outputs\patch_roi_ollama_gradio_demo; outputs\raddino_convnext_tiny_patch_experiment_seed42\phase2_proposed_patch_distilled\checkpoints\patch_proposed_convnext_tiny_5class.pt,outputs/raddino_convnext_tiny_patch_experiment_seed42/phase2_proposed_patch_distilled/checkpoints/patch_proposed_convnext_tiny_5class.pt; outputs\patch_roi_ollama_gradio_demo; outputs\raddino_convnext_tiny_patch_experiment_seed42\phase2_proposed_patch_distilled\checkpoints\patch_proposed_convnext_tiny_5class.pt,低於正式 metrics/config，但可作背景與衝突來源,方法/系統實作：Full-image 多標籤與 Demo,medium,
docs/patch_roi_ollama_gradio_demo/TECHNICAL_AUDIT.md,documentation,文件或既有 audit 報告,supporting_evidence,,,,,低於正式 metrics/config，但可作背景與衝突來源,方法/系統實作：Full-image 多標籤與 Demo,medium,
docs/patch_roi_ollama_gradio_demo/USER_GUIDE.md,documentation,文件或既有 audit 報告,supporting_evidence,,,outputs/patch_roi_ollama_gradio_demo/logs/error.log,outputs/patch_roi_ollama_gradio_demo/logs/error.log,低於正式 metrics/config，但可作背景與衝突來源,方法/系統實作：Full-image 多標籤與 Demo,medium,
docs/project3_independence_audit/callback_validation_report.json,documentation,文件或既有 audit 報告,supporting_evidence,,,data\\raw\\images\\010a3dbb67bc37800a041866844861b1.png; outputs\\full_image_multilabel_gradio_demo\\sessions\\20260722T170032933007Z_1c9e5d4b; outputs\\full_image_multilabel_gradio_demo\\sessions\\20260722T170040257307Z_b61f23f2; outputs\\full_image_multilabel_gradio_demo\\sessions\\20260722T170040573233Z_168c0712,outputs\\full_image_multilabel_gradio_demo\\sessions\\20260722T170032933007Z_1c9e5d4b; outputs\\full_image_multilabel_gradio_demo\\sessions\\20260722T170040257307Z_b61f23f2; outputs\\full_image_multilabel_gradio_demo\\sessions\\20260722T170040573233Z_168c0712,低於正式 metrics/config，但可作背景與衝突來源,,medium,
docs/project3_independence_audit/missing_path_mappings.csv,documentation,文件或既有 audit 報告,supporting_evidence,,,,,低於正式 metrics/config，但可作背景與衝突來源,,medium,
docs/project3_independence_audit/old_path_reference_scan.csv,documentation,文件或既有 audit 報告,supporting_evidence,,,config\paths.yaml; data\metadata\image_manifest.csv; data\raw; data\raw\dicom_files; data\raw\dicom_files\0007d316f756b3fa0baea2ff514ce945.dicom; data\raw\dicom_files\00bcb82818ea83d6a86df241762cd7d0.dicom; data\raw\dicom_files\0108949daa13dc94634a7d650a05c0bb.dicom; data\raw\dicom_files\010a3dbb67bc37800a041866844861b1.dicom; data\raw\dicom_files\011ae9520e81f1efe71c9d954ec07d09.dicom; data\raw\dicom_files\01546d3e6175ceaabd7d92f0c566579d.dicom; data\raw\dicom_files\01a3c3d994d85ce5634d2d13c03fd4b0.dicom; data\raw\dicom_files\01c2b9fcb0384c84648ed76c736552a8.dicom,,低於正式 metrics/config，但可作背景與衝突來源,,medium,
docs/project3_independence_audit/old_path_reference_scan.json,documentation,文件或既有 audit 報告,supporting_evidence,,,config\\paths.yaml; data\\metadata\\image_manifest.csv; data\\raw; data\\raw\\dicom_files; data\\raw\\dicom_files\\0007d316f756b3fa0baea2ff514ce945.dicom; data\\raw\\dicom_files\\00bcb82818ea83d6a86df241762cd7d0.dicom; data\\raw\\dicom_files\\0108949daa13dc94634a7d650a05c0bb.dicom; data\\raw\\dicom_files\\010a3dbb67bc37800a041866844861b1.dicom; data\\raw\\dicom_files\\011ae9520e81f1efe71c9d954ec07d09.dicom; data\\raw\\dicom_files\\01546d3e6175ceaabd7d92f0c566579d.dicom; data\\raw\\dicom_files\\01a3c3d994d85ce5634d2d13c03fd4b0.dicom; data\\raw\\dicom_files\\01c2b9fcb0384c84648ed76c736552a8.dicom,,低於正式 metrics/config，但可作背景與衝突來源,,medium,
docs/project3_independence_audit/old_path_reference_scan_after.json,documentation,文件或既有 audit 報告,supporting_evidence,,,config\\paths.yaml; data\\metadata\\image_manifest.csv; data\\raw; data\\raw\\dicom_files; data\\raw\\dicom_files\\0007d316f756b3fa0baea2ff514ce945.dicom; data\\raw\\dicom_files\\00bcb82818ea83d6a86df241762cd7d0.dicom; data\\raw\\dicom_files\\0108949daa13dc94634a7d650a05c0bb.dicom; data\\raw\\dicom_files\\010a3dbb67bc37800a041866844861b1.dicom; data\\raw\\dicom_files\\011ae9520e81f1efe71c9d954ec07d09.dicom; data\\raw\\dicom_files\\01546d3e6175ceaabd7d92f0c566579d.dicom; data\\raw\\dicom_files\\01a3c3d994d85ce5634d2d13c03fd4b0.dicom; data\\raw\\dicom_files\\01c2b9fcb0384c84648ed76c736552a8.dicom,,低於正式 metrics/config，但可作背景與衝突來源,,medium,
docs/project3_independence_audit/old_path_reference_scan_final.json,documentation,文件或既有 audit 報告,supporting_evidence,,,docs\\project3_independence_audit\\old_path_reference_scan.csv,,低於正式 metrics/config，但可作背景與衝突來源,,medium,
docs/project3_independence_audit/path_rewrite_map.csv,documentation,文件或既有 audit 報告,supporting_evidence,,,data\metadata\image_manifest.csv; data\raw\dicom_files\0007d316f756b3fa0baea2ff514ce945.dicom; data\raw\dicom_files\00bcb82818ea83d6a86df241762cd7d0.dicom; data\raw\dicom_files\0108949daa13dc94634a7d650a05c0bb.dicom; data\raw\dicom_files\010a3dbb67bc37800a041866844861b1.dicom; data\raw\dicom_files\011ae9520e81f1efe71c9d954ec07d09.dicom; data\raw\dicom_files\01546d3e6175ceaabd7d92f0c566579d.dicom; data\raw\dicom_files\01a3c3d994d85ce5634d2d13c03fd4b0.dicom; data\raw\dicom_files\01c2b9fcb0384c84648ed76c736552a8.dicom; data\raw\dicom_files\0211f9fe31142ba1e25fb6a2ea3fea38.dicom; data\raw\dicom_files\028fcc44d3104099480e897541a1ecc3.dicom; data\raw\dicom_files\02cd1d17763c869ff3d4af5e28539456.dicom,,低於正式 metrics/config，但可作背景與衝突來源,,medium,
docs/project3_independence_audit/path_rewrite_summary.json,documentation,文件或既有 audit 報告,supporting_evidence,,,docs\\project3_independence_audit\\missing_path_mappings.csv; docs\\project3_independence_audit\\path_rewrite_map.csv,,低於正式 metrics/config，但可作背景與衝突來源,,medium,
docs/project3_independence_audit/resource_integrity_report.json,documentation,文件或既有 audit 報告,supporting_evidence,,,outputs\\full_image_224_multilabel_seed42\\phase0_dataset\\test_manifest.csv; outputs\\full_image_224_multilabel_seed42\\phase0_dataset\\train_manifest.csv; outputs\\full_image_224_multilabel_seed42\\phase0_dataset\\val_manifest.csv; outputs\\full_image_224_multilabel_seed42\\phase2_patch_transfer\\checkpoints\\full_image_multilabel_patch_transfer.pt; outputs\\full_image_224_multilabel_seed42\\phase2_patch_transfer\\validation_selected_thresholds.json; outputs\\full_image_ground_truth_catalog\\demo_images; outputs\\full_image_ground_truth_catalog\\demo_images\\01__91e721ea0143333c5efe5dfb8ca98746__GT_labels_0-1-2-3-4.png; outputs\\full_image_ground_truth_catalog\\demo_images\\02__a77bfe2433adc567669ac27ed874b0ed__GT_labels_0-1-2-3-4.png; outputs\\full_image_ground_truth_catalog\\demo_images\\03__e2f74cb96fb90ec20839f4ff497c007f__GT_labels_0-1-2-3-4.png; outputs\\full_image_ground_truth_catalog\\demo_images\\04__74292e695d6b5868b89acf26363ee93e__GT_labels_0-1-2-3-4.png; outputs\\full_image_ground_truth_catalog\\demo_images\\05__ce51a9ef3a4afc873a483972c2264c2f__GT_labels_0-1-2-3-4.png; outputs\\full_image_ground_truth_catalog\\full_image_ground_truth_manifest.csv,outputs\\full_image_224_multilabel_seed42\\phase0_dataset\\test_manifest.csv; outputs\\full_image_224_multilabel_seed42\\phase0_dataset\\train_manifest.csv; outputs\\full_image_224_multilabel_seed42\\phase0_dataset\\val_manifest.csv; outputs\\full_image_224_multilabel_seed42\\phase2_patch_transfer\\checkpoints\\full_image_multilabel_patch_transfer.pt; outputs\\full_image_224_multilabel_seed42\\phase2_patch_transfer\\validation_selected_thresholds.json; outputs\\full_image_ground_truth_catalog\\demo_images; outputs\\full_image_ground_truth_catalog\\demo_images\\01__91e721ea0143333c5efe5dfb8ca98746__GT_labels_0-1-2-3-4.png; outputs\\full_image_ground_truth_catalog\\demo_images\\02__a77bfe2433adc567669ac27ed874b0ed__GT_labels_0-1-2-3-4.png; outputs\\full_image_ground_truth_catalog\\demo_images\\03__e2f74cb96fb90ec20839f4ff497c007f__GT_labels_0-1-2-3-4.png; outputs\\full_image_ground_truth_catalog\\demo_images\\04__74292e695d6b5868b89acf26363ee93e__GT_labels_0-1-2-3-4.png; outputs\\full_image_ground_truth_catalog\\demo_images\\05__ce51a9ef3a4afc873a483972c2264c2f__GT_labels_0-1-2-3-4.png; outputs\\full_image_ground_truth_catalog\\full_image_ground_truth_manifest.csv,低於正式 metrics/config，但可作背景與衝突來源,,medium,
docs/project3_independence_audit/server_runtime_validation_report.json,documentation,文件或既有 audit 報告,supporting_evidence,,,config_http_200; config_title,,低於正式 metrics/config，但可作背景與衝突來源,,medium,
docs/project3_independence_audit/upload_endpoint_validation_report.json,documentation,文件或既有 audit 報告,supporting_evidence,,,outputs\\full_image_multilabel_gradio_demo\\sessions\\20260722T170421121646Z_a60ae9fe,outputs\\full_image_multilabel_gradio_demo\\sessions\\20260722T170421121646Z_a60ae9fe,低於正式 metrics/config，但可作背景與衝突來源,,medium,
docs/project_cleanup_audit/cleanup_actions.csv,documentation,文件或既有 audit 報告,supporting_evidence,,,data\__pycache__; data\__pycache__\audit_full_image_single_label_dataset.cpython-312.pyc; data\__pycache__\common.cpython-312.pyc; outputs\full_image_multilabel_gradio_demo\sessions\20260721T145242536147Z_b503824b; outputs\full_image_multilabel_gradio_demo\sessions\20260721T151221538949Z_b76b9e75; outputs\full_image_multilabel_gradio_demo\sessions\20260721T151324848210Z_3114b891; outputs\full_image_multilabel_gradio_demo\sessions\20260721T152003656330Z_6ae70e65; outputs\full_image_multilabel_gradio_demo\sessions\20260721T152330337349Z_a2defe2a; outputs\full_image_multilabel_gradio_demo\sessions\20260721T153121710223Z_25f0c599; outputs\full_image_multilabel_gradio_demo\sessions\20260721T155325001459Z_bac1f639; outputs\full_image_multilabel_gradio_demo\sessions\20260721T160018617622Z_c9983241; outputs\full_image_multilabel_gradio_demo\sessions\20260721T160053026741Z_b579a6b4,outputs\full_image_multilabel_gradio_demo\sessions\20260721T145242536147Z_b503824b; outputs\full_image_multilabel_gradio_demo\sessions\20260721T151221538949Z_b76b9e75; outputs\full_image_multilabel_gradio_demo\sessions\20260721T151324848210Z_3114b891; outputs\full_image_multilabel_gradio_demo\sessions\20260721T152003656330Z_6ae70e65; outputs\full_image_multilabel_gradio_demo\sessions\20260721T152330337349Z_a2defe2a; outputs\full_image_multilabel_gradio_demo\sessions\20260721T153121710223Z_25f0c599; outputs\full_image_multilabel_gradio_demo\sessions\20260721T155325001459Z_bac1f639; outputs\full_image_multilabel_gradio_demo\sessions\20260721T160018617622Z_c9983241; outputs\full_image_multilabel_gradio_demo\sessions\20260721T160053026741Z_b579a6b4; outputs\full_image_multilabel_gradio_demo\sessions\20260721T160115072410Z_02fe83cb; outputs\full_image_multilabel_gradio_demo\sessions\20260721T160637073100Z_0ebec276; outputs\full_image_multilabel_gradio_demo\sessions\20260721T162103318878Z_b463a7d5,低於正式 metrics/config，但可作背景與衝突來源,,medium,
docs/project_cleanup_audit/cleanup_after.md,documentation,文件或既有 audit 報告,supporting_evidence,,,docs\final_patch_distillation_project\final_research_report.html; outputs\full_image_224_multilabel_seed42\phase2_patch_transfer\checkpoints\full_image_multilabel_patch_transfer.pt; outputs\full_image_224_multilabel_seed42\phase2_patch_transfer\validation_selected_thresholds.json; outputs\full_image_multilabel_gradio_demo\smoke_test_audit.json; outputs\raddino_convnext_tiny_patch_experiment_seed42\phase2_proposed_patch_distilled\checkpoints\patch_proposed_convnext_tiny_5class.pt,outputs\full_image_224_multilabel_seed42\phase2_patch_transfer\checkpoints\full_image_multilabel_patch_transfer.pt; outputs\full_image_224_multilabel_seed42\phase2_patch_transfer\validation_selected_thresholds.json; outputs\full_image_multilabel_gradio_demo\smoke_test_audit.json; outputs\raddino_convnext_tiny_patch_experiment_seed42\phase2_proposed_patch_distilled\checkpoints\patch_proposed_convnext_tiny_5class.pt,低於正式 metrics/config，但可作背景與衝突來源,,medium,
docs/project_cleanup_audit/cleanup_before.md,documentation,文件或既有 audit 報告,supporting_evidence,,,docs\final_patch_distillation_project\final_research_report.html; outputs\full_image_224_multilabel_seed42\phase2_patch_transfer\checkpoints\full_image_multilabel_patch_transfer.pt; outputs\full_image_224_multilabel_seed42\phase2_patch_transfer\validation_selected_thresholds.json; outputs\full_image_multilabel_gradio_demo\smoke_test_audit.json; outputs\raddino_convnext_tiny_patch_experiment_seed42\phase2_proposed_patch_distilled\checkpoints\patch_proposed_convnext_tiny_5class.pt,outputs\full_image_224_multilabel_seed42\phase2_patch_transfer\checkpoints\full_image_multilabel_patch_transfer.pt; outputs\full_image_224_multilabel_seed42\phase2_patch_transfer\validation_selected_thresholds.json; outputs\full_image_multilabel_gradio_demo\smoke_test_audit.json; outputs\raddino_convnext_tiny_patch_experiment_seed42\phase2_proposed_patch_distilled\checkpoints\patch_proposed_convnext_tiny_5class.pt,低於正式 metrics/config，但可作背景與衝突來源,,medium,
docs/project_cleanup_audit/deleted_cache_files.csv,documentation,文件或既有 audit 報告,supporting_evidence,,,data\__pycache__; data\__pycache__\audit_full_image_single_label_dataset.cpython-312.pyc; data\__pycache__\common.cpython-312.pyc,,低於正式 metrics/config，但可作背景與衝突來源,,medium,
docs/project_cleanup_audit/deleted_smoke_sessions.csv,documentation,文件或既有 audit 報告,supporting_evidence,,,outputs\full_image_multilabel_gradio_demo\sessions\20260721T145242536147Z_b503824b; outputs\full_image_multilabel_gradio_demo\sessions\20260721T153121710223Z_25f0c599; outputs\full_image_multilabel_gradio_demo\sessions\20260721T155325001459Z_bac1f639; outputs\full_image_multilabel_gradio_demo\sessions\20260721T162103318878Z_b463a7d5; outputs\full_image_multilabel_gradio_demo\sessions\20260721T162926664398Z_ec6470d3; outputs\full_image_multilabel_gradio_demo\sessions\20260721T165050863915Z_f00009b5; outputs\full_image_multilabel_gradio_demo\sessions\20260721T165410357067Z_b61b9d57; outputs\full_image_multilabel_gradio_demo\sessions\20260721T165902937239Z_d4b6b0a9; outputs\full_image_multilabel_gradio_demo\sessions\20260721T175146347359Z_3cd4f9c9,outputs\full_image_multilabel_gradio_demo\sessions\20260721T145242536147Z_b503824b; outputs\full_image_multilabel_gradio_demo\sessions\20260721T153121710223Z_25f0c599; outputs\full_image_multilabel_gradio_demo\sessions\20260721T155325001459Z_bac1f639; outputs\full_image_multilabel_gradio_demo\sessions\20260721T162103318878Z_b463a7d5; outputs\full_image_multilabel_gradio_demo\sessions\20260721T162926664398Z_ec6470d3; outputs\full_image_multilabel_gradio_demo\sessions\20260721T165050863915Z_f00009b5; outputs\full_image_multilabel_gradio_demo\sessions\20260721T165410357067Z_b61b9d57; outputs\full_image_multilabel_gradio_demo\sessions\20260721T165902937239Z_d4b6b0a9; outputs\full_image_multilabel_gradio_demo\sessions\20260721T175146347359Z_3cd4f9c9,低於正式 metrics/config，但可作背景與衝突來源,,medium,
docs/project_cleanup_audit/manual_review_candidates.csv,documentation,文件或既有 audit 報告,supporting_evidence,,,,,低於正式 metrics/config，但可作背景與衝突來源,,medium,
docs/project_cleanup_audit/quarantined_files.csv,documentation,文件或既有 audit 報告,supporting_evidence,,,outputs\full_image_multilabel_gradio_demo\sessions\20260721T151221538949Z_b76b9e75; outputs\full_image_multilabel_gradio_demo\sessions\20260721T151324848210Z_3114b891; outputs\full_image_multilabel_gradio_demo\sessions\20260721T152003656330Z_6ae70e65; outputs\full_image_multilabel_gradio_demo\sessions\20260721T152330337349Z_a2defe2a; outputs\full_image_multilabel_gradio_demo\sessions\20260721T160018617622Z_c9983241; outputs\full_image_multilabel_gradio_demo\sessions\20260721T160053026741Z_b579a6b4; outputs\full_image_multilabel_gradio_demo\sessions\20260721T160115072410Z_02fe83cb; outputs\full_image_multilabel_gradio_demo\sessions\20260721T160637073100Z_0ebec276; outputs\full_image_multilabel_gradio_demo\sessions\20260721T162432532865Z_b9a8506e; outputs\full_image_multilabel_gradio_demo\sessions\20260721T163158634376Z_24690123; outputs\full_image_multilabel_gradio_demo\sessions\20260721T170230911113Z_e3d21a0f; outputs\full_image_multilabel_gradio_demo\sessions\20260721T172535937981Z_8dd966ee,outputs\full_image_multilabel_gradio_demo\sessions\20260721T151221538949Z_b76b9e75; outputs\full_image_multilabel_gradio_demo\sessions\20260721T151324848210Z_3114b891; outputs\full_image_multilabel_gradio_demo\sessions\20260721T152003656330Z_6ae70e65; outputs\full_image_multilabel_gradio_demo\sessions\20260721T152330337349Z_a2defe2a; outputs\full_image_multilabel_gradio_demo\sessions\20260721T160018617622Z_c9983241; outputs\full_image_multilabel_gradio_demo\sessions\20260721T160053026741Z_b579a6b4; outputs\full_image_multilabel_gradio_demo\sessions\20260721T160115072410Z_02fe83cb; outputs\full_image_multilabel_gradio_demo\sessions\20260721T160637073100Z_0ebec276; outputs\full_image_multilabel_gradio_demo\sessions\20260721T162432532865Z_b9a8506e; outputs\full_image_multilabel_gradio_demo\sessions\20260721T163158634376Z_24690123; outputs\full_image_multilabel_gradio_demo\sessions\20260721T170230911113Z_e3d21a0f; outputs\full_image_multilabel_gradio_demo\sessions\20260721T172535937981Z_8dd966ee,低於正式 metrics/config，但可作背景與衝突來源,,medium,
outputs/full_image_224_multilabel_seed42/phase0_dataset/dataset_integrity_audit.json,formal_output,既有輸出證據檔；本次僅讀取不覆蓋,evidence,,,data\\raw\\annotations\\annotations.csv; data\\raw\\images,,正式性依所在實驗資料夾與欄位內容判定,方法/系統實作：Full-image 多標籤與 Demo,high,
outputs/full_image_224_multilabel_seed42/phase0_dataset/dataset_metadata.json,formal_output,既有輸出證據檔；本次僅讀取不覆蓋,evidence,,,,,正式性依所在實驗資料夾與欄位內容判定,方法/系統實作：Full-image 多標籤與 Demo,high,
outputs/full_image_224_multilabel_seed42/phase0_dataset/full_image_multilabel_master_manifest.csv,formal_output,既有輸出證據檔；本次僅讀取不覆蓋,evidence,,,data\raw\images\0007d316f756b3fa0baea2ff514ce945.png; data\raw\images\00bcb82818ea83d6a86df241762cd7d0.png; data\raw\images\0108949daa13dc94634a7d650a05c0bb.png; data\raw\images\010a3dbb67bc37800a041866844861b1.png; data\raw\images\011ae9520e81f1efe71c9d954ec07d09.png; data\raw\images\01546d3e6175ceaabd7d92f0c566579d.png; data\raw\images\01a3c3d994d85ce5634d2d13c03fd4b0.png; data\raw\images\01c2b9fcb0384c84648ed76c736552a8.png; data\raw\images\0211f9fe31142ba1e25fb6a2ea3fea38.png; data\raw\images\028fcc44d3104099480e897541a1ecc3.png; data\raw\images\02cd1d17763c869ff3d4af5e28539456.png; data\raw\images\02efc4e2e6e71e024fbfecb404a008a4.png,,正式性依所在實驗資料夾與欄位內容判定,方法/系統實作：Full-image 多標籤與 Demo,high,
outputs/full_image_224_multilabel_seed42/phase0_dataset/preprocessing_spec.json,formal_output,既有輸出證據檔；本次僅讀取不覆蓋,evidence,,,,,正式性依所在實驗資料夾與欄位內容判定,方法/系統實作：Full-image 多標籤與 Demo,high,
outputs/full_image_224_multilabel_seed42/phase0_dataset/split_leakage_audit.json,formal_output,既有輸出證據檔；本次僅讀取不覆蓋,evidence,,,,,正式性依所在實驗資料夾與欄位內容判定,方法/系統實作：Full-image 多標籤與 Demo,high,
outputs/full_image_224_multilabel_seed42/phase0_dataset/test_manifest.csv,formal_output,既有輸出證據檔；本次僅讀取不覆蓋,evidence,,,data\raw\images\00bcb82818ea83d6a86df241762cd7d0.png; data\raw\images\011ae9520e81f1efe71c9d954ec07d09.png; data\raw\images\0211f9fe31142ba1e25fb6a2ea3fea38.png; data\raw\images\07ab6d47d868962851d22d4d1249593d.png; data\raw\images\0c25b330d5b20498108b343c644f2a1c.png; data\raw\images\0c31081e8ada2990bcbef0f12ea60b07.png; data\raw\images\0c7d2e66dd63fca8b98c38146ba96f6c.png; data\raw\images\0ee6114a53757f4531d42e8b19b4751c.png; data\raw\images\10e7dac260f11046164aa94f2d8add9f.png; data\raw\images\1280dc55c1ff852024be232c2942e3fd.png; data\raw\images\1374c483d258203eadf6c6a525899d51.png; data\raw\images\1b2a7adb5705d9e3f5b63939046d93c7.png,,正式性依所在實驗資料夾與欄位內容判定,方法/系統實作：Full-image 多標籤與 Demo,high,
outputs/full_image_224_multilabel_seed42/phase0_dataset/train_manifest.csv,formal_output,既有輸出證據檔；本次僅讀取不覆蓋,evidence,,,data\raw\images\0007d316f756b3fa0baea2ff514ce945.png; data\raw\images\0108949daa13dc94634a7d650a05c0bb.png; data\raw\images\01546d3e6175ceaabd7d92f0c566579d.png; data\raw\images\01a3c3d994d85ce5634d2d13c03fd4b0.png; data\raw\images\01c2b9fcb0384c84648ed76c736552a8.png; data\raw\images\028fcc44d3104099480e897541a1ecc3.png; data\raw\images\02cd1d17763c869ff3d4af5e28539456.png; data\raw\images\02efc4e2e6e71e024fbfecb404a008a4.png; data\raw\images\03431b577d1ccf075e930c4c4913c079.png; data\raw\images\03a6078c0c12fb076b50ae017e590e19.png; data\raw\images\03cd593a310656563a5aa3886ff30380.png; data\raw\images\0452d38f45e4e79f91821e88bb812608.png,,正式性依所在實驗資料夾與欄位內容判定,方法/系統實作：Full-image 多標籤與 Demo,high,
outputs/full_image_224_multilabel_seed42/phase0_dataset/val_manifest.csv,formal_output,既有輸出證據檔；本次僅讀取不覆蓋,evidence,,,data\raw\images\010a3dbb67bc37800a041866844861b1.png; data\raw\images\0339aac16e3dd93ee397315a224147a6.png; data\raw\images\039c6997248b3a6ba3c909af35fce0eb.png; data\raw\images\053700069ddf3c4f1f6c477a48337836.png; data\raw\images\0797fa5e2725c9b801e6d01cfa9a09da.png; data\raw\images\0a2d01ecb9e01cf972c1e1d31ccacb98.png; data\raw\images\0b22826cc68b8d3177c5be2f4e1ae720.png; data\raw\images\0c0e47b7e0ebd10209a81d01e3c889a6.png; data\raw\images\0c76c19b3f015e0387dd2adcbef86182.png; data\raw\images\1283d5ba97663aef3b97ee4f1884e9f9.png; data\raw\images\1691ab3a82040297355b59a34c1e3fa9.png; data\raw\images\1722c7262a821be25de56e351d641993.png,,正式性依所在實驗資料夾與欄位內容判定,方法/系統實作：Full-image 多標籤與 Demo,high,
outputs/full_image_224_multilabel_seed42/phase2_patch_transfer/dataset_integrity_audit.json,formal_output,既有輸出證據檔；本次僅讀取不覆蓋,evidence,,,,,正式性依所在實驗資料夾與欄位內容判定,方法/系統實作：Full-image 多標籤與 Demo,high,
outputs/full_image_224_multilabel_seed42/phase2_patch_transfer/dry_run_audit.json,formal_output,既有輸出證據檔；本次僅讀取不覆蓋,evidence,,,dataset_integrity,,正式性依所在實驗資料夾與欄位內容判定,方法/系統實作：Full-image 多標籤與 Demo,high,
outputs/full_image_224_multilabel_seed42/phase2_patch_transfer/environment.json,formal_output,既有輸出證據檔；本次僅讀取不覆蓋,evidence,,,,,正式性依所在實驗資料夾與欄位內容判定,方法/系統實作：Full-image 多標籤與 Demo,high,
outputs/full_image_224_multilabel_seed42/phase2_patch_transfer/initialization_audit.json,formal_output,既有輸出證據檔；本次僅讀取不覆蓋,evidence,,,outputs\\raddino_convnext_tiny_patch_experiment_seed42\\phase2_proposed_patch_distilled\\checkpoints\\patch_proposed_convnext_tiny_5class.pt,outputs\\raddino_convnext_tiny_patch_experiment_seed42\\phase2_proposed_patch_distilled\\checkpoints\\patch_proposed_convnext_tiny_5class.pt,正式性依所在實驗資料夾與欄位內容判定,方法/系統實作：Full-image 多標籤與 Demo,high,
outputs/full_image_224_multilabel_seed42/phase2_patch_transfer/per_class_test_metrics.csv,formal_output,既有輸出證據檔；本次僅讀取不覆蓋,evidence,,,,,正式性依所在實驗資料夾與欄位內容判定,方法/系統實作：Full-image 多標籤與 Demo,high,
outputs/full_image_224_multilabel_seed42/phase2_patch_transfer/smoke_test_audit.json,formal_output,既有輸出證據檔；本次僅讀取不覆蓋,evidence,,,dataset_integrity; outputs\\raddino_convnext_tiny_patch_experiment_seed42\\phase2_proposed_patch_distilled\\checkpoints\\patch_proposed_convnext_tiny_5class.pt,outputs\\raddino_convnext_tiny_patch_experiment_seed42\\phase2_proposed_patch_distilled\\checkpoints\\patch_proposed_convnext_tiny_5class.pt,正式性依所在實驗資料夾與欄位內容判定,方法/系統實作：Full-image 多標籤與 Demo,high,
outputs/full_image_224_multilabel_seed42/phase2_patch_transfer/summary.md,formal_output,既有輸出證據檔；本次僅讀取不覆蓋,evidence,,,,,正式性依所在實驗資料夾與欄位內容判定,方法/系統實作：Full-image 多標籤與 Demo,high,
outputs/full_image_224_multilabel_seed42/phase2_patch_transfer/test_evaluation_audit.json,formal_output,既有輸出證據檔；本次僅讀取不覆蓋,evidence,,,dataloader_worker_shutdown,,正式性依所在實驗資料夾與欄位內容判定,方法/系統實作：Full-image 多標籤與 Demo,high,
outputs/full_image_224_multilabel_seed42/phase2_patch_transfer/test_metrics.json,formal_output,既有輸出證據檔；本次僅讀取不覆蓋,evidence,,,,,正式性依所在實驗資料夾與欄位內容判定,方法/系統實作：Full-image 多標籤與 Demo,high,
outputs/full_image_224_multilabel_seed42/phase2_patch_transfer/test_predictions.csv,formal_output,既有輸出證據檔；本次僅讀取不覆蓋,evidence,,,data\raw\images\00bcb82818ea83d6a86df241762cd7d0.png; data\raw\images\011ae9520e81f1efe71c9d954ec07d09.png; data\raw\images\0211f9fe31142ba1e25fb6a2ea3fea38.png; data\raw\images\07ab6d47d868962851d22d4d1249593d.png; data\raw\images\0c25b330d5b20498108b343c644f2a1c.png; data\raw\images\0c31081e8ada2990bcbef0f12ea60b07.png; data\raw\images\0c7d2e66dd63fca8b98c38146ba96f6c.png; data\raw\images\0ee6114a53757f4531d42e8b19b4751c.png; data\raw\images\10e7dac260f11046164aa94f2d8add9f.png; data\raw\images\1280dc55c1ff852024be232c2942e3fd.png; data\raw\images\1374c483d258203eadf6c6a525899d51.png; data\raw\images\1b2a7adb5705d9e3f5b63939046d93c7.png,,正式性依所在實驗資料夾與欄位內容判定,方法/系統實作：Full-image 多標籤與 Demo,high,
outputs/full_image_224_multilabel_seed42/phase2_patch_transfer/train_metrics.csv,formal_output,既有輸出證據檔；本次僅讀取不覆蓋,evidence,,,,,正式性依所在實驗資料夾與欄位內容判定,方法/系統實作：Full-image 多標籤與 Demo,high,
outputs/full_image_224_multilabel_seed42/phase2_patch_transfer/training_config.json,formal_output,既有輸出證據檔；本次僅讀取不覆蓋,evidence,,,,,正式性依所在實驗資料夾與欄位內容判定,方法/系統實作：Full-image 多標籤與 Demo,high,
outputs/full_image_224_multilabel_seed42/phase2_patch_transfer/validation_metrics.csv,formal_output,既有輸出證據檔；本次僅讀取不覆蓋,evidence,,,,,正式性依所在實驗資料夾與欄位內容判定,方法/系統實作：Full-image 多標籤與 Demo,high,
outputs/full_image_224_multilabel_seed42/phase2_patch_transfer/validation_selected_thresholds.json,formal_output,既有輸出證據檔；本次僅讀取不覆蓋,evidence,,,,,正式性依所在實驗資料夾與欄位內容判定,方法/系統實作：Full-image 多標籤與 Demo,high,
outputs/full_image_224_single_label_seed42/phase0_dataset_audit/class_distribution.csv,formal_output,既有輸出證據檔；本次僅讀取不覆蓋,evidence,,,,,正式性依所在實驗資料夾與欄位內容判定,方法/系統實作：Full-image 多標籤與 Demo,high,
outputs/full_image_224_single_label_seed42/phase0_dataset_audit/dataset_audit.json,formal_output,既有輸出證據檔；本次僅讀取不覆蓋,evidence,,,data\\raw\\annotations\\annotations.csv; data\\raw\\images; dataset,,正式性依所在實驗資料夾與欄位內容判定,方法/系統實作：Full-image 多標籤與 Demo,high,
outputs/full_image_224_single_label_seed42/phase0_dataset_audit/dataset_summary.md,formal_output,既有輸出證據檔；本次僅讀取不覆蓋,evidence,,,,,正式性依所在實驗資料夾與欄位內容判定,方法/系統實作：Full-image 多標籤與 Demo,high,
outputs/full_image_224_single_label_seed42/phase0_dataset_audit/discovered_schema.json,formal_output,既有輸出證據檔；本次僅讀取不覆蓋,evidence,,,data\\metadata\\full_image_dataset_audit.csv; data\\metadata\\image_manifest.csv; data\\metadata\\image_sources.csv; data\\raw\\annotations\\annotations.csv,,正式性依所在實驗資料夾與欄位內容判定,方法/系統實作：Full-image 多標籤與 Demo,high,
outputs/full_image_224_single_label_seed42/phase0_dataset_audit/duplicate_image_ids.csv,formal_output,既有輸出證據檔；本次僅讀取不覆蓋,evidence,,,,,正式性依所在實驗資料夾與欄位內容判定,方法/系統實作：Full-image 多標籤與 Demo,high,
outputs/full_image_224_single_label_seed42/phase0_dataset_audit/full_image_candidate_manifest.csv,formal_output,既有輸出證據檔；本次僅讀取不覆蓋,evidence,,,data\raw\annotations\annotations.csv; data\raw\images\0007d316f756b3fa0baea2ff514ce945.png; data\raw\images\00bcb82818ea83d6a86df241762cd7d0.png; data\raw\images\0108949daa13dc94634a7d650a05c0bb.png; data\raw\images\010a3dbb67bc37800a041866844861b1.png; data\raw\images\011ae9520e81f1efe71c9d954ec07d09.png; data\raw\images\01546d3e6175ceaabd7d92f0c566579d.png; data\raw\images\01a3c3d994d85ce5634d2d13c03fd4b0.png; data\raw\images\01c2b9fcb0384c84648ed76c736552a8.png; data\raw\images\0211f9fe31142ba1e25fb6a2ea3fea38.png; data\raw\images\028fcc44d3104099480e897541a1ecc3.png; data\raw\images\02cd1d17763c869ff3d4af5e28539456.png,,正式性依所在實驗資料夾與欄位內容判定,方法/系統實作：Full-image 多標籤與 Demo,high,
outputs/full_image_224_single_label_seed42/phase0_dataset_audit/image_properties.csv,formal_output,既有輸出證據檔；本次僅讀取不覆蓋,evidence,,,data\raw\images\0007d316f756b3fa0baea2ff514ce945.png; data\raw\images\00bcb82818ea83d6a86df241762cd7d0.png; data\raw\images\0108949daa13dc94634a7d650a05c0bb.png; data\raw\images\010a3dbb67bc37800a041866844861b1.png; data\raw\images\011ae9520e81f1efe71c9d954ec07d09.png; data\raw\images\01546d3e6175ceaabd7d92f0c566579d.png; data\raw\images\01a3c3d994d85ce5634d2d13c03fd4b0.png; data\raw\images\01c2b9fcb0384c84648ed76c736552a8.png; data\raw\images\0211f9fe31142ba1e25fb6a2ea3fea38.png; data\raw\images\028fcc44d3104099480e897541a1ecc3.png; data\raw\images\02cd1d17763c869ff3d4af5e28539456.png; data\raw\images\02efc4e2e6e71e024fbfecb404a008a4.png,,正式性依所在實驗資料夾與欄位內容判定,方法/系統實作：Full-image 多標籤與 Demo,high,
outputs/full_image_224_single_label_seed42/phase0_dataset_audit/invalid_labels.csv,formal_output,既有輸出證據檔；本次僅讀取不覆蓋,evidence,,,,,正式性依所在實驗資料夾與欄位內容判定,方法/系統實作：Full-image 多標籤與 Demo,high,
outputs/full_image_224_single_label_seed42/phase0_dataset_audit/label_conflicts.csv,formal_output,既有輸出證據檔；本次僅讀取不覆蓋,evidence,,,data\raw\images\0007d316f756b3fa0baea2ff514ce945.png; data\raw\images\00bcb82818ea83d6a86df241762cd7d0.png; data\raw\images\0108949daa13dc94634a7d650a05c0bb.png; data\raw\images\010a3dbb67bc37800a041866844861b1.png; data\raw\images\011ae9520e81f1efe71c9d954ec07d09.png; data\raw\images\01546d3e6175ceaabd7d92f0c566579d.png; data\raw\images\01a3c3d994d85ce5634d2d13c03fd4b0.png; data\raw\images\01c2b9fcb0384c84648ed76c736552a8.png; data\raw\images\028fcc44d3104099480e897541a1ecc3.png; data\raw\images\02cd1d17763c869ff3d4af5e28539456.png; data\raw\images\02efc4e2e6e71e024fbfecb404a008a4.png; data\raw\images\03431b577d1ccf075e930c4c4913c079.png,,正式性依所在實驗資料夾與欄位內容判定,方法/系統實作：Full-image 多標籤與 Demo,high,
outputs/full_image_224_single_label_seed42/phase0_dataset_audit/missing_images.csv,formal_output,既有輸出證據檔；本次僅讀取不覆蓋,evidence,,,,,正式性依所在實驗資料夾與欄位內容判定,方法/系統實作：Full-image 多標籤與 Demo,high,
outputs/full_image_224_single_label_seed42/phase0_dataset_audit/preprocessing_spec.json,formal_output,既有輸出證據檔；本次僅讀取不覆蓋,evidence,,,,,正式性依所在實驗資料夾與欄位內容判定,方法/系統實作：Full-image 多標籤與 Demo,high,
outputs/full_image_224_single_label_seed42/phase0_dataset_audit/source_file_inventory.csv,formal_output,既有輸出證據檔；本次僅讀取不覆蓋,evidence,,,data\metadata\full_image_dataset_audit.csv; data\metadata\image_manifest.csv; data\metadata\image_sources.csv; data\raw\annotations\annotations.csv; data\raw\images,,正式性依所在實驗資料夾與欄位內容判定,方法/系統實作：Full-image 多標籤與 Demo,high,
outputs/full_image_224_single_label_seed42/phase0_dataset_audit/unreadable_images.csv,formal_output,既有輸出證據檔；本次僅讀取不覆蓋,evidence,,,,,正式性依所在實驗資料夾與欄位內容判定,方法/系統實作：Full-image 多標籤與 Demo,high,
outputs/full_image_ground_truth_catalog/class_positive_image_index.csv,formal_output,既有輸出證據檔；本次僅讀取不覆蓋,evidence,,,data\raw\images\0007d316f756b3fa0baea2ff514ce945.png; data\raw\images\00bcb82818ea83d6a86df241762cd7d0.png; data\raw\images\0108949daa13dc94634a7d650a05c0bb.png; data\raw\images\010a3dbb67bc37800a041866844861b1.png; data\raw\images\011ae9520e81f1efe71c9d954ec07d09.png; data\raw\images\01546d3e6175ceaabd7d92f0c566579d.png; data\raw\images\01c2b9fcb0384c84648ed76c736552a8.png; data\raw\images\028fcc44d3104099480e897541a1ecc3.png; data\raw\images\02cd1d17763c869ff3d4af5e28539456.png; data\raw\images\02efc4e2e6e71e024fbfecb404a008a4.png; data\raw\images\03431b577d1ccf075e930c4c4913c079.png; data\raw\images\039c6997248b3a6ba3c909af35fce0eb.png,,正式性依所在實驗資料夾與欄位內容判定,方法/系統實作：Full-image 多標籤與 Demo,high,
outputs/full_image_ground_truth_catalog/demo_images/sidecar_json/01__91e721ea0143333c5efe5dfb8ca98746__GT_labels_0-1-2-3-4.json,formal_output,既有輸出證據檔；本次僅讀取不覆蓋,evidence,,,data\\raw\\annotations\\annotations.csv; data\\raw\\images\\91e721ea0143333c5efe5dfb8ca98746.png; outputs\\full_image_ground_truth_catalog\\demo_images\\01__91e721ea0143333c5efe5dfb8ca98746__GT_labels_0-1-2-3-4.png,outputs\\full_image_ground_truth_catalog\\demo_images\\01__91e721ea0143333c5efe5dfb8ca98746__GT_labels_0-1-2-3-4.png,正式性依所在實驗資料夾與欄位內容判定,方法/系統實作：Full-image 多標籤與 Demo,high,
outputs/full_image_ground_truth_catalog/demo_images/sidecar_json/02__a77bfe2433adc567669ac27ed874b0ed__GT_labels_0-1-2-3-4.json,formal_output,既有輸出證據檔；本次僅讀取不覆蓋,evidence,,,data\\raw\\annotations\\annotations.csv; data\\raw\\images\\a77bfe2433adc567669ac27ed874b0ed.png; outputs\\full_image_ground_truth_catalog\\demo_images\\02__a77bfe2433adc567669ac27ed874b0ed__GT_labels_0-1-2-3-4.png,outputs\\full_image_ground_truth_catalog\\demo_images\\02__a77bfe2433adc567669ac27ed874b0ed__GT_labels_0-1-2-3-4.png,正式性依所在實驗資料夾與欄位內容判定,方法/系統實作：Full-image 多標籤與 Demo,high,
outputs/full_image_ground_truth_catalog/demo_images/sidecar_json/03__e2f74cb96fb90ec20839f4ff497c007f__GT_labels_0-1-2-3-4.json,formal_output,既有輸出證據檔；本次僅讀取不覆蓋,evidence,,,data\\raw\\annotations\\annotations.csv; data\\raw\\images\\e2f74cb96fb90ec20839f4ff497c007f.png; outputs\\full_image_ground_truth_catalog\\demo_images\\03__e2f74cb96fb90ec20839f4ff497c007f__GT_labels_0-1-2-3-4.png,outputs\\full_image_ground_truth_catalog\\demo_images\\03__e2f74cb96fb90ec20839f4ff497c007f__GT_labels_0-1-2-3-4.png,正式性依所在實驗資料夾與欄位內容判定,方法/系統實作：Full-image 多標籤與 Demo,high,
outputs/full_image_ground_truth_catalog/demo_images/sidecar_json/04__74292e695d6b5868b89acf26363ee93e__GT_labels_0-1-2-3-4.json,formal_output,既有輸出證據檔；本次僅讀取不覆蓋,evidence,,,data\\raw\\annotations\\annotations.csv; data\\raw\\images\\74292e695d6b5868b89acf26363ee93e.png; outputs\\full_image_ground_truth_catalog\\demo_images\\04__74292e695d6b5868b89acf26363ee93e__GT_labels_0-1-2-3-4.png,outputs\\full_image_ground_truth_catalog\\demo_images\\04__74292e695d6b5868b89acf26363ee93e__GT_labels_0-1-2-3-4.png,正式性依所在實驗資料夾與欄位內容判定,方法/系統實作：Full-image 多標籤與 Demo,high,
outputs/full_image_ground_truth_catalog/demo_images/sidecar_json/05__ce51a9ef3a4afc873a483972c2264c2f__GT_labels_0-1-2-3-4.json,formal_output,既有輸出證據檔；本次僅讀取不覆蓋,evidence,,,data\\raw\\annotations\\annotations.csv; data\\raw\\images\\ce51a9ef3a4afc873a483972c2264c2f.png; outputs\\full_image_ground_truth_catalog\\demo_images\\05__ce51a9ef3a4afc873a483972c2264c2f__GT_labels_0-1-2-3-4.png,outputs\\full_image_ground_truth_catalog\\demo_images\\05__ce51a9ef3a4afc873a483972c2264c2f__GT_labels_0-1-2-3-4.png,正式性依所在實驗資料夾與欄位內容判定,方法/系統實作：Full-image 多標籤與 Demo,high,
outputs/full_image_ground_truth_catalog/demo_images/sidecar_json/06__77721a660a5784c2b244167443f1bc26__GT_labels_0-1-2-3-4.json,formal_output,既有輸出證據檔；本次僅讀取不覆蓋,evidence,,,data\\raw\\annotations\\annotations.csv; data\\raw\\images\\77721a660a5784c2b244167443f1bc26.png; outputs\\full_image_ground_truth_catalog\\demo_images\\06__77721a660a5784c2b244167443f1bc26__GT_labels_0-1-2-3-4.png,outputs\\full_image_ground_truth_catalog\\demo_images\\06__77721a660a5784c2b244167443f1bc26__GT_labels_0-1-2-3-4.png,正式性依所在實驗資料夾與欄位內容判定,方法/系統實作：Full-image 多標籤與 Demo,high,
outputs/full_image_ground_truth_catalog/demo_images/sidecar_json/07__f40c08b38fce6f2b77c6019d34521357__GT_labels_0-1-2-4.json,formal_output,既有輸出證據檔；本次僅讀取不覆蓋,evidence,,,data\\raw\\annotations\\annotations.csv; data\\raw\\images\\f40c08b38fce6f2b77c6019d34521357.png; outputs\\full_image_ground_truth_catalog\\demo_images\\07__f40c08b38fce6f2b77c6019d34521357__GT_labels_0-1-2-4.png,outputs\\full_image_ground_truth_catalog\\demo_images\\07__f40c08b38fce6f2b77c6019d34521357__GT_labels_0-1-2-4.png,正式性依所在實驗資料夾與欄位內容判定,方法/系統實作：Full-image 多標籤與 Demo,high,
outputs/full_image_ground_truth_catalog/demo_images/sidecar_json/08__4b6ca2a1a046bd045ea254e6550c8b5c__GT_labels_0-1-2-3.json,formal_output,既有輸出證據檔；本次僅讀取不覆蓋,evidence,,,data\\raw\\annotations\\annotations.csv; data\\raw\\images\\4b6ca2a1a046bd045ea254e6550c8b5c.png; outputs\\full_image_ground_truth_catalog\\demo_images\\08__4b6ca2a1a046bd045ea254e6550c8b5c__GT_labels_0-1-2-3.png,outputs\\full_image_ground_truth_catalog\\demo_images\\08__4b6ca2a1a046bd045ea254e6550c8b5c__GT_labels_0-1-2-3.png,正式性依所在實驗資料夾與欄位內容判定,方法/系統實作：Full-image 多標籤與 Demo,high,
outputs/full_image_ground_truth_catalog/demo_images/sidecar_json/09__8de556d9cd8d026b8eba03870cc6acba__GT_labels_3-4.json,formal_output,既有輸出證據檔；本次僅讀取不覆蓋,evidence,,,data\\raw\\annotations\\annotations.csv; data\\raw\\images\\8de556d9cd8d026b8eba03870cc6acba.png; outputs\\full_image_ground_truth_catalog\\demo_images\\09__8de556d9cd8d026b8eba03870cc6acba__GT_labels_3-4.png,outputs\\full_image_ground_truth_catalog\\demo_images\\09__8de556d9cd8d026b8eba03870cc6acba__GT_labels_3-4.png,正式性依所在實驗資料夾與欄位內容判定,方法/系統實作：Full-image 多標籤與 Demo,high,
outputs/full_image_ground_truth_catalog/demo_images/sidecar_json/10__9fccf640c41b789bef11c3437045436d__GT_labels_1.json,formal_output,既有輸出證據檔；本次僅讀取不覆蓋,evidence,,,data\\raw\\annotations\\annotations.csv; data\\raw\\images\\9fccf640c41b789bef11c3437045436d.png; outputs\\full_image_ground_truth_catalog\\demo_images\\10__9fccf640c41b789bef11c3437045436d__GT_labels_1.png,outputs\\full_image_ground_truth_catalog\\demo_images\\10__9fccf640c41b789bef11c3437045436d__GT_labels_1.png,正式性依所在實驗資料夾與欄位內容判定,方法/系統實作：Full-image 多標籤與 Demo,high,
outputs/full_image_ground_truth_catalog/demo_images/sidecar_json/11__3ff22a602b26d804863daaf6b7230d47__GT_labels_0-2-4.json,formal_output,既有輸出證據檔；本次僅讀取不覆蓋,evidence,,,data\\raw\\annotations\\annotations.csv; data\\raw\\images\\3ff22a602b26d804863daaf6b7230d47.png; outputs\\full_image_ground_truth_catalog\\demo_images\\11__3ff22a602b26d804863daaf6b7230d47__GT_labels_0-2-4.png,outputs\\full_image_ground_truth_catalog\\demo_images\\11__3ff22a602b26d804863daaf6b7230d47__GT_labels_0-2-4.png,正式性依所在實驗資料夾與欄位內容判定,方法/系統實作：Full-image 多標籤與 Demo,high,
outputs/full_image_ground_truth_catalog/demo_images/sidecar_json/12__1138649f25528f0ab76c93ac60279ca3__GT_labels_3.json,formal_output,既有輸出證據檔；本次僅讀取不覆蓋,evidence,,,data\\raw\\annotations\\annotations.csv; data\\raw\\images\\1138649f25528f0ab76c93ac60279ca3.png; outputs\\full_image_ground_truth_catalog\\demo_images\\12__1138649f25528f0ab76c93ac60279ca3__GT_labels_3.png,outputs\\full_image_ground_truth_catalog\\demo_images\\12__1138649f25528f0ab76c93ac60279ca3__GT_labels_3.png,正式性依所在實驗資料夾與欄位內容判定,方法/系統實作：Full-image 多標籤與 Demo,high,
outputs/full_image_ground_truth_catalog/demo_images/sidecar_json/13__cad7f3b0b26e674d67eb5a735c0a9bbe__GT_labels_2-4.json,formal_output,既有輸出證據檔；本次僅讀取不覆蓋,evidence,,,data\\raw\\annotations\\annotations.csv; data\\raw\\images\\cad7f3b0b26e674d67eb5a735c0a9bbe.png; outputs\\full_image_ground_truth_catalog\\demo_images\\13__cad7f3b0b26e674d67eb5a735c0a9bbe__GT_labels_2-4.png,outputs\\full_image_ground_truth_catalog\\demo_images\\13__cad7f3b0b26e674d67eb5a735c0a9bbe__GT_labels_2-4.png,正式性依所在實驗資料夾與欄位內容判定,方法/系統實作：Full-image 多標籤與 Demo,high,
outputs/full_image_ground_truth_catalog/demo_images/sidecar_json/14__2b8a0c8760862e0bd6dbac062d421396__GT_labels_0-1-3.json,formal_output,既有輸出證據檔；本次僅讀取不覆蓋,evidence,,,data\\raw\\annotations\\annotations.csv; data\\raw\\images\\2b8a0c8760862e0bd6dbac062d421396.png; outputs\\full_image_ground_truth_catalog\\demo_images\\14__2b8a0c8760862e0bd6dbac062d421396__GT_labels_0-1-3.png,outputs\\full_image_ground_truth_catalog\\demo_images\\14__2b8a0c8760862e0bd6dbac062d421396__GT_labels_0-1-3.png,正式性依所在實驗資料夾與欄位內容判定,方法/系統實作：Full-image 多標籤與 Demo,high,
outputs/full_image_ground_truth_catalog/demo_images/sidecar_json/15__b7e9e8a42a7581a9f40b67f4ed3bab72__GT_labels_1.json,formal_output,既有輸出證據檔；本次僅讀取不覆蓋,evidence,,,data\\raw\\annotations\\annotations.csv; data\\raw\\images\\b7e9e8a42a7581a9f40b67f4ed3bab72.png; outputs\\full_image_ground_truth_catalog\\demo_images\\15__b7e9e8a42a7581a9f40b67f4ed3bab72__GT_labels_1.png,outputs\\full_image_ground_truth_catalog\\demo_images\\15__b7e9e8a42a7581a9f40b67f4ed3bab72__GT_labels_1.png,正式性依所在實驗資料夾與欄位內容判定,方法/系統實作：Full-image 多標籤與 Demo,high,
outputs/full_image_ground_truth_catalog/demo_images/sidecar_json/16__2c892bb46e4187bddce8fe179d7225dc__GT_labels_2-4.json,formal_output,既有輸出證據檔；本次僅讀取不覆蓋,evidence,,,data\\raw\\annotations\\annotations.csv; data\\raw\\images\\2c892bb46e4187bddce8fe179d7225dc.png; outputs\\full_image_ground_truth_catalog\\demo_images\\16__2c892bb46e4187bddce8fe179d7225dc__GT_labels_2-4.png,outputs\\full_image_ground_truth_catalog\\demo_images\\16__2c892bb46e4187bddce8fe179d7225dc__GT_labels_2-4.png,正式性依所在實驗資料夾與欄位內容判定,方法/系統實作：Full-image 多標籤與 Demo,high,
outputs/full_image_ground_truth_catalog/demo_images/sidecar_json/17__3b8e32e6bb1f8849af9fde0925b2761a__GT_labels_0-1-3.json,formal_output,既有輸出證據檔；本次僅讀取不覆蓋,evidence,,,data\\raw\\annotations\\annotations.csv; data\\raw\\images\\3b8e32e6bb1f8849af9fde0925b2761a.png; outputs\\full_image_ground_truth_catalog\\demo_images\\17__3b8e32e6bb1f8849af9fde0925b2761a__GT_labels_0-1-3.png,outputs\\full_image_ground_truth_catalog\\demo_images\\17__3b8e32e6bb1f8849af9fde0925b2761a__GT_labels_0-1-3.png,正式性依所在實驗資料夾與欄位內容判定,方法/系統實作：Full-image 多標籤與 Demo,high,
outputs/full_image_ground_truth_catalog/demo_images/sidecar_json/18__8649d84b0796e9deccdd4f6bd8d4e998__GT_labels_0-2-3-4.json,formal_output,既有輸出證據檔；本次僅讀取不覆蓋,evidence,,,data\\raw\\annotations\\annotations.csv; data\\raw\\images\\8649d84b0796e9deccdd4f6bd8d4e998.png; outputs\\full_image_ground_truth_catalog\\demo_images\\18__8649d84b0796e9deccdd4f6bd8d4e998__GT_labels_0-2-3-4.png,outputs\\full_image_ground_truth_catalog\\demo_images\\18__8649d84b0796e9deccdd4f6bd8d4e998__GT_labels_0-2-3-4.png,正式性依所在實驗資料夾與欄位內容判定,方法/系統實作：Full-image 多標籤與 Demo,high,
outputs/full_image_ground_truth_catalog/demo_images/sidecar_json/19__e0da968a8b88e3ad9cb42b9e7973bc6d__GT_labels_1.json,formal_output,既有輸出證據檔；本次僅讀取不覆蓋,evidence,,,data\\raw\\annotations\\annotations.csv; data\\raw\\images\\e0da968a8b88e3ad9cb42b9e7973bc6d.png; outputs\\full_image_ground_truth_catalog\\demo_images\\19__e0da968a8b88e3ad9cb42b9e7973bc6d__GT_labels_1.png,outputs\\full_image_ground_truth_catalog\\demo_images\\19__e0da968a8b88e3ad9cb42b9e7973bc6d__GT_labels_1.png,正式性依所在實驗資料夾與欄位內容判定,方法/系統實作：Full-image 多標籤與 Demo,high,
outputs/full_image_ground_truth_catalog/demo_images/sidecar_json/20__6398a304dcec08b7e3f31d0bdd6358a5__GT_labels_2-4.json,formal_output,既有輸出證據檔；本次僅讀取不覆蓋,evidence,,,data\\raw\\annotations\\annotations.csv; data\\raw\\images\\6398a304dcec08b7e3f31d0bdd6358a5.png; outputs\\full_image_ground_truth_catalog\\demo_images\\20__6398a304dcec08b7e3f31d0bdd6358a5__GT_labels_2-4.png,outputs\\full_image_ground_truth_catalog\\demo_images\\20__6398a304dcec08b7e3f31d0bdd6358a5__GT_labels_2-4.png,正式性依所在實驗資料夾與欄位內容判定,方法/系統實作：Full-image 多標籤與 Demo,high,
outputs/full_image_ground_truth_catalog/demo_images/sidecar_json/21__fd709b976ae14089b17bea48208573d8__GT_labels_0-1-3.json,formal_output,既有輸出證據檔；本次僅讀取不覆蓋,evidence,,,data\\raw\\annotations\\annotations.csv; data\\raw\\images\\fd709b976ae14089b17bea48208573d8.png; outputs\\full_image_ground_truth_catalog\\demo_images\\21__fd709b976ae14089b17bea48208573d8__GT_labels_0-1-3.png,outputs\\full_image_ground_truth_catalog\\demo_images\\21__fd709b976ae14089b17bea48208573d8__GT_labels_0-1-3.png,正式性依所在實驗資料夾與欄位內容判定,方法/系統實作：Full-image 多標籤與 Demo,high,
outputs/full_image_ground_truth_catalog/demo_images/sidecar_json/22__3a6264c66e1ccad3f67960d50a152708__GT_labels_0-2-3-4.json,formal_output,既有輸出證據檔；本次僅讀取不覆蓋,evidence,,,data\\raw\\annotations\\annotations.csv; data\\raw\\images\\3a6264c66e1ccad3f67960d50a152708.png; outputs\\full_image_ground_truth_catalog\\demo_images\\22__3a6264c66e1ccad3f67960d50a152708__GT_labels_0-2-3-4.png,outputs\\full_image_ground_truth_catalog\\demo_images\\22__3a6264c66e1ccad3f67960d50a152708__GT_labels_0-2-3-4.png,正式性依所在實驗資料夾與欄位內容判定,方法/系統實作：Full-image 多標籤與 Demo,high,
outputs/full_image_ground_truth_catalog/demo_images/sidecar_json/23__5933a74d7c042ba8801e604b79c64933__GT_labels_1.json,formal_output,既有輸出證據檔；本次僅讀取不覆蓋,evidence,,,data\\raw\\annotations\\annotations.csv; data\\raw\\images\\5933a74d7c042ba8801e604b79c64933.png; outputs\\full_image_ground_truth_catalog\\demo_images\\23__5933a74d7c042ba8801e604b79c64933__GT_labels_1.png,outputs\\full_image_ground_truth_catalog\\demo_images\\23__5933a74d7c042ba8801e604b79c64933__GT_labels_1.png,正式性依所在實驗資料夾與欄位內容判定,方法/系統實作：Full-image 多標籤與 Demo,high,
outputs/full_image_ground_truth_catalog/demo_images/sidecar_json/24__71cfb66b2166800fae0283d2f28b0902__GT_labels_2-4.json,formal_output,既有輸出證據檔；本次僅讀取不覆蓋,evidence,,,data\\raw\\annotations\\annotations.csv; data\\raw\\images\\71cfb66b2166800fae0283d2f28b0902.png; outputs\\full_image_ground_truth_catalog\\demo_images\\24__71cfb66b2166800fae0283d2f28b0902__GT_labels_2-4.png,outputs\\full_image_ground_truth_catalog\\demo_images\\24__71cfb66b2166800fae0283d2f28b0902__GT_labels_2-4.png,正式性依所在實驗資料夾與欄位內容判定,方法/系統實作：Full-image 多標籤與 Demo,high,
outputs/full_image_ground_truth_catalog/demo_images/sidecar_json/25__bb3d26414a85af5edf485b330607860d__GT_labels_0-1-3.json,formal_output,既有輸出證據檔；本次僅讀取不覆蓋,evidence,,,data\\raw\\annotations\\annotations.csv; data\\raw\\images\\bb3d26414a85af5edf485b330607860d.png; outputs\\full_image_ground_truth_catalog\\demo_images\\25__bb3d26414a85af5edf485b330607860d__GT_labels_0-1-3.png,outputs\\full_image_ground_truth_catalog\\demo_images\\25__bb3d26414a85af5edf485b330607860d__GT_labels_0-1-3.png,正式性依所在實驗資料夾與欄位內容判定,方法/系統實作：Full-image 多標籤與 Demo,high,
outputs/full_image_ground_truth_catalog/demo_images/sidecar_json/26__d7a418b9be0b9981e1a5e81f97e70690__GT_labels_0-2-3-4.json,formal_output,既有輸出證據檔；本次僅讀取不覆蓋,evidence,,,data\\raw\\annotations\\annotations.csv; data\\raw\\images\\d7a418b9be0b9981e1a5e81f97e70690.png; outputs\\full_image_ground_truth_catalog\\demo_images\\26__d7a418b9be0b9981e1a5e81f97e70690__GT_labels_0-2-3-4.png,outputs\\full_image_ground_truth_catalog\\demo_images\\26__d7a418b9be0b9981e1a5e81f97e70690__GT_labels_0-2-3-4.png,正式性依所在實驗資料夾與欄位內容判定,方法/系統實作：Full-image 多標籤與 Demo,high,
outputs/full_image_ground_truth_catalog/demo_images/sidecar_json/27__0339aac16e3dd93ee397315a224147a6__GT_labels_3.json,formal_output,既有輸出證據檔；本次僅讀取不覆蓋,evidence,,,data\\raw\\annotations\\annotations.csv; data\\raw\\images\\0339aac16e3dd93ee397315a224147a6.png; outputs\\full_image_ground_truth_catalog\\demo_images\\27__0339aac16e3dd93ee397315a224147a6__GT_labels_3.png,outputs\\full_image_ground_truth_catalog\\demo_images\\27__0339aac16e3dd93ee397315a224147a6__GT_labels_3.png,正式性依所在實驗資料夾與欄位內容判定,方法/系統實作：Full-image 多標籤與 Demo,high,
outputs/full_image_ground_truth_catalog/demo_images/sidecar_json/28__16f1b7bb98b1a38f6fee5caf9460e4e1__GT_labels_0-1.json,formal_output,既有輸出證據檔；本次僅讀取不覆蓋,evidence,,,data\\raw\\annotations\\annotations.csv; data\\raw\\images\\16f1b7bb98b1a38f6fee5caf9460e4e1.png; outputs\\full_image_ground_truth_catalog\\demo_images\\28__16f1b7bb98b1a38f6fee5caf9460e4e1__GT_labels_0-1.png,outputs\\full_image_ground_truth_catalog\\demo_images\\28__16f1b7bb98b1a38f6fee5caf9460e4e1__GT_labels_0-1.png,正式性依所在實驗資料夾與欄位內容判定,方法/系統實作：Full-image 多標籤與 Demo,high,
outputs/full_image_ground_truth_catalog/demo_images/sidecar_json/29__c8634131ee43469be8f4f75ab4595b10__GT_labels_2-3-4.json,formal_output,既有輸出證據檔；本次僅讀取不覆蓋,evidence,,,data\\raw\\annotations\\annotations.csv; data\\raw\\images\\c8634131ee43469be8f4f75ab4595b10.png; outputs\\full_image_ground_truth_catalog\\demo_images\\29__c8634131ee43469be8f4f75ab4595b10__GT_labels_2-3-4.png,outputs\\full_image_ground_truth_catalog\\demo_images\\29__c8634131ee43469be8f4f75ab4595b10__GT_labels_2-3-4.png,正式性依所在實驗資料夾與欄位內容判定,方法/系統實作：Full-image 多標籤與 Demo,high,
outputs/full_image_ground_truth_catalog/demo_images/sidecar_json/30__ae127045cca13da6dbfee11df1f08c7e__GT_labels_0-1-2-4.json,formal_output,既有輸出證據檔；本次僅讀取不覆蓋,evidence,,,data\\raw\\annotations\\annotations.csv; data\\raw\\images\\ae127045cca13da6dbfee11df1f08c7e.png; outputs\\full_image_ground_truth_catalog\\demo_images\\30__ae127045cca13da6dbfee11df1f08c7e__GT_labels_0-1-2-4.png,outputs\\full_image_ground_truth_catalog\\demo_images\\30__ae127045cca13da6dbfee11df1f08c7e__GT_labels_0-1-2-4.png,正式性依所在實驗資料夾與欄位內容判定,方法/系統實作：Full-image 多標籤與 Demo,high,
outputs/full_image_ground_truth_catalog/demo_selection.csv,formal_output,既有輸出證據檔；本次僅讀取不覆蓋,evidence,,,data\raw\images\0339aac16e3dd93ee397315a224147a6.png; data\raw\images\1138649f25528f0ab76c93ac60279ca3.png; data\raw\images\16f1b7bb98b1a38f6fee5caf9460e4e1.png; data\raw\images\2b8a0c8760862e0bd6dbac062d421396.png; data\raw\images\2c892bb46e4187bddce8fe179d7225dc.png; data\raw\images\3a6264c66e1ccad3f67960d50a152708.png; data\raw\images\3b8e32e6bb1f8849af9fde0925b2761a.png; data\raw\images\3ff22a602b26d804863daaf6b7230d47.png; data\raw\images\4b6ca2a1a046bd045ea254e6550c8b5c.png; data\raw\images\5933a74d7c042ba8801e604b79c64933.png; data\raw\images\6398a304dcec08b7e3f31d0bdd6358a5.png; data\raw\images\71cfb66b2166800fae0283d2f28b0902.png,outputs\full_image_ground_truth_catalog\demo_images\01__91e721ea0143333c5efe5dfb8ca98746__GT_labels_0-1-2-3-4.png; outputs\full_image_ground_truth_catalog\demo_images\02__a77bfe2433adc567669ac27ed874b0ed__GT_labels_0-1-2-3-4.png; outputs\full_image_ground_truth_catalog\demo_images\03__e2f74cb96fb90ec20839f4ff497c007f__GT_labels_0-1-2-3-4.png; outputs\full_image_ground_truth_catalog\demo_images\04__74292e695d6b5868b89acf26363ee93e__GT_labels_0-1-2-3-4.png; outputs\full_image_ground_truth_catalog\demo_images\05__ce51a9ef3a4afc873a483972c2264c2f__GT_labels_0-1-2-3-4.png; outputs\full_image_ground_truth_catalog\demo_images\06__77721a660a5784c2b244167443f1bc26__GT_labels_0-1-2-3-4.png; outputs\full_image_ground_truth_catalog\demo_images\07__f40c08b38fce6f2b77c6019d34521357__GT_labels_0-1-2-4.png; outputs\full_image_ground_truth_catalog\demo_images\08__4b6ca2a1a046bd045ea254e6550c8b5c__GT_labels_0-1-2-3.png; outputs\full_image_ground_truth_catalog\demo_images\09__8de556d9cd8d026b8eba03870cc6acba__GT_labels_3-4.png; outputs\full_image_ground_truth_catalog\demo_images\10__9fccf640c41b789bef11c3437045436d__GT_labels_1.png; outputs\full_image_ground_truth_catalog\demo_images\11__3ff22a602b26d804863daaf6b7230d47__GT_labels_0-2-4.png; outputs\full_image_ground_truth_catalog\demo_images\12__1138649f25528f0ab76c93ac60279ca3__GT_labels_3.png,正式性依所在實驗資料夾與欄位內容判定,方法/系統實作：Full-image 多標籤與 Demo,high,
outputs/full_image_ground_truth_catalog/full_image_ground_truth_manifest.csv,formal_output,既有輸出證據檔；本次僅讀取不覆蓋,evidence,,,data\raw\images\0007d316f756b3fa0baea2ff514ce945.png; data\raw\images\00bcb82818ea83d6a86df241762cd7d0.png; data\raw\images\0108949daa13dc94634a7d650a05c0bb.png; data\raw\images\010a3dbb67bc37800a041866844861b1.png; data\raw\images\011ae9520e81f1efe71c9d954ec07d09.png; data\raw\images\01546d3e6175ceaabd7d92f0c566579d.png; data\raw\images\01a3c3d994d85ce5634d2d13c03fd4b0.png; data\raw\images\01c2b9fcb0384c84648ed76c736552a8.png; data\raw\images\0211f9fe31142ba1e25fb6a2ea3fea38.png; data\raw\images\028fcc44d3104099480e897541a1ecc3.png; data\raw\images\02cd1d17763c869ff3d4af5e28539456.png; data\raw\images\02efc4e2e6e71e024fbfecb404a008a4.png,,正式性依所在實驗資料夾與欄位內容判定,方法/系統實作：Full-image 多標籤與 Demo,high,
outputs/full_image_ground_truth_catalog/ground_truth_audit.json,formal_output,既有輸出證據檔；本次僅讀取不覆蓋,evidence,,,outputs\\full_image_ground_truth_catalog\\preview\\ground_truth_catalog_preview.png,outputs\\full_image_ground_truth_catalog\\preview\\ground_truth_catalog_preview.png,正式性依所在實驗資料夾與欄位內容判定,方法/系統實作：Full-image 多標籤與 Demo,high,
outputs/full_image_ground_truth_catalog/image_label_lookup.json,formal_output,既有輸出證據檔；本次僅讀取不覆蓋,evidence,,,data\\raw\\images\\0007d316f756b3fa0baea2ff514ce945.png; data\\raw\\images\\00bcb82818ea83d6a86df241762cd7d0.png; data\\raw\\images\\0108949daa13dc94634a7d650a05c0bb.png; data\\raw\\images\\010a3dbb67bc37800a041866844861b1.png; data\\raw\\images\\011ae9520e81f1efe71c9d954ec07d09.png; data\\raw\\images\\01546d3e6175ceaabd7d92f0c566579d.png; data\\raw\\images\\01a3c3d994d85ce5634d2d13c03fd4b0.png; data\\raw\\images\\01c2b9fcb0384c84648ed76c736552a8.png; data\\raw\\images\\0211f9fe31142ba1e25fb6a2ea3fea38.png; data\\raw\\images\\028fcc44d3104099480e897541a1ecc3.png; data\\raw\\images\\02cd1d17763c869ff3d4af5e28539456.png; data\\raw\\images\\02efc4e2e6e71e024fbfecb404a008a4.png,,正式性依所在實驗資料夾與欄位內容判定,方法/系統實作：Full-image 多標籤與 Demo,high,
outputs/full_image_ground_truth_catalog/label_cardinality_distribution.csv,formal_output,既有輸出證據檔；本次僅讀取不覆蓋,evidence,,,,,正式性依所在實驗資料夾與欄位內容判定,方法/系統實作：Full-image 多標籤與 Demo,high,
outputs/full_image_ground_truth_catalog/label_combination_distribution.csv,formal_output,既有輸出證據檔；本次僅讀取不覆蓋,evidence,,,,,正式性依所在實驗資料夾與欄位內容判定,方法/系統實作：Full-image 多標籤與 Demo,high,
outputs/full_image_ground_truth_catalog/README.md,formal_output,既有輸出證據檔；本次僅讀取不覆蓋,evidence,,,data\raw\annotations\annotations.csv; data\raw\images; dataset,,正式性依所在實驗資料夾與欄位內容判定,方法/系統實作：Full-image 多標籤與 Demo,high,
outputs/full_image_multilabel_gradio_demo/app_startup_audit.json,output_or_log,既有輸出證據檔；本次僅讀取不覆蓋,evidence,,,outputs\\full_image_224_multilabel_seed42\\phase2_patch_transfer\\checkpoints\\full_image_multilabel_patch_transfer.pt; outputs\\full_image_224_multilabel_seed42\\phase2_patch_transfer\\validation_selected_thresholds.json; outputs\\full_image_ground_truth_catalog\\full_image_ground_truth_manifest.csv,outputs\\full_image_224_multilabel_seed42\\phase2_patch_transfer\\checkpoints\\full_image_multilabel_patch_transfer.pt; outputs\\full_image_224_multilabel_seed42\\phase2_patch_transfer\\validation_selected_thresholds.json; outputs\\full_image_ground_truth_catalog\\full_image_ground_truth_manifest.csv,正式性依所在實驗資料夾與欄位內容判定,方法/系統實作：Full-image 多標籤與 Demo,high,
outputs/full_image_multilabel_gradio_demo/sessions/20260721T181833779588Z_62132eb6/diagnosis_report.md,output_or_log,既有輸出證據檔；本次僅讀取不覆蓋,evidence,,,,,正式性依所在實驗資料夾與欄位內容判定,方法/系統實作：Full-image 多標籤與 Demo,high,
outputs/full_image_multilabel_gradio_demo/sessions/20260721T181833779588Z_62132eb6/ground_truth_comparison.json,output_or_log,既有輸出證據檔；本次僅讀取不覆蓋,evidence,,,,,正式性依所在實驗資料夾與欄位內容判定,方法/系統實作：Full-image 多標籤與 Demo,high,
outputs/full_image_multilabel_gradio_demo/sessions/20260721T181833779588Z_62132eb6/input_metadata.json,output_or_log,既有輸出證據檔；本次僅讀取不覆蓋,evidence,,,,,正式性依所在實驗資料夾與欄位內容判定,方法/系統實作：Full-image 多標籤與 Demo,high,
outputs/full_image_multilabel_gradio_demo/sessions/20260721T181833779588Z_62132eb6/model_prediction.csv,output_or_log,既有輸出證據檔；本次僅讀取不覆蓋,evidence,,,,,正式性依所在實驗資料夾與欄位內容判定,方法/系統實作：Full-image 多標籤與 Demo,high,
outputs/full_image_multilabel_gradio_demo/sessions/20260721T181833779588Z_62132eb6/model_prediction.json,output_or_log,既有輸出證據檔；本次僅讀取不覆蓋,evidence,,,outputs\\full_image_224_multilabel_seed42\\phase2_patch_transfer\\checkpoints\\full_image_multilabel_patch_transfer.pt; outputs\\full_image_224_multilabel_seed42\\phase2_patch_transfer\\validation_selected_thresholds.json,outputs\\full_image_224_multilabel_seed42\\phase2_patch_transfer\\checkpoints\\full_image_multilabel_patch_transfer.pt; outputs\\full_image_224_multilabel_seed42\\phase2_patch_transfer\\validation_selected_thresholds.json,正式性依所在實驗資料夾與欄位內容判定,方法/系統實作：Full-image 多標籤與 Demo,high,
outputs/full_image_multilabel_gradio_demo/sessions/20260721T181833779588Z_62132eb6/ollama_audit.json,output_or_log,既有輸出證據檔；本次僅讀取不覆蓋,evidence,,,,,正式性依所在實驗資料夾與欄位內容判定,方法/系統實作：Full-image 多標籤與 Demo,high,
outputs/full_image_multilabel_gradio_demo/sessions/20260721T181833779588Z_62132eb6/ollama_report.txt,output_or_log,既有輸出證據檔；本次僅讀取不覆蓋,evidence,,,,,正式性依所在實驗資料夾與欄位內容判定,方法/系統實作：Full-image 多標籤與 Demo,high,
outputs/full_image_multilabel_gradio_demo/sessions/20260721T181833779588Z_62132eb6/session_audit.json,output_or_log,既有輸出證據檔；本次僅讀取不覆蓋,evidence,,,,,正式性依所在實驗資料夾與欄位內容判定,方法/系統實作：Full-image 多標籤與 Demo,high,
outputs/full_image_multilabel_gradio_demo/sessions/20260721T181954950957Z_ce075f7b/diagnosis_report.md,output_or_log,既有輸出證據檔；本次僅讀取不覆蓋,evidence,,,,,正式性依所在實驗資料夾與欄位內容判定,方法/系統實作：Full-image 多標籤與 Demo,high,
outputs/full_image_multilabel_gradio_demo/sessions/20260721T181954950957Z_ce075f7b/ground_truth_comparison.json,output_or_log,既有輸出證據檔；本次僅讀取不覆蓋,evidence,,,,,正式性依所在實驗資料夾與欄位內容判定,方法/系統實作：Full-image 多標籤與 Demo,high,
outputs/full_image_multilabel_gradio_demo/sessions/20260721T181954950957Z_ce075f7b/input_metadata.json,output_or_log,既有輸出證據檔；本次僅讀取不覆蓋,evidence,,,,,正式性依所在實驗資料夾與欄位內容判定,方法/系統實作：Full-image 多標籤與 Demo,high,
outputs/full_image_multilabel_gradio_demo/sessions/20260721T181954950957Z_ce075f7b/model_prediction.csv,output_or_log,既有輸出證據檔；本次僅讀取不覆蓋,evidence,,,,,正式性依所在實驗資料夾與欄位內容判定,方法/系統實作：Full-image 多標籤與 Demo,high,
outputs/full_image_multilabel_gradio_demo/sessions/20260721T181954950957Z_ce075f7b/model_prediction.json,output_or_log,既有輸出證據檔；本次僅讀取不覆蓋,evidence,,,outputs\\full_image_224_multilabel_seed42\\phase2_patch_transfer\\checkpoints\\full_image_multilabel_patch_transfer.pt; outputs\\full_image_224_multilabel_seed42\\phase2_patch_transfer\\validation_selected_thresholds.json,outputs\\full_image_224_multilabel_seed42\\phase2_patch_transfer\\checkpoints\\full_image_multilabel_patch_transfer.pt; outputs\\full_image_224_multilabel_seed42\\phase2_patch_transfer\\validation_selected_thresholds.json,正式性依所在實驗資料夾與欄位內容判定,方法/系統實作：Full-image 多標籤與 Demo,high,
outputs/full_image_multilabel_gradio_demo/sessions/20260721T181954950957Z_ce075f7b/ollama_audit.json,output_or_log,既有輸出證據檔；本次僅讀取不覆蓋,evidence,,,,,正式性依所在實驗資料夾與欄位內容判定,方法/系統實作：Full-image 多標籤與 Demo,high,
outputs/full_image_multilabel_gradio_demo/sessions/20260721T181954950957Z_ce075f7b/ollama_report.txt,output_or_log,既有輸出證據檔；本次僅讀取不覆蓋,evidence,,,,,正式性依所在實驗資料夾與欄位內容判定,方法/系統實作：Full-image 多標籤與 Demo,high,
outputs/full_image_multilabel_gradio_demo/sessions/20260721T181954950957Z_ce075f7b/session_audit.json,output_or_log,既有輸出證據檔；本次僅讀取不覆蓋,evidence,,,,,正式性依所在實驗資料夾與欄位內容判定,方法/系統實作：Full-image 多標籤與 Demo,high,
outputs/full_image_multilabel_gradio_demo/sessions/20260721T182045632346Z_095f5ffb/diagnosis_report.md,output_or_log,既有輸出證據檔；本次僅讀取不覆蓋,evidence,,,,,正式性依所在實驗資料夾與欄位內容判定,方法/系統實作：Full-image 多標籤與 Demo,high,
outputs/full_image_multilabel_gradio_demo/sessions/20260721T182045632346Z_095f5ffb/ground_truth_comparison.json,output_or_log,既有輸出證據檔；本次僅讀取不覆蓋,evidence,,,,,正式性依所在實驗資料夾與欄位內容判定,方法/系統實作：Full-image 多標籤與 Demo,high,
outputs/full_image_multilabel_gradio_demo/sessions/20260721T182045632346Z_095f5ffb/input_metadata.json,output_or_log,既有輸出證據檔；本次僅讀取不覆蓋,evidence,,,,,正式性依所在實驗資料夾與欄位內容判定,方法/系統實作：Full-image 多標籤與 Demo,high,
outputs/full_image_multilabel_gradio_demo/sessions/20260721T182045632346Z_095f5ffb/model_prediction.csv,output_or_log,既有輸出證據檔；本次僅讀取不覆蓋,evidence,,,,,正式性依所在實驗資料夾與欄位內容判定,方法/系統實作：Full-image 多標籤與 Demo,high,
outputs/full_image_multilabel_gradio_demo/sessions/20260721T182045632346Z_095f5ffb/model_prediction.json,output_or_log,既有輸出證據檔；本次僅讀取不覆蓋,evidence,,,outputs\\full_image_224_multilabel_seed42\\phase2_patch_transfer\\checkpoints\\full_image_multilabel_patch_transfer.pt; outputs\\full_image_224_multilabel_seed42\\phase2_patch_transfer\\validation_selected_thresholds.json,outputs\\full_image_224_multilabel_seed42\\phase2_patch_transfer\\checkpoints\\full_image_multilabel_patch_transfer.pt; outputs\\full_image_224_multilabel_seed42\\phase2_patch_transfer\\validation_selected_thresholds.json,正式性依所在實驗資料夾與欄位內容判定,方法/系統實作：Full-image 多標籤與 Demo,high,
outputs/full_image_multilabel_gradio_demo/sessions/20260721T182045632346Z_095f5ffb/ollama_audit.json,output_or_log,既有輸出證據檔；本次僅讀取不覆蓋,evidence,,,,,正式性依所在實驗資料夾與欄位內容判定,方法/系統實作：Full-image 多標籤與 Demo,high,
outputs/full_image_multilabel_gradio_demo/sessions/20260721T182045632346Z_095f5ffb/ollama_report.txt,output_or_log,既有輸出證據檔；本次僅讀取不覆蓋,evidence,,,,,正式性依所在實驗資料夾與欄位內容判定,方法/系統實作：Full-image 多標籤與 Demo,high,
outputs/full_image_multilabel_gradio_demo/sessions/20260721T182045632346Z_095f5ffb/session_audit.json,output_or_log,既有輸出證據檔；本次僅讀取不覆蓋,evidence,,,,,正式性依所在實驗資料夾與欄位內容判定,方法/系統實作：Full-image 多標籤與 Demo,high,
outputs/full_image_multilabel_gradio_demo/sessions/20260722T050709722252Z_9e23ad7e/diagnosis_report.md,output_or_log,既有輸出證據檔；本次僅讀取不覆蓋,evidence,,,,,正式性依所在實驗資料夾與欄位內容判定,方法/系統實作：Full-image 多標籤與 Demo,high,
outputs/full_image_multilabel_gradio_demo/sessions/20260722T050709722252Z_9e23ad7e/ground_truth_comparison.json,output_or_log,既有輸出證據檔；本次僅讀取不覆蓋,evidence,,,,,正式性依所在實驗資料夾與欄位內容判定,方法/系統實作：Full-image 多標籤與 Demo,high,
outputs/full_image_multilabel_gradio_demo/sessions/20260722T050709722252Z_9e23ad7e/input_metadata.json,output_or_log,既有輸出證據檔；本次僅讀取不覆蓋,evidence,,,,,正式性依所在實驗資料夾與欄位內容判定,方法/系統實作：Full-image 多標籤與 Demo,high,
outputs/full_image_multilabel_gradio_demo/sessions/20260722T050709722252Z_9e23ad7e/model_prediction.csv,output_or_log,既有輸出證據檔；本次僅讀取不覆蓋,evidence,,,,,正式性依所在實驗資料夾與欄位內容判定,方法/系統實作：Full-image 多標籤與 Demo,high,
outputs/full_image_multilabel_gradio_demo/sessions/20260722T050709722252Z_9e23ad7e/model_prediction.json,output_or_log,既有輸出證據檔；本次僅讀取不覆蓋,evidence,,,outputs\\full_image_224_multilabel_seed42\\phase2_patch_transfer\\checkpoints\\full_image_multilabel_patch_transfer.pt; outputs\\full_image_224_multilabel_seed42\\phase2_patch_transfer\\validation_selected_thresholds.json,outputs\\full_image_224_multilabel_seed42\\phase2_patch_transfer\\checkpoints\\full_image_multilabel_patch_transfer.pt; outputs\\full_image_224_multilabel_seed42\\phase2_patch_transfer\\validation_selected_thresholds.json,正式性依所在實驗資料夾與欄位內容判定,方法/系統實作：Full-image 多標籤與 Demo,high,
outputs/full_image_multilabel_gradio_demo/sessions/20260722T050709722252Z_9e23ad7e/ollama_audit.json,output_or_log,既有輸出證據檔；本次僅讀取不覆蓋,evidence,,,,,正式性依所在實驗資料夾與欄位內容判定,方法/系統實作：Full-image 多標籤與 Demo,high,
outputs/full_image_multilabel_gradio_demo/sessions/20260722T050709722252Z_9e23ad7e/ollama_report.txt,output_or_log,既有輸出證據檔；本次僅讀取不覆蓋,evidence,,,,,正式性依所在實驗資料夾與欄位內容判定,方法/系統實作：Full-image 多標籤與 Demo,high,
outputs/full_image_multilabel_gradio_demo/sessions/20260722T050709722252Z_9e23ad7e/session_audit.json,output_or_log,既有輸出證據檔；本次僅讀取不覆蓋,evidence,,,,,正式性依所在實驗資料夾與欄位內容判定,方法/系統實作：Full-image 多標籤與 Demo,high,
outputs/full_image_multilabel_gradio_demo/sessions/20260722T050750439892Z_f0c8db1e/diagnosis_report.md,output_or_log,既有輸出證據檔；本次僅讀取不覆蓋,evidence,,,,,正式性依所在實驗資料夾與欄位內容判定,方法/系統實作：Full-image 多標籤與 Demo,high,
outputs/full_image_multilabel_gradio_demo/sessions/20260722T050750439892Z_f0c8db1e/ground_truth_comparison.json,output_or_log,既有輸出證據檔；本次僅讀取不覆蓋,evidence,,,,,正式性依所在實驗資料夾與欄位內容判定,方法/系統實作：Full-image 多標籤與 Demo,high,
outputs/full_image_multilabel_gradio_demo/sessions/20260722T050750439892Z_f0c8db1e/input_metadata.json,output_or_log,既有輸出證據檔；本次僅讀取不覆蓋,evidence,,,,,正式性依所在實驗資料夾與欄位內容判定,方法/系統實作：Full-image 多標籤與 Demo,high,
outputs/full_image_multilabel_gradio_demo/sessions/20260722T050750439892Z_f0c8db1e/model_prediction.csv,output_or_log,既有輸出證據檔；本次僅讀取不覆蓋,evidence,,,,,正式性依所在實驗資料夾與欄位內容判定,方法/系統實作：Full-image 多標籤與 Demo,high,
outputs/full_image_multilabel_gradio_demo/sessions/20260722T050750439892Z_f0c8db1e/model_prediction.json,output_or_log,既有輸出證據檔；本次僅讀取不覆蓋,evidence,,,outputs\\full_image_224_multilabel_seed42\\phase2_patch_transfer\\checkpoints\\full_image_multilabel_patch_transfer.pt; outputs\\full_image_224_multilabel_seed42\\phase2_patch_transfer\\validation_selected_thresholds.json,outputs\\full_image_224_multilabel_seed42\\phase2_patch_transfer\\checkpoints\\full_image_multilabel_patch_transfer.pt; outputs\\full_image_224_multilabel_seed42\\phase2_patch_transfer\\validation_selected_thresholds.json,正式性依所在實驗資料夾與欄位內容判定,方法/系統實作：Full-image 多標籤與 Demo,high,
outputs/full_image_multilabel_gradio_demo/sessions/20260722T050750439892Z_f0c8db1e/ollama_audit.json,output_or_log,既有輸出證據檔；本次僅讀取不覆蓋,evidence,,,,,正式性依所在實驗資料夾與欄位內容判定,方法/系統實作：Full-image 多標籤與 Demo,high,
outputs/full_image_multilabel_gradio_demo/sessions/20260722T050750439892Z_f0c8db1e/ollama_report.txt,output_or_log,既有輸出證據檔；本次僅讀取不覆蓋,evidence,,,,,正式性依所在實驗資料夾與欄位內容判定,方法/系統實作：Full-image 多標籤與 Demo,high,
outputs/full_image_multilabel_gradio_demo/sessions/20260722T050750439892Z_f0c8db1e/session_audit.json,output_or_log,既有輸出證據檔；本次僅讀取不覆蓋,evidence,,,,,正式性依所在實驗資料夾與欄位內容判定,方法/系統實作：Full-image 多標籤與 Demo,high,
outputs/full_image_multilabel_gradio_demo/sessions/20260722T155642178266Z_56273435/diagnosis_report.md,output_or_log,既有輸出證據檔；本次僅讀取不覆蓋,evidence,,,,,正式性依所在實驗資料夾與欄位內容判定,方法/系統實作：Full-image 多標籤與 Demo,high,
outputs/full_image_multilabel_gradio_demo/sessions/20260722T155642178266Z_56273435/ground_truth_comparison.json,output_or_log,既有輸出證據檔；本次僅讀取不覆蓋,evidence,,,,,正式性依所在實驗資料夾與欄位內容判定,方法/系統實作：Full-image 多標籤與 Demo,high,
outputs/full_image_multilabel_gradio_demo/sessions/20260722T155642178266Z_56273435/input_metadata.json,output_or_log,既有輸出證據檔；本次僅讀取不覆蓋,evidence,,,,,正式性依所在實驗資料夾與欄位內容判定,方法/系統實作：Full-image 多標籤與 Demo,high,
outputs/full_image_multilabel_gradio_demo/sessions/20260722T155642178266Z_56273435/model_prediction.csv,output_or_log,既有輸出證據檔；本次僅讀取不覆蓋,evidence,,,,,正式性依所在實驗資料夾與欄位內容判定,方法/系統實作：Full-image 多標籤與 Demo,high,
outputs/full_image_multilabel_gradio_demo/sessions/20260722T155642178266Z_56273435/model_prediction.json,output_or_log,既有輸出證據檔；本次僅讀取不覆蓋,evidence,,,outputs\\full_image_224_multilabel_seed42\\phase2_patch_transfer\\checkpoints\\full_image_multilabel_patch_transfer.pt; outputs\\full_image_224_multilabel_seed42\\phase2_patch_transfer\\validation_selected_thresholds.json,outputs\\full_image_224_multilabel_seed42\\phase2_patch_transfer\\checkpoints\\full_image_multilabel_patch_transfer.pt; outputs\\full_image_224_multilabel_seed42\\phase2_patch_transfer\\validation_selected_thresholds.json,正式性依所在實驗資料夾與欄位內容判定,方法/系統實作：Full-image 多標籤與 Demo,high,
outputs/full_image_multilabel_gradio_demo/sessions/20260722T155642178266Z_56273435/ollama_audit.json,output_or_log,既有輸出證據檔；本次僅讀取不覆蓋,evidence,,,,,正式性依所在實驗資料夾與欄位內容判定,方法/系統實作：Full-image 多標籤與 Demo,high,
outputs/full_image_multilabel_gradio_demo/sessions/20260722T155642178266Z_56273435/ollama_report.txt,output_or_log,既有輸出證據檔；本次僅讀取不覆蓋,evidence,,,,,正式性依所在實驗資料夾與欄位內容判定,方法/系統實作：Full-image 多標籤與 Demo,high,
outputs/full_image_multilabel_gradio_demo/sessions/20260722T155642178266Z_56273435/session_audit.json,output_or_log,既有輸出證據檔；本次僅讀取不覆蓋,evidence,,,,,正式性依所在實驗資料夾與欄位內容判定,方法/系統實作：Full-image 多標籤與 Demo,high,
outputs/full_image_multilabel_gradio_demo/sessions/20260722T155911852258Z_f75ab1d4/diagnosis_report.md,output_or_log,既有輸出證據檔；本次僅讀取不覆蓋,evidence,,,,,正式性依所在實驗資料夾與欄位內容判定,方法/系統實作：Full-image 多標籤與 Demo,high,
outputs/full_image_multilabel_gradio_demo/sessions/20260722T155911852258Z_f75ab1d4/ground_truth_comparison.json,output_or_log,既有輸出證據檔；本次僅讀取不覆蓋,evidence,,,,,正式性依所在實驗資料夾與欄位內容判定,方法/系統實作：Full-image 多標籤與 Demo,high,
outputs/full_image_multilabel_gradio_demo/sessions/20260722T155911852258Z_f75ab1d4/input_metadata.json,output_or_log,既有輸出證據檔；本次僅讀取不覆蓋,evidence,,,,,正式性依所在實驗資料夾與欄位內容判定,方法/系統實作：Full-image 多標籤與 Demo,high,
outputs/full_image_multilabel_gradio_demo/sessions/20260722T155911852258Z_f75ab1d4/model_prediction.csv,output_or_log,既有輸出證據檔；本次僅讀取不覆蓋,evidence,,,,,正式性依所在實驗資料夾與欄位內容判定,方法/系統實作：Full-image 多標籤與 Demo,high,
outputs/full_image_multilabel_gradio_demo/sessions/20260722T155911852258Z_f75ab1d4/model_prediction.json,output_or_log,既有輸出證據檔；本次僅讀取不覆蓋,evidence,,,outputs\\full_image_224_multilabel_seed42\\phase2_patch_transfer\\checkpoints\\full_image_multilabel_patch_transfer.pt; outputs\\full_image_224_multilabel_seed42\\phase2_patch_transfer\\validation_selected_thresholds.json,outputs\\full_image_224_multilabel_seed42\\phase2_patch_transfer\\checkpoints\\full_image_multilabel_patch_transfer.pt; outputs\\full_image_224_multilabel_seed42\\phase2_patch_transfer\\validation_selected_thresholds.json,正式性依所在實驗資料夾與欄位內容判定,方法/系統實作：Full-image 多標籤與 Demo,high,
outputs/full_image_multilabel_gradio_demo/sessions/20260722T155911852258Z_f75ab1d4/ollama_audit.json,output_or_log,既有輸出證據檔；本次僅讀取不覆蓋,evidence,,,,,正式性依所在實驗資料夾與欄位內容判定,方法/系統實作：Full-image 多標籤與 Demo,high,
outputs/full_image_multilabel_gradio_demo/sessions/20260722T155911852258Z_f75ab1d4/ollama_report.txt,output_or_log,既有輸出證據檔；本次僅讀取不覆蓋,evidence,,,,,正式性依所在實驗資料夾與欄位內容判定,方法/系統實作：Full-image 多標籤與 Demo,high,
outputs/full_image_multilabel_gradio_demo/sessions/20260722T155911852258Z_f75ab1d4/session_audit.json,output_or_log,既有輸出證據檔；本次僅讀取不覆蓋,evidence,,,,,正式性依所在實驗資料夾與欄位內容判定,方法/系統實作：Full-image 多標籤與 Demo,high,
outputs/full_image_multilabel_gradio_demo/sessions/20260722T165745712421Z_e9a981a0/diagnosis_report.md,output_or_log,既有輸出證據檔；本次僅讀取不覆蓋,evidence,,,,,正式性依所在實驗資料夾與欄位內容判定,方法/系統實作：Full-image 多標籤與 Demo,high,
outputs/full_image_multilabel_gradio_demo/sessions/20260722T165745712421Z_e9a981a0/input_metadata.json,output_or_log,既有輸出證據檔；本次僅讀取不覆蓋,evidence,,,,,正式性依所在實驗資料夾與欄位內容判定,方法/系統實作：Full-image 多標籤與 Demo,high,
outputs/full_image_multilabel_gradio_demo/sessions/20260722T165745712421Z_e9a981a0/model_prediction.csv,output_or_log,既有輸出證據檔；本次僅讀取不覆蓋,evidence,,,,,正式性依所在實驗資料夾與欄位內容判定,方法/系統實作：Full-image 多標籤與 Demo,high,
outputs/full_image_multilabel_gradio_demo/sessions/20260722T165745712421Z_e9a981a0/model_prediction.json,output_or_log,既有輸出證據檔；本次僅讀取不覆蓋,evidence,,,outputs\\full_image_224_multilabel_seed42\\phase2_patch_transfer\\checkpoints\\full_image_multilabel_patch_transfer.pt; outputs\\full_image_224_multilabel_seed42\\phase2_patch_transfer\\validation_selected_thresholds.json,outputs\\full_image_224_multilabel_seed42\\phase2_patch_transfer\\checkpoints\\full_image_multilabel_patch_transfer.pt; outputs\\full_image_224_multilabel_seed42\\phase2_patch_transfer\\validation_selected_thresholds.json,正式性依所在實驗資料夾與欄位內容判定,方法/系統實作：Full-image 多標籤與 Demo,high,
outputs/full_image_multilabel_gradio_demo/sessions/20260722T165745712421Z_e9a981a0/ollama_audit.json,output_or_log,既有輸出證據檔；本次僅讀取不覆蓋,evidence,,,,,正式性依所在實驗資料夾與欄位內容判定,方法/系統實作：Full-image 多標籤與 Demo,high,
outputs/full_image_multilabel_gradio_demo/sessions/20260722T165745712421Z_e9a981a0/ollama_report.txt,output_or_log,既有輸出證據檔；本次僅讀取不覆蓋,evidence,,,,,正式性依所在實驗資料夾與欄位內容判定,方法/系統實作：Full-image 多標籤與 Demo,high,
outputs/full_image_multilabel_gradio_demo/sessions/20260722T165745712421Z_e9a981a0/session_audit.json,output_or_log,既有輸出證據檔；本次僅讀取不覆蓋,evidence,,,,,正式性依所在實驗資料夾與欄位內容判定,方法/系統實作：Full-image 多標籤與 Demo,high,
outputs/full_image_multilabel_gradio_demo/sessions/20260722T170032933007Z_1c9e5d4b/diagnosis_report.md,output_or_log,既有輸出證據檔；本次僅讀取不覆蓋,evidence,,,,,正式性依所在實驗資料夾與欄位內容判定,方法/系統實作：Full-image 多標籤與 Demo,high,
outputs/full_image_multilabel_gradio_demo/sessions/20260722T170032933007Z_1c9e5d4b/ground_truth_comparison.json,output_or_log,既有輸出證據檔；本次僅讀取不覆蓋,evidence,,,,,正式性依所在實驗資料夾與欄位內容判定,方法/系統實作：Full-image 多標籤與 Demo,high,
outputs/full_image_multilabel_gradio_demo/sessions/20260722T170032933007Z_1c9e5d4b/input_metadata.json,output_or_log,既有輸出證據檔；本次僅讀取不覆蓋,evidence,,,data\\raw\\images\\010a3dbb67bc37800a041866844861b1.png,,正式性依所在實驗資料夾與欄位內容判定,方法/系統實作：Full-image 多標籤與 Demo,high,
outputs/full_image_multilabel_gradio_demo/sessions/20260722T170032933007Z_1c9e5d4b/model_prediction.csv,output_or_log,既有輸出證據檔；本次僅讀取不覆蓋,evidence,,,,,正式性依所在實驗資料夾與欄位內容判定,方法/系統實作：Full-image 多標籤與 Demo,high,
outputs/full_image_multilabel_gradio_demo/sessions/20260722T170032933007Z_1c9e5d4b/model_prediction.json,output_or_log,既有輸出證據檔；本次僅讀取不覆蓋,evidence,,,outputs\\full_image_224_multilabel_seed42\\phase2_patch_transfer\\checkpoints\\full_image_multilabel_patch_transfer.pt; outputs\\full_image_224_multilabel_seed42\\phase2_patch_transfer\\validation_selected_thresholds.json,outputs\\full_image_224_multilabel_seed42\\phase2_patch_transfer\\checkpoints\\full_image_multilabel_patch_transfer.pt; outputs\\full_image_224_multilabel_seed42\\phase2_patch_transfer\\validation_selected_thresholds.json,正式性依所在實驗資料夾與欄位內容判定,方法/系統實作：Full-image 多標籤與 Demo,high,
outputs/full_image_multilabel_gradio_demo/sessions/20260722T170032933007Z_1c9e5d4b/ollama_audit.json,output_or_log,既有輸出證據檔；本次僅讀取不覆蓋,evidence,,,,,正式性依所在實驗資料夾與欄位內容判定,方法/系統實作：Full-image 多標籤與 Demo,high,
outputs/full_image_multilabel_gradio_demo/sessions/20260722T170032933007Z_1c9e5d4b/ollama_audit_regenerated_20260722T170046795361Z.json,output_or_log,既有輸出證據檔；本次僅讀取不覆蓋,evidence,,,,,正式性依所在實驗資料夾與欄位內容判定,方法/系統實作：Full-image 多標籤與 Demo,high,
outputs/full_image_multilabel_gradio_demo/sessions/20260722T170032933007Z_1c9e5d4b/ollama_report.txt,output_or_log,既有輸出證據檔；本次僅讀取不覆蓋,evidence,,,,,正式性依所在實驗資料夾與欄位內容判定,方法/系統實作：Full-image 多標籤與 Demo,high,
outputs/full_image_multilabel_gradio_demo/sessions/20260722T170032933007Z_1c9e5d4b/ollama_report_regenerated_20260722T170046795361Z.txt,output_or_log,既有輸出證據檔；本次僅讀取不覆蓋,evidence,,,,,正式性依所在實驗資料夾與欄位內容判定,方法/系統實作：Full-image 多標籤與 Demo,high,
outputs/full_image_multilabel_gradio_demo/sessions/20260722T170032933007Z_1c9e5d4b/session_audit.json,output_or_log,既有輸出證據檔；本次僅讀取不覆蓋,evidence,,,,,正式性依所在實驗資料夾與欄位內容判定,方法/系統實作：Full-image 多標籤與 Demo,high,
outputs/full_image_multilabel_gradio_demo/sessions/20260722T170040257307Z_b61f23f2/diagnosis_report.md,output_or_log,既有輸出證據檔；本次僅讀取不覆蓋,evidence,,,,,正式性依所在實驗資料夾與欄位內容判定,方法/系統實作：Full-image 多標籤與 Demo,high,
outputs/full_image_multilabel_gradio_demo/sessions/20260722T170040257307Z_b61f23f2/ground_truth_comparison.json,output_or_log,既有輸出證據檔；本次僅讀取不覆蓋,evidence,,,,,正式性依所在實驗資料夾與欄位內容判定,方法/系統實作：Full-image 多標籤與 Demo,high,
outputs/full_image_multilabel_gradio_demo/sessions/20260722T170040257307Z_b61f23f2/input_metadata.json,output_or_log,既有輸出證據檔；本次僅讀取不覆蓋,evidence,,,,,正式性依所在實驗資料夾與欄位內容判定,方法/系統實作：Full-image 多標籤與 Demo,high,
outputs/full_image_multilabel_gradio_demo/sessions/20260722T170040257307Z_b61f23f2/model_prediction.csv,output_or_log,既有輸出證據檔；本次僅讀取不覆蓋,evidence,,,,,正式性依所在實驗資料夾與欄位內容判定,方法/系統實作：Full-image 多標籤與 Demo,high,
outputs/full_image_multilabel_gradio_demo/sessions/20260722T170040257307Z_b61f23f2/model_prediction.json,output_or_log,既有輸出證據檔；本次僅讀取不覆蓋,evidence,,,outputs\\full_image_224_multilabel_seed42\\phase2_patch_transfer\\checkpoints\\full_image_multilabel_patch_transfer.pt; outputs\\full_image_224_multilabel_seed42\\phase2_patch_transfer\\validation_selected_thresholds.json,outputs\\full_image_224_multilabel_seed42\\phase2_patch_transfer\\checkpoints\\full_image_multilabel_patch_transfer.pt; outputs\\full_image_224_multilabel_seed42\\phase2_patch_transfer\\validation_selected_thresholds.json,正式性依所在實驗資料夾與欄位內容判定,方法/系統實作：Full-image 多標籤與 Demo,high,
outputs/full_image_multilabel_gradio_demo/sessions/20260722T170040257307Z_b61f23f2/ollama_audit.json,output_or_log,既有輸出證據檔；本次僅讀取不覆蓋,evidence,,,,,正式性依所在實驗資料夾與欄位內容判定,方法/系統實作：Full-image 多標籤與 Demo,high,
outputs/full_image_multilabel_gradio_demo/sessions/20260722T170040257307Z_b61f23f2/ollama_report.txt,output_or_log,既有輸出證據檔；本次僅讀取不覆蓋,evidence,,,,,正式性依所在實驗資料夾與欄位內容判定,方法/系統實作：Full-image 多標籤與 Demo,high,
outputs/full_image_multilabel_gradio_demo/sessions/20260722T170040257307Z_b61f23f2/session_audit.json,output_or_log,既有輸出證據檔；本次僅讀取不覆蓋,evidence,,,,,正式性依所在實驗資料夾與欄位內容判定,方法/系統實作：Full-image 多標籤與 Demo,high,
outputs/full_image_multilabel_gradio_demo/sessions/20260722T170040573233Z_168c0712/diagnosis_report.md,output_or_log,既有輸出證據檔；本次僅讀取不覆蓋,evidence,,,,,正式性依所在實驗資料夾與欄位內容判定,方法/系統實作：Full-image 多標籤與 Demo,high,
outputs/full_image_multilabel_gradio_demo/sessions/20260722T170040573233Z_168c0712/ground_truth_comparison.json,output_or_log,既有輸出證據檔；本次僅讀取不覆蓋,evidence,,,,,正式性依所在實驗資料夾與欄位內容判定,方法/系統實作：Full-image 多標籤與 Demo,high,
outputs/full_image_multilabel_gradio_demo/sessions/20260722T170040573233Z_168c0712/input_metadata.json,output_or_log,既有輸出證據檔；本次僅讀取不覆蓋,evidence,,,data\\raw\\images\\010a3dbb67bc37800a041866844861b1.png,,正式性依所在實驗資料夾與欄位內容判定,方法/系統實作：Full-image 多標籤與 Demo,high,
outputs/full_image_multilabel_gradio_demo/sessions/20260722T170040573233Z_168c0712/model_prediction.csv,output_or_log,既有輸出證據檔；本次僅讀取不覆蓋,evidence,,,,,正式性依所在實驗資料夾與欄位內容判定,方法/系統實作：Full-image 多標籤與 Demo,high,
outputs/full_image_multilabel_gradio_demo/sessions/20260722T170040573233Z_168c0712/model_prediction.json,output_or_log,既有輸出證據檔；本次僅讀取不覆蓋,evidence,,,outputs\\full_image_224_multilabel_seed42\\phase2_patch_transfer\\checkpoints\\full_image_multilabel_patch_transfer.pt; outputs\\full_image_224_multilabel_seed42\\phase2_patch_transfer\\validation_selected_thresholds.json,outputs\\full_image_224_multilabel_seed42\\phase2_patch_transfer\\checkpoints\\full_image_multilabel_patch_transfer.pt; outputs\\full_image_224_multilabel_seed42\\phase2_patch_transfer\\validation_selected_thresholds.json,正式性依所在實驗資料夾與欄位內容判定,方法/系統實作：Full-image 多標籤與 Demo,high,
outputs/full_image_multilabel_gradio_demo/sessions/20260722T170040573233Z_168c0712/ollama_audit.json,output_or_log,既有輸出證據檔；本次僅讀取不覆蓋,evidence,,,,,正式性依所在實驗資料夾與欄位內容判定,方法/系統實作：Full-image 多標籤與 Demo,high,
outputs/full_image_multilabel_gradio_demo/sessions/20260722T170040573233Z_168c0712/ollama_report.txt,output_or_log,既有輸出證據檔；本次僅讀取不覆蓋,evidence,,,,,正式性依所在實驗資料夾與欄位內容判定,方法/系統實作：Full-image 多標籤與 Demo,high,
outputs/full_image_multilabel_gradio_demo/sessions/20260722T170040573233Z_168c0712/session_audit.json,output_or_log,既有輸出證據檔；本次僅讀取不覆蓋,evidence,,,,,正式性依所在實驗資料夾與欄位內容判定,方法/系統實作：Full-image 多標籤與 Demo,high,
outputs/full_image_multilabel_gradio_demo/sessions/20260722T170421121646Z_a60ae9fe/diagnosis_report.md,output_or_log,既有輸出證據檔；本次僅讀取不覆蓋,evidence,,,,,正式性依所在實驗資料夾與欄位內容判定,方法/系統實作：Full-image 多標籤與 Demo,high,
outputs/full_image_multilabel_gradio_demo/sessions/20260722T170421121646Z_a60ae9fe/ground_truth_comparison.json,output_or_log,既有輸出證據檔；本次僅讀取不覆蓋,evidence,,,,,正式性依所在實驗資料夾與欄位內容判定,方法/系統實作：Full-image 多標籤與 Demo,high,
outputs/full_image_multilabel_gradio_demo/sessions/20260722T170421121646Z_a60ae9fe/input_metadata.json,output_or_log,既有輸出證據檔；本次僅讀取不覆蓋,evidence,,,,,正式性依所在實驗資料夾與欄位內容判定,方法/系統實作：Full-image 多標籤與 Demo,high,
outputs/full_image_multilabel_gradio_demo/sessions/20260722T170421121646Z_a60ae9fe/model_prediction.csv,output_or_log,既有輸出證據檔；本次僅讀取不覆蓋,evidence,,,,,正式性依所在實驗資料夾與欄位內容判定,方法/系統實作：Full-image 多標籤與 Demo,high,
outputs/full_image_multilabel_gradio_demo/sessions/20260722T170421121646Z_a60ae9fe/model_prediction.json,output_or_log,既有輸出證據檔；本次僅讀取不覆蓋,evidence,,,outputs\\full_image_224_multilabel_seed42\\phase2_patch_transfer\\checkpoints\\full_image_multilabel_patch_transfer.pt; outputs\\full_image_224_multilabel_seed42\\phase2_patch_transfer\\validation_selected_thresholds.json,outputs\\full_image_224_multilabel_seed42\\phase2_patch_transfer\\checkpoints\\full_image_multilabel_patch_transfer.pt; outputs\\full_image_224_multilabel_seed42\\phase2_patch_transfer\\validation_selected_thresholds.json,正式性依所在實驗資料夾與欄位內容判定,方法/系統實作：Full-image 多標籤與 Demo,high,
outputs/full_image_multilabel_gradio_demo/sessions/20260722T170421121646Z_a60ae9fe/ollama_audit.json,output_or_log,既有輸出證據檔；本次僅讀取不覆蓋,evidence,,,,,正式性依所在實驗資料夾與欄位內容判定,方法/系統實作：Full-image 多標籤與 Demo,high,
outputs/full_image_multilabel_gradio_demo/sessions/20260722T170421121646Z_a60ae9fe/ollama_report.txt,output_or_log,既有輸出證據檔；本次僅讀取不覆蓋,evidence,,,,,正式性依所在實驗資料夾與欄位內容判定,方法/系統實作：Full-image 多標籤與 Demo,high,
outputs/full_image_multilabel_gradio_demo/sessions/20260722T170421121646Z_a60ae9fe/session_audit.json,output_or_log,既有輸出證據檔；本次僅讀取不覆蓋,evidence,,,,,正式性依所在實驗資料夾與欄位內容判定,方法/系統實作：Full-image 多標籤與 Demo,high,
outputs/full_image_multilabel_gradio_demo/sessions/20260722T170823724768Z_3d000aa0/diagnosis_report.md,output_or_log,既有輸出證據檔；本次僅讀取不覆蓋,evidence,,,,,正式性依所在實驗資料夾與欄位內容判定,方法/系統實作：Full-image 多標籤與 Demo,high,
outputs/full_image_multilabel_gradio_demo/sessions/20260722T170823724768Z_3d000aa0/ground_truth_comparison.json,output_or_log,既有輸出證據檔；本次僅讀取不覆蓋,evidence,,,,,正式性依所在實驗資料夾與欄位內容判定,方法/系統實作：Full-image 多標籤與 Demo,high,
outputs/full_image_multilabel_gradio_demo/sessions/20260722T170823724768Z_3d000aa0/input_metadata.json,output_or_log,既有輸出證據檔；本次僅讀取不覆蓋,evidence,,,,,正式性依所在實驗資料夾與欄位內容判定,方法/系統實作：Full-image 多標籤與 Demo,high,
outputs/full_image_multilabel_gradio_demo/sessions/20260722T170823724768Z_3d000aa0/model_prediction.csv,output_or_log,既有輸出證據檔；本次僅讀取不覆蓋,evidence,,,,,正式性依所在實驗資料夾與欄位內容判定,方法/系統實作：Full-image 多標籤與 Demo,high,
outputs/full_image_multilabel_gradio_demo/sessions/20260722T170823724768Z_3d000aa0/model_prediction.json,output_or_log,既有輸出證據檔；本次僅讀取不覆蓋,evidence,,,outputs\\full_image_224_multilabel_seed42\\phase2_patch_transfer\\checkpoints\\full_image_multilabel_patch_transfer.pt; outputs\\full_image_224_multilabel_seed42\\phase2_patch_transfer\\validation_selected_thresholds.json,outputs\\full_image_224_multilabel_seed42\\phase2_patch_transfer\\checkpoints\\full_image_multilabel_patch_transfer.pt; outputs\\full_image_224_multilabel_seed42\\phase2_patch_transfer\\validation_selected_thresholds.json,正式性依所在實驗資料夾與欄位內容判定,方法/系統實作：Full-image 多標籤與 Demo,high,
outputs/full_image_multilabel_gradio_demo/sessions/20260722T170823724768Z_3d000aa0/ollama_audit.json,output_or_log,既有輸出證據檔；本次僅讀取不覆蓋,evidence,,,,,正式性依所在實驗資料夾與欄位內容判定,方法/系統實作：Full-image 多標籤與 Demo,high,
outputs/full_image_multilabel_gradio_demo/sessions/20260722T170823724768Z_3d000aa0/ollama_report.txt,output_or_log,既有輸出證據檔；本次僅讀取不覆蓋,evidence,,,,,正式性依所在實驗資料夾與欄位內容判定,方法/系統實作：Full-image 多標籤與 Demo,high,
outputs/full_image_multilabel_gradio_demo/sessions/20260722T170823724768Z_3d000aa0/session_audit.json,output_or_log,既有輸出證據檔；本次僅讀取不覆蓋,evidence,,,,,正式性依所在實驗資料夾與欄位內容判定,方法/系統實作：Full-image 多標籤與 Demo,high,
outputs/full_image_multilabel_gradio_demo/sessions/20260722T170848693451Z_fa892bd1/diagnosis_report.md,output_or_log,既有輸出證據檔；本次僅讀取不覆蓋,evidence,,,,,正式性依所在實驗資料夾與欄位內容判定,方法/系統實作：Full-image 多標籤與 Demo,high,
outputs/full_image_multilabel_gradio_demo/sessions/20260722T170848693451Z_fa892bd1/ground_truth_comparison.json,output_or_log,既有輸出證據檔；本次僅讀取不覆蓋,evidence,,,,,正式性依所在實驗資料夾與欄位內容判定,方法/系統實作：Full-image 多標籤與 Demo,high,
outputs/full_image_multilabel_gradio_demo/sessions/20260722T170848693451Z_fa892bd1/input_metadata.json,output_or_log,既有輸出證據檔；本次僅讀取不覆蓋,evidence,,,,,正式性依所在實驗資料夾與欄位內容判定,方法/系統實作：Full-image 多標籤與 Demo,high,
outputs/full_image_multilabel_gradio_demo/sessions/20260722T170848693451Z_fa892bd1/model_prediction.csv,output_or_log,既有輸出證據檔；本次僅讀取不覆蓋,evidence,,,,,正式性依所在實驗資料夾與欄位內容判定,方法/系統實作：Full-image 多標籤與 Demo,high,
outputs/full_image_multilabel_gradio_demo/sessions/20260722T170848693451Z_fa892bd1/model_prediction.json,output_or_log,既有輸出證據檔；本次僅讀取不覆蓋,evidence,,,outputs\\full_image_224_multilabel_seed42\\phase2_patch_transfer\\checkpoints\\full_image_multilabel_patch_transfer.pt; outputs\\full_image_224_multilabel_seed42\\phase2_patch_transfer\\validation_selected_thresholds.json,outputs\\full_image_224_multilabel_seed42\\phase2_patch_transfer\\checkpoints\\full_image_multilabel_patch_transfer.pt; outputs\\full_image_224_multilabel_seed42\\phase2_patch_transfer\\validation_selected_thresholds.json,正式性依所在實驗資料夾與欄位內容判定,方法/系統實作：Full-image 多標籤與 Demo,high,
outputs/full_image_multilabel_gradio_demo/sessions/20260722T170848693451Z_fa892bd1/ollama_audit.json,output_or_log,既有輸出證據檔；本次僅讀取不覆蓋,evidence,,,,,正式性依所在實驗資料夾與欄位內容判定,方法/系統實作：Full-image 多標籤與 Demo,high,
outputs/full_image_multilabel_gradio_demo/sessions/20260722T170848693451Z_fa892bd1/ollama_audit_regenerated_20260722T170941836488Z.json,output_or_log,既有輸出證據檔；本次僅讀取不覆蓋,evidence,,,,,正式性依所在實驗資料夾與欄位內容判定,方法/系統實作：Full-image 多標籤與 Demo,high,
outputs/full_image_multilabel_gradio_demo/sessions/20260722T170848693451Z_fa892bd1/ollama_report.txt,output_or_log,既有輸出證據檔；本次僅讀取不覆蓋,evidence,,,,,正式性依所在實驗資料夾與欄位內容判定,方法/系統實作：Full-image 多標籤與 Demo,high,
outputs/full_image_multilabel_gradio_demo/sessions/20260722T170848693451Z_fa892bd1/ollama_report_regenerated_20260722T170941836488Z.txt,output_or_log,既有輸出證據檔；本次僅讀取不覆蓋,evidence,,,,,正式性依所在實驗資料夾與欄位內容判定,方法/系統實作：Full-image 多標籤與 Demo,high,
outputs/full_image_multilabel_gradio_demo/sessions/20260722T170848693451Z_fa892bd1/session_audit.json,output_or_log,既有輸出證據檔；本次僅讀取不覆蓋,evidence,,,,,正式性依所在實驗資料夾與欄位內容判定,方法/系統實作：Full-image 多標籤與 Demo,high,
outputs/full_image_multilabel_gradio_demo/sessions/20260722T170950509825Z_e700b220/diagnosis_report.md,output_or_log,既有輸出證據檔；本次僅讀取不覆蓋,evidence,,,,,正式性依所在實驗資料夾與欄位內容判定,方法/系統實作：Full-image 多標籤與 Demo,high,
outputs/full_image_multilabel_gradio_demo/sessions/20260722T170950509825Z_e700b220/ground_truth_comparison.json,output_or_log,既有輸出證據檔；本次僅讀取不覆蓋,evidence,,,,,正式性依所在實驗資料夾與欄位內容判定,方法/系統實作：Full-image 多標籤與 Demo,high,
outputs/full_image_multilabel_gradio_demo/sessions/20260722T170950509825Z_e700b220/input_metadata.json,output_or_log,既有輸出證據檔；本次僅讀取不覆蓋,evidence,,,,,正式性依所在實驗資料夾與欄位內容判定,方法/系統實作：Full-image 多標籤與 Demo,high,
outputs/full_image_multilabel_gradio_demo/sessions/20260722T170950509825Z_e700b220/model_prediction.csv,output_or_log,既有輸出證據檔；本次僅讀取不覆蓋,evidence,,,,,正式性依所在實驗資料夾與欄位內容判定,方法/系統實作：Full-image 多標籤與 Demo,high,
outputs/full_image_multilabel_gradio_demo/sessions/20260722T170950509825Z_e700b220/model_prediction.json,output_or_log,既有輸出證據檔；本次僅讀取不覆蓋,evidence,,,outputs\\full_image_224_multilabel_seed42\\phase2_patch_transfer\\checkpoints\\full_image_multilabel_patch_transfer.pt; outputs\\full_image_224_multilabel_seed42\\phase2_patch_transfer\\validation_selected_thresholds.json,outputs\\full_image_224_multilabel_seed42\\phase2_patch_transfer\\checkpoints\\full_image_multilabel_patch_transfer.pt; outputs\\full_image_224_multilabel_seed42\\phase2_patch_transfer\\validation_selected_thresholds.json,正式性依所在實驗資料夾與欄位內容判定,方法/系統實作：Full-image 多標籤與 Demo,high,
outputs/full_image_multilabel_gradio_demo/sessions/20260722T170950509825Z_e700b220/ollama_audit.json,output_or_log,既有輸出證據檔；本次僅讀取不覆蓋,evidence,,,,,正式性依所在實驗資料夾與欄位內容判定,方法/系統實作：Full-image 多標籤與 Demo,high,
outputs/full_image_multilabel_gradio_demo/sessions/20260722T170950509825Z_e700b220/ollama_report.txt,output_or_log,既有輸出證據檔；本次僅讀取不覆蓋,evidence,,,,,正式性依所在實驗資料夾與欄位內容判定,方法/系統實作：Full-image 多標籤與 Demo,high,
outputs/full_image_multilabel_gradio_demo/sessions/20260722T170950509825Z_e700b220/session_audit.json,output_or_log,既有輸出證據檔；本次僅讀取不覆蓋,evidence,,,,,正式性依所在實驗資料夾與欄位內容判定,方法/系統實作：Full-image 多標籤與 Demo,high,
outputs/full_image_multilabel_gradio_demo/smoke_test_audit.json,output_or_log,既有輸出證據檔；本次僅讀取不覆蓋,evidence,,,data\\raw\\images\\010a3dbb67bc37800a041866844861b1.png; outputs\\full_image_multilabel_gradio_demo\\sessions\\20260721T175146347359Z_3cd4f9c9,outputs\\full_image_multilabel_gradio_demo\\sessions\\20260721T175146347359Z_3cd4f9c9,正式性依所在實驗資料夾與欄位內容判定,方法/系統實作：Full-image 多標籤與 Demo,high,
outputs/full_image_multilabel_gradio_demo/ui_test_ollama_unavailable/sessions/20260721T151420945648Z_a9cbd8ee/ground_truth_comparison.json,output_or_log,既有輸出證據檔；本次僅讀取不覆蓋,evidence,,,,,正式性依所在實驗資料夾與欄位內容判定,方法/系統實作：Full-image 多標籤與 Demo,high,
outputs/full_image_multilabel_gradio_demo/ui_test_ollama_unavailable/sessions/20260721T151420945648Z_a9cbd8ee/input_metadata.json,output_or_log,既有輸出證據檔；本次僅讀取不覆蓋,evidence,,,,,正式性依所在實驗資料夾與欄位內容判定,方法/系統實作：Full-image 多標籤與 Demo,high,
outputs/full_image_multilabel_gradio_demo/ui_test_ollama_unavailable/sessions/20260721T151420945648Z_a9cbd8ee/model_prediction.csv,output_or_log,既有輸出證據檔；本次僅讀取不覆蓋,evidence,,,,,正式性依所在實驗資料夾與欄位內容判定,方法/系統實作：Full-image 多標籤與 Demo,high,
outputs/full_image_multilabel_gradio_demo/ui_test_ollama_unavailable/sessions/20260721T151420945648Z_a9cbd8ee/model_prediction.json,output_or_log,既有輸出證據檔；本次僅讀取不覆蓋,evidence,,,outputs\\full_image_224_multilabel_seed42\\phase2_patch_transfer\\checkpoints\\full_image_multilabel_patch_transfer.pt; outputs\\full_image_224_multilabel_seed42\\phase2_patch_transfer\\validation_selected_thresholds.json,outputs\\full_image_224_multilabel_seed42\\phase2_patch_transfer\\checkpoints\\full_image_multilabel_patch_transfer.pt; outputs\\full_image_224_multilabel_seed42\\phase2_patch_transfer\\validation_selected_thresholds.json,正式性依所在實驗資料夾與欄位內容判定,方法/系統實作：Full-image 多標籤與 Demo,high,
outputs/full_image_multilabel_gradio_demo/ui_test_ollama_unavailable/sessions/20260721T151420945648Z_a9cbd8ee/ollama_audit.json,output_or_log,既有輸出證據檔；本次僅讀取不覆蓋,evidence,,,,,正式性依所在實驗資料夾與欄位內容判定,方法/系統實作：Full-image 多標籤與 Demo,high,
outputs/full_image_multilabel_gradio_demo/ui_test_ollama_unavailable/sessions/20260721T151420945648Z_a9cbd8ee/ollama_report.txt,output_or_log,既有輸出證據檔；本次僅讀取不覆蓋,evidence,,,,,正式性依所在實驗資料夾與欄位內容判定,方法/系統實作：Full-image 多標籤與 Demo,high,
outputs/full_image_multilabel_gradio_demo/ui_test_ollama_unavailable/sessions/20260721T151420945648Z_a9cbd8ee/session_audit.json,output_or_log,既有輸出證據檔；本次僅讀取不覆蓋,evidence,,,,,正式性依所在實驗資料夾與欄位內容判定,方法/系統實作：Full-image 多標籤與 Demo,high,
outputs/full_image_multilabel_gradio_demo_ui_contract/sessions/20260721T153240778733Z_2191cc81/ground_truth_comparison.json,output_or_log,既有輸出證據檔；本次僅讀取不覆蓋,evidence,,,,,正式性依所在實驗資料夾與欄位內容判定,方法/系統實作：Full-image 多標籤與 Demo,high,
outputs/full_image_multilabel_gradio_demo_ui_contract/sessions/20260721T153240778733Z_2191cc81/input_metadata.json,output_or_log,既有輸出證據檔；本次僅讀取不覆蓋,evidence,,,data\\raw\\images\\010a3dbb67bc37800a041866844861b1.png,,正式性依所在實驗資料夾與欄位內容判定,方法/系統實作：Full-image 多標籤與 Demo,high,
outputs/full_image_multilabel_gradio_demo_ui_contract/sessions/20260721T153240778733Z_2191cc81/model_prediction.csv,output_or_log,既有輸出證據檔；本次僅讀取不覆蓋,evidence,,,,,正式性依所在實驗資料夾與欄位內容判定,方法/系統實作：Full-image 多標籤與 Demo,high,
outputs/full_image_multilabel_gradio_demo_ui_contract/sessions/20260721T153240778733Z_2191cc81/model_prediction.json,output_or_log,既有輸出證據檔；本次僅讀取不覆蓋,evidence,,,outputs\\full_image_224_multilabel_seed42\\phase2_patch_transfer\\checkpoints\\full_image_multilabel_patch_transfer.pt; outputs\\full_image_224_multilabel_seed42\\phase2_patch_transfer\\validation_selected_thresholds.json,outputs\\full_image_224_multilabel_seed42\\phase2_patch_transfer\\checkpoints\\full_image_multilabel_patch_transfer.pt; outputs\\full_image_224_multilabel_seed42\\phase2_patch_transfer\\validation_selected_thresholds.json,正式性依所在實驗資料夾與欄位內容判定,方法/系統實作：Full-image 多標籤與 Demo,high,
outputs/full_image_multilabel_gradio_demo_ui_contract/sessions/20260721T153240778733Z_2191cc81/ollama_audit.json,output_or_log,既有輸出證據檔；本次僅讀取不覆蓋,evidence,,,,,正式性依所在實驗資料夾與欄位內容判定,方法/系統實作：Full-image 多標籤與 Demo,high,
outputs/full_image_multilabel_gradio_demo_ui_contract/sessions/20260721T153240778733Z_2191cc81/ollama_audit_regenerated_20260721T153247199327Z.json,output_or_log,既有輸出證據檔；本次僅讀取不覆蓋,evidence,,,,,正式性依所在實驗資料夾與欄位內容判定,方法/系統實作：Full-image 多標籤與 Demo,high,
outputs/full_image_multilabel_gradio_demo_ui_contract/sessions/20260721T153240778733Z_2191cc81/ollama_report.txt,output_or_log,既有輸出證據檔；本次僅讀取不覆蓋,evidence,,,,,正式性依所在實驗資料夾與欄位內容判定,方法/系統實作：Full-image 多標籤與 Demo,high,
outputs/full_image_multilabel_gradio_demo_ui_contract/sessions/20260721T153240778733Z_2191cc81/ollama_report_regenerated_20260721T153247199327Z.txt,output_or_log,既有輸出證據檔；本次僅讀取不覆蓋,evidence,,,,,正式性依所在實驗資料夾與欄位內容判定,方法/系統實作：Full-image 多標籤與 Demo,high,
outputs/full_image_multilabel_gradio_demo_ui_contract/sessions/20260721T153240778733Z_2191cc81/session_audit.json,output_or_log,既有輸出證據檔；本次僅讀取不覆蓋,evidence,,,,,正式性依所在實驗資料夾與欄位內容判定,方法/系統實作：Full-image 多標籤與 Demo,high,
outputs/full_image_multilabel_gradio_demo_ui_contract/sessions/20260721T153247954230Z_db345d80/ground_truth_comparison.json,output_or_log,既有輸出證據檔；本次僅讀取不覆蓋,evidence,,,,,正式性依所在實驗資料夾與欄位內容判定,方法/系統實作：Full-image 多標籤與 Demo,high,
outputs/full_image_multilabel_gradio_demo_ui_contract/sessions/20260721T153247954230Z_db345d80/input_metadata.json,output_or_log,既有輸出證據檔；本次僅讀取不覆蓋,evidence,,,outputs\\full_image_multilabel_gradio_demo_ui_contract\\ground_truth_miss_probe.png,outputs\\full_image_multilabel_gradio_demo_ui_contract\\ground_truth_miss_probe.png,正式性依所在實驗資料夾與欄位內容判定,方法/系統實作：Full-image 多標籤與 Demo,high,
outputs/full_image_multilabel_gradio_demo_ui_contract/sessions/20260721T153247954230Z_db345d80/model_prediction.csv,output_or_log,既有輸出證據檔；本次僅讀取不覆蓋,evidence,,,,,正式性依所在實驗資料夾與欄位內容判定,方法/系統實作：Full-image 多標籤與 Demo,high,
outputs/full_image_multilabel_gradio_demo_ui_contract/sessions/20260721T153247954230Z_db345d80/model_prediction.json,output_or_log,既有輸出證據檔；本次僅讀取不覆蓋,evidence,,,outputs\\full_image_224_multilabel_seed42\\phase2_patch_transfer\\checkpoints\\full_image_multilabel_patch_transfer.pt; outputs\\full_image_224_multilabel_seed42\\phase2_patch_transfer\\validation_selected_thresholds.json,outputs\\full_image_224_multilabel_seed42\\phase2_patch_transfer\\checkpoints\\full_image_multilabel_patch_transfer.pt; outputs\\full_image_224_multilabel_seed42\\phase2_patch_transfer\\validation_selected_thresholds.json,正式性依所在實驗資料夾與欄位內容判定,方法/系統實作：Full-image 多標籤與 Demo,high,
outputs/full_image_multilabel_gradio_demo_ui_contract/sessions/20260721T153247954230Z_db345d80/ollama_audit.json,output_or_log,既有輸出證據檔；本次僅讀取不覆蓋,evidence,,,,,正式性依所在實驗資料夾與欄位內容判定,方法/系統實作：Full-image 多標籤與 Demo,high,
outputs/full_image_multilabel_gradio_demo_ui_contract/sessions/20260721T153247954230Z_db345d80/ollama_report.txt,output_or_log,既有輸出證據檔；本次僅讀取不覆蓋,evidence,,,,,正式性依所在實驗資料夾與欄位內容判定,方法/系統實作：Full-image 多標籤與 Demo,high,
outputs/full_image_multilabel_gradio_demo_ui_contract/sessions/20260721T153247954230Z_db345d80/session_audit.json,output_or_log,既有輸出證據檔；本次僅讀取不覆蓋,evidence,,,,,正式性依所在實驗資料夾與欄位內容判定,方法/系統實作：Full-image 多標籤與 Demo,high,
outputs/full_image_multilabel_gradio_demo_ui_contract/sessions/20260721T153248131993Z_077c8919/ground_truth_comparison.json,output_or_log,既有輸出證據檔；本次僅讀取不覆蓋,evidence,,,,,正式性依所在實驗資料夾與欄位內容判定,方法/系統實作：Full-image 多標籤與 Demo,high,
outputs/full_image_multilabel_gradio_demo_ui_contract/sessions/20260721T153248131993Z_077c8919/input_metadata.json,output_or_log,既有輸出證據檔；本次僅讀取不覆蓋,evidence,,,data\\raw\\images\\010a3dbb67bc37800a041866844861b1.png,,正式性依所在實驗資料夾與欄位內容判定,方法/系統實作：Full-image 多標籤與 Demo,high,
outputs/full_image_multilabel_gradio_demo_ui_contract/sessions/20260721T153248131993Z_077c8919/model_prediction.csv,output_or_log,既有輸出證據檔；本次僅讀取不覆蓋,evidence,,,,,正式性依所在實驗資料夾與欄位內容判定,方法/系統實作：Full-image 多標籤與 Demo,high,
outputs/full_image_multilabel_gradio_demo_ui_contract/sessions/20260721T153248131993Z_077c8919/model_prediction.json,output_or_log,既有輸出證據檔；本次僅讀取不覆蓋,evidence,,,outputs\\full_image_224_multilabel_seed42\\phase2_patch_transfer\\checkpoints\\full_image_multilabel_patch_transfer.pt; outputs\\full_image_224_multilabel_seed42\\phase2_patch_transfer\\validation_selected_thresholds.json,outputs\\full_image_224_multilabel_seed42\\phase2_patch_transfer\\checkpoints\\full_image_multilabel_patch_transfer.pt; outputs\\full_image_224_multilabel_seed42\\phase2_patch_transfer\\validation_selected_thresholds.json,正式性依所在實驗資料夾與欄位內容判定,方法/系統實作：Full-image 多標籤與 Demo,high,
outputs/full_image_multilabel_gradio_demo_ui_contract/sessions/20260721T153248131993Z_077c8919/ollama_audit.json,output_or_log,既有輸出證據檔；本次僅讀取不覆蓋,evidence,,,,,正式性依所在實驗資料夾與欄位內容判定,方法/系統實作：Full-image 多標籤與 Demo,high,
outputs/full_image_multilabel_gradio_demo_ui_contract/sessions/20260721T153248131993Z_077c8919/ollama_report.txt,output_or_log,既有輸出證據檔；本次僅讀取不覆蓋,evidence,,,,,正式性依所在實驗資料夾與欄位內容判定,方法/系統實作：Full-image 多標籤與 Demo,high,
outputs/full_image_multilabel_gradio_demo_ui_contract/sessions/20260721T153248131993Z_077c8919/session_audit.json,output_or_log,既有輸出證據檔；本次僅讀取不覆蓋,evidence,,,,,正式性依所在實驗資料夾與欄位內容判定,方法/系統實作：Full-image 多標籤與 Demo,high,
outputs/full_image_multilabel_gradio_demo_ui_contract/sessions/20260721T153359197079Z_1e90a24b/ground_truth_comparison.json,output_or_log,既有輸出證據檔；本次僅讀取不覆蓋,evidence,,,,,正式性依所在實驗資料夾與欄位內容判定,方法/系統實作：Full-image 多標籤與 Demo,high,
outputs/full_image_multilabel_gradio_demo_ui_contract/sessions/20260721T153359197079Z_1e90a24b/input_metadata.json,output_or_log,既有輸出證據檔；本次僅讀取不覆蓋,evidence,,,data\\raw\\images\\010a3dbb67bc37800a041866844861b1.png,,正式性依所在實驗資料夾與欄位內容判定,方法/系統實作：Full-image 多標籤與 Demo,high,
outputs/full_image_multilabel_gradio_demo_ui_contract/sessions/20260721T153359197079Z_1e90a24b/model_prediction.csv,output_or_log,既有輸出證據檔；本次僅讀取不覆蓋,evidence,,,,,正式性依所在實驗資料夾與欄位內容判定,方法/系統實作：Full-image 多標籤與 Demo,high,
outputs/full_image_multilabel_gradio_demo_ui_contract/sessions/20260721T153359197079Z_1e90a24b/model_prediction.json,output_or_log,既有輸出證據檔；本次僅讀取不覆蓋,evidence,,,outputs\\full_image_224_multilabel_seed42\\phase2_patch_transfer\\checkpoints\\full_image_multilabel_patch_transfer.pt; outputs\\full_image_224_multilabel_seed42\\phase2_patch_transfer\\validation_selected_thresholds.json,outputs\\full_image_224_multilabel_seed42\\phase2_patch_transfer\\checkpoints\\full_image_multilabel_patch_transfer.pt; outputs\\full_image_224_multilabel_seed42\\phase2_patch_transfer\\validation_selected_thresholds.json,正式性依所在實驗資料夾與欄位內容判定,方法/系統實作：Full-image 多標籤與 Demo,high,
outputs/full_image_multilabel_gradio_demo_ui_contract/sessions/20260721T153359197079Z_1e90a24b/ollama_audit.json,output_or_log,既有輸出證據檔；本次僅讀取不覆蓋,evidence,,,,,正式性依所在實驗資料夾與欄位內容判定,方法/系統實作：Full-image 多標籤與 Demo,high,
outputs/full_image_multilabel_gradio_demo_ui_contract/sessions/20260721T153359197079Z_1e90a24b/ollama_audit_regenerated_20260721T153405682487Z.json,output_or_log,既有輸出證據檔；本次僅讀取不覆蓋,evidence,,,,,正式性依所在實驗資料夾與欄位內容判定,方法/系統實作：Full-image 多標籤與 Demo,high,
outputs/full_image_multilabel_gradio_demo_ui_contract/sessions/20260721T153359197079Z_1e90a24b/ollama_report.txt,output_or_log,既有輸出證據檔；本次僅讀取不覆蓋,evidence,,,,,正式性依所在實驗資料夾與欄位內容判定,方法/系統實作：Full-image 多標籤與 Demo,high,
outputs/full_image_multilabel_gradio_demo_ui_contract/sessions/20260721T153359197079Z_1e90a24b/ollama_report_regenerated_20260721T153405682487Z.txt,output_or_log,既有輸出證據檔；本次僅讀取不覆蓋,evidence,,,,,正式性依所在實驗資料夾與欄位內容判定,方法/系統實作：Full-image 多標籤與 Demo,high,
outputs/full_image_multilabel_gradio_demo_ui_contract/sessions/20260721T153359197079Z_1e90a24b/session_audit.json,output_or_log,既有輸出證據檔；本次僅讀取不覆蓋,evidence,,,,,正式性依所在實驗資料夾與欄位內容判定,方法/系統實作：Full-image 多標籤與 Demo,high,
outputs/full_image_multilabel_gradio_demo_ui_contract/sessions/20260721T153406458843Z_d14b173a/ground_truth_comparison.json,output_or_log,既有輸出證據檔；本次僅讀取不覆蓋,evidence,,,,,正式性依所在實驗資料夾與欄位內容判定,方法/系統實作：Full-image 多標籤與 Demo,high,
outputs/full_image_multilabel_gradio_demo_ui_contract/sessions/20260721T153406458843Z_d14b173a/input_metadata.json,output_or_log,既有輸出證據檔；本次僅讀取不覆蓋,evidence,,,outputs\\full_image_multilabel_gradio_demo_ui_contract\\ground_truth_miss_probe.png,outputs\\full_image_multilabel_gradio_demo_ui_contract\\ground_truth_miss_probe.png,正式性依所在實驗資料夾與欄位內容判定,方法/系統實作：Full-image 多標籤與 Demo,high,
outputs/full_image_multilabel_gradio_demo_ui_contract/sessions/20260721T153406458843Z_d14b173a/model_prediction.csv,output_or_log,既有輸出證據檔；本次僅讀取不覆蓋,evidence,,,,,正式性依所在實驗資料夾與欄位內容判定,方法/系統實作：Full-image 多標籤與 Demo,high,
outputs/full_image_multilabel_gradio_demo_ui_contract/sessions/20260721T153406458843Z_d14b173a/model_prediction.json,output_or_log,既有輸出證據檔；本次僅讀取不覆蓋,evidence,,,outputs\\full_image_224_multilabel_seed42\\phase2_patch_transfer\\checkpoints\\full_image_multilabel_patch_transfer.pt; outputs\\full_image_224_multilabel_seed42\\phase2_patch_transfer\\validation_selected_thresholds.json,outputs\\full_image_224_multilabel_seed42\\phase2_patch_transfer\\checkpoints\\full_image_multilabel_patch_transfer.pt; outputs\\full_image_224_multilabel_seed42\\phase2_patch_transfer\\validation_selected_thresholds.json,正式性依所在實驗資料夾與欄位內容判定,方法/系統實作：Full-image 多標籤與 Demo,high,
outputs/full_image_multilabel_gradio_demo_ui_contract/sessions/20260721T153406458843Z_d14b173a/ollama_audit.json,output_or_log,既有輸出證據檔；本次僅讀取不覆蓋,evidence,,,,,正式性依所在實驗資料夾與欄位內容判定,方法/系統實作：Full-image 多標籤與 Demo,high,
outputs/full_image_multilabel_gradio_demo_ui_contract/sessions/20260721T153406458843Z_d14b173a/ollama_report.txt,output_or_log,既有輸出證據檔；本次僅讀取不覆蓋,evidence,,,,,正式性依所在實驗資料夾與欄位內容判定,方法/系統實作：Full-image 多標籤與 Demo,high,
outputs/full_image_multilabel_gradio_demo_ui_contract/sessions/20260721T153406458843Z_d14b173a/session_audit.json,output_or_log,既有輸出證據檔；本次僅讀取不覆蓋,evidence,,,,,正式性依所在實驗資料夾與欄位內容判定,方法/系統實作：Full-image 多標籤與 Demo,high,
outputs/full_image_multilabel_gradio_demo_ui_contract/sessions/20260721T153406654438Z_5f6b3842/ground_truth_comparison.json,output_or_log,既有輸出證據檔；本次僅讀取不覆蓋,evidence,,,,,正式性依所在實驗資料夾與欄位內容判定,方法/系統實作：Full-image 多標籤與 Demo,high,
outputs/full_image_multilabel_gradio_demo_ui_contract/sessions/20260721T153406654438Z_5f6b3842/input_metadata.json,output_or_log,既有輸出證據檔；本次僅讀取不覆蓋,evidence,,,data\\raw\\images\\010a3dbb67bc37800a041866844861b1.png,,正式性依所在實驗資料夾與欄位內容判定,方法/系統實作：Full-image 多標籤與 Demo,high,
outputs/full_image_multilabel_gradio_demo_ui_contract/sessions/20260721T153406654438Z_5f6b3842/model_prediction.csv,output_or_log,既有輸出證據檔；本次僅讀取不覆蓋,evidence,,,,,正式性依所在實驗資料夾與欄位內容判定,方法/系統實作：Full-image 多標籤與 Demo,high,
outputs/full_image_multilabel_gradio_demo_ui_contract/sessions/20260721T153406654438Z_5f6b3842/model_prediction.json,output_or_log,既有輸出證據檔；本次僅讀取不覆蓋,evidence,,,outputs\\full_image_224_multilabel_seed42\\phase2_patch_transfer\\checkpoints\\full_image_multilabel_patch_transfer.pt; outputs\\full_image_224_multilabel_seed42\\phase2_patch_transfer\\validation_selected_thresholds.json,outputs\\full_image_224_multilabel_seed42\\phase2_patch_transfer\\checkpoints\\full_image_multilabel_patch_transfer.pt; outputs\\full_image_224_multilabel_seed42\\phase2_patch_transfer\\validation_selected_thresholds.json,正式性依所在實驗資料夾與欄位內容判定,方法/系統實作：Full-image 多標籤與 Demo,high,
outputs/full_image_multilabel_gradio_demo_ui_contract/sessions/20260721T153406654438Z_5f6b3842/ollama_audit.json,output_or_log,既有輸出證據檔；本次僅讀取不覆蓋,evidence,,,,,正式性依所在實驗資料夾與欄位內容判定,方法/系統實作：Full-image 多標籤與 Demo,high,
outputs/full_image_multilabel_gradio_demo_ui_contract/sessions/20260721T153406654438Z_5f6b3842/ollama_report.txt,output_or_log,既有輸出證據檔；本次僅讀取不覆蓋,evidence,,,,,正式性依所在實驗資料夾與欄位內容判定,方法/系統實作：Full-image 多標籤與 Demo,high,
outputs/full_image_multilabel_gradio_demo_ui_contract/sessions/20260721T153406654438Z_5f6b3842/session_audit.json,output_or_log,既有輸出證據檔；本次僅讀取不覆蓋,evidence,,,,,正式性依所在實驗資料夾與欄位內容判定,方法/系統實作：Full-image 多標籤與 Demo,high,
outputs/full_image_multilabel_single_inference/010a3dbb67bc37800a041866844861b1_20260721T144037069904Z/environment.json,output_or_log,既有輸出證據檔；本次僅讀取不覆蓋,evidence,,,,,正式性依所在實驗資料夾與欄位內容判定,方法/系統實作：Full-image 多標籤與 Demo,high,
outputs/full_image_multilabel_single_inference/010a3dbb67bc37800a041866844861b1_20260721T144037069904Z/inference_audit.json,output_or_log,既有輸出證據檔；本次僅讀取不覆蓋,evidence,,,,,正式性依所在實驗資料夾與欄位內容判定,方法/系統實作：Full-image 多標籤與 Demo,high,
outputs/full_image_multilabel_single_inference/010a3dbb67bc37800a041866844861b1_20260721T144037069904Z/prediction.csv,output_or_log,既有輸出證據檔；本次僅讀取不覆蓋,evidence,,,data\raw\images\010a3dbb67bc37800a041866844861b1.png,,正式性依所在實驗資料夾與欄位內容判定,方法/系統實作：Full-image 多標籤與 Demo,high,
outputs/full_image_multilabel_single_inference/010a3dbb67bc37800a041866844861b1_20260721T144037069904Z/prediction.json,output_or_log,既有輸出證據檔；本次僅讀取不覆蓋,evidence,,,data\\raw\\images\\010a3dbb67bc37800a041866844861b1.png; outputs\\full_image_224_multilabel_seed42\\phase2_patch_transfer\\checkpoints\\full_image_multilabel_patch_transfer.pt; outputs\\full_image_224_multilabel_seed42\\phase2_patch_transfer\\validation_selected_thresholds.json,outputs\\full_image_224_multilabel_seed42\\phase2_patch_transfer\\checkpoints\\full_image_multilabel_patch_transfer.pt; outputs\\full_image_224_multilabel_seed42\\phase2_patch_transfer\\validation_selected_thresholds.json,正式性依所在實驗資料夾與欄位內容判定,方法/系統實作：Full-image 多標籤與 Demo,high,
outputs/patch_proposed_class2_class4_validation_demo/class2_class4_confusion_matrix.csv,output_or_log,既有輸出證據檔；本次僅讀取不覆蓋,evidence,,,,,正式性依所在實驗資料夾與欄位內容判定,,high,
outputs/patch_proposed_class2_class4_validation_demo/environment.json,output_or_log,既有輸出證據檔；本次僅讀取不覆蓋,evidence,,,,,正式性依所在實驗資料夾與欄位內容判定,,high,
outputs/patch_proposed_class2_class4_validation_demo/inference_audit.json,output_or_log,既有輸出證據檔；本次僅讀取不覆蓋,evidence,,,,,正式性依所在實驗資料夾與欄位內容判定,,high,
outputs/patch_proposed_class2_class4_validation_demo/predictions.csv,output_or_log,既有輸出證據檔；本次僅讀取不覆蓋,evidence,,,data\processed\bbox_crops_224\2_pleural_thickening\18a5c8860abc63dbef3627d3e5efd951_class2_radR9_bbox0007.png; data\processed\bbox_crops_224\2_pleural_thickening\18a5c8860abc63dbef3627d3e5efd951_class2_radr9_bbox0007.png; data\processed\bbox_crops_224\2_pleural_thickening\492c436c00725c4c909ec6fbc9223b92_class2_radR10_bbox0007.png; data\processed\bbox_crops_224\2_pleural_thickening\492c436c00725c4c909ec6fbc9223b92_class2_radr10_bbox0007.png; data\processed\bbox_crops_224\2_pleural_thickening\57036d99900dabe66e5294251e3f56de_class2_radR9_bbox0007.png; data\processed\bbox_crops_224\2_pleural_thickening\57036d99900dabe66e5294251e3f56de_class2_radr9_bbox0007.png; data\processed\bbox_crops_224\2_pleural_thickening\72a03107b8c5fffea70fb4d36ebeecb8_class2_radR9_bbox0001.png; data\processed\bbox_crops_224\2_pleural_thickening\72a03107b8c5fffea70fb4d36ebeecb8_class2_radr9_bbox0001.png; data\processed\bbox_crops_224\2_pleural_thickening\b7531cbe38186e2d9aeb1b5de83984b3_class2_radR8_bbox0015.png; data\processed\bbox_crops_224\2_pleural_thickening\b7531cbe38186e2d9aeb1b5de83984b3_class2_radr8_bbox0015.png; data\processed\bbox_crops_224\2_pleural_thickening\beaa1ae511a49bd86ee5c090f91c80d7_class2_radR10_bbox0014.png; data\processed\bbox_crops_224\2_pleural_thickening\beaa1ae511a49bd86ee5c090f91c80d7_class2_radr10_bbox0014.png,,正式性依所在實驗資料夾與欄位內容判定,,high,
outputs/patch_proposed_class2_class4_validation_demo/selected_validation_samples.csv,output_or_log,既有輸出證據檔；本次僅讀取不覆蓋,evidence,,,data\processed\bbox_crops_224\2_pleural_thickening\18a5c8860abc63dbef3627d3e5efd951_class2_radR9_bbox0007.png; data\processed\bbox_crops_224\2_pleural_thickening\18a5c8860abc63dbef3627d3e5efd951_class2_radr9_bbox0007.png; data\processed\bbox_crops_224\2_pleural_thickening\492c436c00725c4c909ec6fbc9223b92_class2_radR10_bbox0007.png; data\processed\bbox_crops_224\2_pleural_thickening\492c436c00725c4c909ec6fbc9223b92_class2_radr10_bbox0007.png; data\processed\bbox_crops_224\2_pleural_thickening\57036d99900dabe66e5294251e3f56de_class2_radR9_bbox0007.png; data\processed\bbox_crops_224\2_pleural_thickening\57036d99900dabe66e5294251e3f56de_class2_radr9_bbox0007.png; data\processed\bbox_crops_224\2_pleural_thickening\72a03107b8c5fffea70fb4d36ebeecb8_class2_radR9_bbox0001.png; data\processed\bbox_crops_224\2_pleural_thickening\72a03107b8c5fffea70fb4d36ebeecb8_class2_radr9_bbox0001.png; data\processed\bbox_crops_224\2_pleural_thickening\b7531cbe38186e2d9aeb1b5de83984b3_class2_radR8_bbox0015.png; data\processed\bbox_crops_224\2_pleural_thickening\b7531cbe38186e2d9aeb1b5de83984b3_class2_radr8_bbox0015.png; data\processed\bbox_crops_224\2_pleural_thickening\beaa1ae511a49bd86ee5c090f91c80d7_class2_radR10_bbox0014.png; data\processed\bbox_crops_224\2_pleural_thickening\beaa1ae511a49bd86ee5c090f91c80d7_class2_radr10_bbox0014.png,,正式性依所在實驗資料夾與欄位內容判定,,high,
outputs/patch_proposed_class2_class4_validation_demo/summary.json,output_or_log,既有輸出證據檔；本次僅讀取不覆蓋,evidence,,,data\\processed\\bbox_crops_224\\2_pleural_thickening\\18a5c8860abc63dbef3627d3e5efd951_class2_radr9_bbox0007.png; data\\processed\\bbox_crops_224\\2_pleural_thickening\\492c436c00725c4c909ec6fbc9223b92_class2_radr10_bbox0007.png; data\\processed\\bbox_crops_224\\2_pleural_thickening\\beaa1ae511a49bd86ee5c090f91c80d7_class2_radr10_bbox0014.png; data\\processed\\bbox_crops_224\\2_pleural_thickening\\da0364cb98ded8ccbdea0d70fc8fa38c_class2_radr10_bbox0001.png; data\\processed\\bbox_crops_224\\4_pleural_effusion\\6d5acf3f8a973a26844d617fffe72998_class4_radr9_bbox0002.png; data\\processed\\bbox_crops_224\\4_pleural_effusion\\d47efdd2527ed1646f31bec6dcbbcdc1_class4_radr10_bbox0001.png; data\\processed\\bbox_crops_224\\4_pleural_effusion\\d8d73dcf93b13ff0bd2f11639abd0003_class4_radr10_bbox0009.png; data\\processed\\bbox_crops_224\\4_pleural_effusion\\f9ba2d912ef79893510ff58bafa70558_class4_radr8_bbox0004.png; outputs\\raddino_convnext_tiny_experiment_seed42\\phase2_split\\val_roi_manifest.csv; outputs\\raddino_convnext_tiny_patch_experiment_seed42\\phase2_proposed_patch_distilled\\checkpoints\\patch_proposed_convnext_tiny_5class.pt,outputs\\raddino_convnext_tiny_experiment_seed42\\phase2_split\\val_roi_manifest.csv; outputs\\raddino_convnext_tiny_patch_experiment_seed42\\phase2_proposed_patch_distilled\\checkpoints\\patch_proposed_convnext_tiny_5class.pt,正式性依所在實驗資料夾與欄位內容判定,,high,
outputs/patch_proposed_class2_class4_validation_demo/summary.md,output_or_log,既有輸出證據檔；本次僅讀取不覆蓋,evidence,,,,,正式性依所在實驗資料夾與欄位內容判定,,high,
outputs/patch_proposed_single_roi_inference/01c2b9fcb0384c84648ed76c736552a8_class0_radR10_bbox0006_20260721T113951508428Z/environment.json,output_or_log,既有輸出證據檔；本次僅讀取不覆蓋,evidence,,,,,正式性依所在實驗資料夾與欄位內容判定,方法/實驗結果：ROI 與 RAD-DINO 蒸餾,high,
outputs/patch_proposed_single_roi_inference/01c2b9fcb0384c84648ed76c736552a8_class0_radR10_bbox0006_20260721T113951508428Z/inference_audit.json,output_or_log,既有輸出證據檔；本次僅讀取不覆蓋,evidence,,,config_sha256; data_only; data_validation,,正式性依所在實驗資料夾與欄位內容判定,方法/實驗結果：ROI 與 RAD-DINO 蒸餾,high,
outputs/patch_proposed_single_roi_inference/01c2b9fcb0384c84648ed76c736552a8_class0_radR10_bbox0006_20260721T113951508428Z/prediction.csv,output_or_log,既有輸出證據檔；本次僅讀取不覆蓋,evidence,,,data\processed\bbox_crops_224\0_aortic_enlargement\01c2b9fcb0384c84648ed76c736552a8_class0_radR10_bbox0006.png,,正式性依所在實驗資料夾與欄位內容判定,方法/實驗結果：ROI 與 RAD-DINO 蒸餾,high,
outputs/patch_proposed_single_roi_inference/01c2b9fcb0384c84648ed76c736552a8_class0_radR10_bbox0006_20260721T113951508428Z/prediction.json,output_or_log,既有輸出證據檔；本次僅讀取不覆蓋,evidence,,,data\\processed\\bbox_crops_224\\0_aortic_enlargement\\01c2b9fcb0384c84648ed76c736552a8_class0_radR10_bbox0006.png; outputs\\raddino_convnext_tiny_patch_experiment_seed42\\phase2_proposed_patch_distilled\\checkpoints\\patch_proposed_convnext_tiny_5class.pt,outputs\\raddino_convnext_tiny_patch_experiment_seed42\\phase2_proposed_patch_distilled\\checkpoints\\patch_proposed_convnext_tiny_5class.pt,正式性依所在實驗資料夾與欄位內容判定,方法/實驗結果：ROI 與 RAD-DINO 蒸餾,high,
outputs/patch_roi_ollama_gradio_demo/logs/inference_history.csv,output_or_log,既有輸出證據檔；本次僅讀取不覆蓋,evidence,,,,,正式性依所在實驗資料夾與欄位內容判定,方法/系統實作：Full-image 多標籤與 Demo,high,
outputs/patch_roi_ollama_gradio_demo/logs/ollama_history.csv,output_or_log,既有輸出證據檔；本次僅讀取不覆蓋,evidence,,,,,正式性依所在實驗資料夾與欄位內容判定,方法/系統實作：Full-image 多標籤與 Demo,high,
outputs/raddino_convnext_tiny_experiment_seed42/final_comparison/config/comparison_config.json,formal_output,既有輸出證據檔；本次僅讀取不覆蓋,evidence,,,outputs\\raddino_convnext_tiny_experiment_seed42\\final_comparison; outputs\\raddino_convnext_tiny_experiment_seed42\\phase2_baseline_imagenet; outputs\\raddino_convnext_tiny_experiment_seed42\\phase2_proposed_distilled; outputs\\raddino_convnext_tiny_experiment_seed42\\phase2_split; outputs\\raddino_convnext_tiny_experiment_seed42\\shared_phase2_finetune_config.json,outputs\\raddino_convnext_tiny_experiment_seed42\\final_comparison; outputs\\raddino_convnext_tiny_experiment_seed42\\phase2_baseline_imagenet; outputs\\raddino_convnext_tiny_experiment_seed42\\phase2_proposed_distilled; outputs\\raddino_convnext_tiny_experiment_seed42\\phase2_split; outputs\\raddino_convnext_tiny_experiment_seed42\\shared_phase2_finetune_config.json,正式性依所在實驗資料夾與欄位內容判定,方法/實驗結果：ROI 與 RAD-DINO 蒸餾,high,
outputs/raddino_convnext_tiny_experiment_seed42/final_comparison/config/environment.json,formal_output,既有輸出證據檔；本次僅讀取不覆蓋,evidence,,,,,正式性依所在實驗資料夾與欄位內容判定,方法/實驗結果：ROI 與 RAD-DINO 蒸餾,high,
outputs/raddino_convnext_tiny_experiment_seed42/final_comparison/config/input_file_hashes.json,formal_output,既有輸出證據檔；本次僅讀取不覆蓋,evidence,,,config_copy; outputs\\raddino_convnext_tiny_experiment_seed42\\phase2_baseline_imagenet\\checkpoints\\best.pt; outputs\\raddino_convnext_tiny_experiment_seed42\\phase2_baseline_imagenet\\config\\baseline_experiment_config.json; outputs\\raddino_convnext_tiny_experiment_seed42\\phase2_baseline_imagenet\\config\\shared_phase2_finetune_config.json; outputs\\raddino_convnext_tiny_experiment_seed42\\phase2_baseline_imagenet\\diagnostics\\phase2_final_audit.json; outputs\\raddino_convnext_tiny_experiment_seed42\\phase2_baseline_imagenet\\logs\\phase2.log; outputs\\raddino_convnext_tiny_experiment_seed42\\phase2_baseline_imagenet\\metrics\\phase2_metrics.csv; outputs\\raddino_convnext_tiny_experiment_seed42\\phase2_baseline_imagenet\\phase2_baseline_training_summary.md; outputs\\raddino_convnext_tiny_experiment_seed42\\phase2_baseline_imagenet\\predictions\\test_predictions.csv; outputs\\raddino_convnext_tiny_experiment_seed42\\phase2_baseline_imagenet\\test_results\\classification_report.csv; outputs\\raddino_convnext_tiny_experiment_seed42\\phase2_baseline_imagenet\\test_results\\per_class_metrics.csv; outputs\\raddino_convnext_tiny_experiment_seed42\\phase2_baseline_imagenet\\test_results\\test_evaluation_metadata.json,outputs\\raddino_convnext_tiny_experiment_seed42\\phase2_baseline_imagenet\\checkpoints\\best.pt; outputs\\raddino_convnext_tiny_experiment_seed42\\phase2_baseline_imagenet\\config\\baseline_experiment_config.json; outputs\\raddino_convnext_tiny_experiment_seed42\\phase2_baseline_imagenet\\config\\shared_phase2_finetune_config.json; outputs\\raddino_convnext_tiny_experiment_seed42\\phase2_baseline_imagenet\\diagnostics\\phase2_final_audit.json; outputs\\raddino_convnext_tiny_experiment_seed42\\phase2_baseline_imagenet\\logs\\phase2.log; outputs\\raddino_convnext_tiny_experiment_seed42\\phase2_baseline_imagenet\\metrics\\phase2_metrics.csv; outputs\\raddino_convnext_tiny_experiment_seed42\\phase2_baseline_imagenet\\phase2_baseline_training_summary.md; outputs\\raddino_convnext_tiny_experiment_seed42\\phase2_baseline_imagenet\\predictions\\test_predictions.csv; outputs\\raddino_convnext_tiny_experiment_seed42\\phase2_baseline_imagenet\\test_results\\classification_report.csv; outputs\\raddino_convnext_tiny_experiment_seed42\\phase2_baseline_imagenet\\test_results\\per_class_metrics.csv; outputs\\raddino_convnext_tiny_experiment_seed42\\phase2_baseline_imagenet\\test_results\\test_evaluation_metadata.json; outputs\\raddino_convnext_tiny_experiment_seed42\\phase2_baseline_imagenet\\test_results\\test_metrics.json,正式性依所在實驗資料夾與欄位內容判定,方法/實驗結果：ROI 與 RAD-DINO 蒸餾,high,
outputs/raddino_convnext_tiny_experiment_seed42/final_comparison/error_analysis/baseline_correct_proposed_wrong.csv,formal_output,既有輸出證據檔；本次僅讀取不覆蓋,evidence,,,data\processed\bbox_crops_224\2_pleural_thickening\2860567dbd5d3f2597072e0b0e45ccd6_class2_radR9_bbox0003.png; data\processed\bbox_crops_224\2_pleural_thickening\4308b795084095f21117491e3b07f2a7_class2_radR10_bbox0011.png; data\processed\bbox_crops_224\2_pleural_thickening\91e721ea0143333c5efe5dfb8ca98746_class2_radR10_bbox0010.png; data\processed\bbox_crops_224\2_pleural_thickening\91e721ea0143333c5efe5dfb8ca98746_class2_radR9_bbox0009.png; data\processed\bbox_crops_224\2_pleural_thickening\b489964b59d3f6f9070e45a02e469d8b_class2_radR9_bbox0009.png; data\processed\bbox_crops_224\2_pleural_thickening\bda862be2d20d538b558300c97b8255c_class2_radR9_bbox0001.png; data\processed\bbox_crops_224\2_pleural_thickening\bda862be2d20d538b558300c97b8255c_class2_radR9_bbox0003.png; data\processed\bbox_crops_224\2_pleural_thickening\e31be972e181987a8600a8700c1ebe88_class2_radR10_bbox0004.png; data\processed\bbox_crops_224\2_pleural_thickening\e31be972e181987a8600a8700c1ebe88_class2_radR8_bbox0019.png; data\processed\bbox_crops_224\2_pleural_thickening\e31be972e181987a8600a8700c1ebe88_class2_radR9_bbox0003.png; data\processed\bbox_crops_224\2_pleural_thickening\e31be972e181987a8600a8700c1ebe88_class2_radR9_bbox0021.png; data\processed\bbox_crops_224\3_pulmonary_fibrosis\44ff83f86f81c54ed2540ccddcc68263_class3_radR8_bbox0003.png,,正式性依所在實驗資料夾與欄位內容判定,方法/實驗結果：ROI 與 RAD-DINO 蒸餾,high,
outputs/raddino_convnext_tiny_experiment_seed42/final_comparison/error_analysis/baseline_wrong_proposed_correct.csv,formal_output,既有輸出證據檔；本次僅讀取不覆蓋,evidence,,,data\processed\bbox_crops_224\2_pleural_thickening\23f267e42a7e9f496aa143fe11f241ff_class2_radR9_bbox0009.png; data\processed\bbox_crops_224\2_pleural_thickening\3124a602cb56b2a41271a8b658410457_class2_radR9_bbox0006.png; data\processed\bbox_crops_224\2_pleural_thickening\3124a602cb56b2a41271a8b658410457_class2_radR9_bbox0011.png; data\processed\bbox_crops_224\2_pleural_thickening\4308b795084095f21117491e3b07f2a7_class2_radR10_bbox0023.png; data\processed\bbox_crops_224\2_pleural_thickening\551456e08a1327bdba41297c8ebb8c6f_class2_radR9_bbox0002.png; data\processed\bbox_crops_224\2_pleural_thickening\900fa6baa0c15f5c96eaed57294ec6d4_class2_radR9_bbox0004.png; data\processed\bbox_crops_224\2_pleural_thickening\9278f10a8ff708a2cb687a2f0366ad74_class2_radR10_bbox0003.png; data\processed\bbox_crops_224\2_pleural_thickening\b117813585c3d832d90eabc3cce04721_class2_radR9_bbox0002.png; data\processed\bbox_crops_224\2_pleural_thickening\bbc8cca2bda1c6bc5b66715a12830d78_class2_radR9_bbox0004.png; data\processed\bbox_crops_224\2_pleural_thickening\bbc8cca2bda1c6bc5b66715a12830d78_class2_radR9_bbox0010.png; data\processed\bbox_crops_224\2_pleural_thickening\e31be972e181987a8600a8700c1ebe88_class2_radR9_bbox0015.png; data\processed\bbox_crops_224\2_pleural_thickening\ee87cffb47722b3161ea80a75fa307a4_class2_radR10_bbox0001.png,,正式性依所在實驗資料夾與欄位內容判定,方法/實驗結果：ROI 與 RAD-DINO 蒸餾,high,
outputs/raddino_convnext_tiny_experiment_seed42/final_comparison/error_analysis/both_wrong_different_prediction.csv,formal_output,既有輸出證據檔；本次僅讀取不覆蓋,evidence,,,data\processed\bbox_crops_224\2_pleural_thickening\d6d95f11e158dafc5fe2955b81192f51_class2_radR10_bbox0009.png; data\processed\bbox_crops_224\2_pleural_thickening\ee87cffb47722b3161ea80a75fa307a4_class2_radR9_bbox0003.png,,正式性依所在實驗資料夾與欄位內容判定,方法/實驗結果：ROI 與 RAD-DINO 蒸餾,high,
outputs/raddino_convnext_tiny_experiment_seed42/final_comparison/error_analysis/both_wrong_same_prediction.csv,formal_output,既有輸出證據檔；本次僅讀取不覆蓋,evidence,,,data\processed\bbox_crops_224\1_cardiomegaly\c8205cbdfff77ee90770156c3075a38f_class1_radR11_bbox0004.png; data\processed\bbox_crops_224\2_pleural_thickening\1bbd7232924e951e7fa87ffa0f62ec3d_class2_radR9_bbox0001.png; data\processed\bbox_crops_224\2_pleural_thickening\23f267e42a7e9f496aa143fe11f241ff_class2_radR10_bbox0006.png; data\processed\bbox_crops_224\2_pleural_thickening\2860567dbd5d3f2597072e0b0e45ccd6_class2_radR8_bbox0007.png; data\processed\bbox_crops_224\2_pleural_thickening\28d769becacfbdeebab6d3fda7322cf7_class2_radR10_bbox0008.png; data\processed\bbox_crops_224\2_pleural_thickening\2a848e44e179f5e9b7d708835cfa5109_class2_radR10_bbox0004.png; data\processed\bbox_crops_224\2_pleural_thickening\2a848e44e179f5e9b7d708835cfa5109_class2_radR9_bbox0005.png; data\processed\bbox_crops_224\2_pleural_thickening\3124a602cb56b2a41271a8b658410457_class2_radR10_bbox0001.png; data\processed\bbox_crops_224\2_pleural_thickening\3ff22a602b26d804863daaf6b7230d47_class2_radR9_bbox0003.png; data\processed\bbox_crops_224\2_pleural_thickening\4308b795084095f21117491e3b07f2a7_class2_radR9_bbox0005.png; data\processed\bbox_crops_224\2_pleural_thickening\4b6ca2a1a046bd045ea254e6550c8b5c_class2_radR9_bbox0001.png; data\processed\bbox_crops_224\2_pleural_thickening\4b6ca2a1a046bd045ea254e6550c8b5c_class2_radR9_bbox0006.png,,正式性依所在實驗資料夾與欄位內容判定,方法/實驗結果：ROI 與 RAD-DINO 蒸餾,high,
outputs/raddino_convnext_tiny_experiment_seed42/final_comparison/error_analysis/error_transition_matrix.csv,formal_output,既有輸出證據檔；本次僅讀取不覆蓋,evidence,,,,,正式性依所在實驗資料夾與欄位內容判定,方法/實驗結果：ROI 與 RAD-DINO 蒸餾,high,
outputs/raddino_convnext_tiny_experiment_seed42/final_comparison/error_analysis/largest_confidence_changes.csv,formal_output,既有輸出證據檔；本次僅讀取不覆蓋,evidence,,,data\processed\bbox_crops_224\0_aortic_enlargement\da9778a74d1eb6016acd497948eae1d1_class0_radR10_bbox0005.png; data\processed\bbox_crops_224\2_pleural_thickening\0c76c19b3f015e0387dd2adcbef86182_class2_radR10_bbox0001.png; data\processed\bbox_crops_224\2_pleural_thickening\23f267e42a7e9f496aa143fe11f241ff_class2_radR10_bbox0006.png; data\processed\bbox_crops_224\2_pleural_thickening\23f267e42a7e9f496aa143fe11f241ff_class2_radR9_bbox0009.png; data\processed\bbox_crops_224\2_pleural_thickening\2860567dbd5d3f2597072e0b0e45ccd6_class2_radR9_bbox0003.png; data\processed\bbox_crops_224\2_pleural_thickening\3124a602cb56b2a41271a8b658410457_class2_radR10_bbox0001.png; data\processed\bbox_crops_224\2_pleural_thickening\3124a602cb56b2a41271a8b658410457_class2_radR9_bbox0006.png; data\processed\bbox_crops_224\2_pleural_thickening\3124a602cb56b2a41271a8b658410457_class2_radR9_bbox0011.png; data\processed\bbox_crops_224\2_pleural_thickening\4b6ca2a1a046bd045ea254e6550c8b5c_class2_radR9_bbox0001.png; data\processed\bbox_crops_224\2_pleural_thickening\58e1820f96aa84a141c9e217c46dfe71_class2_radR8_bbox0006.png; data\processed\bbox_crops_224\2_pleural_thickening\58e1820f96aa84a141c9e217c46dfe71_class2_radR9_bbox0010.png; data\processed\bbox_crops_224\2_pleural_thickening\717b848dae42dc6c33d6d3a5754e690b_class2_radR10_bbox0005.png,,正式性依所在實驗資料夾與欄位內容判定,方法/實驗結果：ROI 與 RAD-DINO 蒸餾,high,
outputs/raddino_convnext_tiny_experiment_seed42/final_comparison/fairness_audit.json,formal_output,既有輸出證據檔；本次僅讀取不覆蓋,evidence,,,config_copies; config_sha256; dataloader_workers,,正式性依所在實驗資料夾與欄位內容判定,方法/實驗結果：ROI 與 RAD-DINO 蒸餾,high,
outputs/raddino_convnext_tiny_experiment_seed42/final_comparison/fairness_audit.txt,formal_output,既有輸出證據檔；本次僅讀取不覆蓋,evidence,,,config_copies; config_sha256; dataloader_workers,,正式性依所在實驗資料夾與欄位內容判定,方法/實驗結果：ROI 與 RAD-DINO 蒸餾,high,
outputs/raddino_convnext_tiny_experiment_seed42/final_comparison/final_comparison_report.md,formal_output,既有輸出證據檔；本次僅讀取不覆蓋,evidence,,,,,正式性依所在實驗資料夾與欄位內容判定,方法/實驗結果：ROI 與 RAD-DINO 蒸餾,high,
outputs/raddino_convnext_tiny_experiment_seed42/final_comparison/final_comparison_summary.json,formal_output,既有輸出證據檔；本次僅讀取不覆蓋,evidence,,,config_copies; config_sha256; dataloader_workers; outputs_modified,outputs_modified,正式性依所在實驗資料夾與欄位內容判定,方法/實驗結果：ROI 與 RAD-DINO 蒸餾,high,
outputs/raddino_convnext_tiny_experiment_seed42/final_comparison/predictions/paired_test_predictions.csv,formal_output,既有輸出證據檔；本次僅讀取不覆蓋,evidence,,,data\processed\bbox_crops_224\0_aortic_enlargement\0c25b330d5b20498108b343c644f2a1c_class0_radR10_bbox0004.png; data\processed\bbox_crops_224\0_aortic_enlargement\0c25b330d5b20498108b343c644f2a1c_class0_radR8_bbox0001.png; data\processed\bbox_crops_224\0_aortic_enlargement\0c25b330d5b20498108b343c644f2a1c_class0_radR9_bbox0005.png; data\processed\bbox_crops_224\0_aortic_enlargement\0c31081e8ada2990bcbef0f12ea60b07_class0_radR10_bbox0002.png; data\processed\bbox_crops_224\0_aortic_enlargement\0c31081e8ada2990bcbef0f12ea60b07_class0_radR8_bbox0001.png; data\processed\bbox_crops_224\0_aortic_enlargement\0c31081e8ada2990bcbef0f12ea60b07_class0_radR9_bbox0003.png; data\processed\bbox_crops_224\0_aortic_enlargement\0c76c19b3f015e0387dd2adcbef86182_class0_radR10_bbox0002.png; data\processed\bbox_crops_224\0_aortic_enlargement\0c76c19b3f015e0387dd2adcbef86182_class0_radR8_bbox0006.png; data\processed\bbox_crops_224\0_aortic_enlargement\10e7dac260f11046164aa94f2d8add9f_class0_radR10_bbox0002.png; data\processed\bbox_crops_224\0_aortic_enlargement\10e7dac260f11046164aa94f2d8add9f_class0_radR8_bbox0001.png; data\processed\bbox_crops_224\0_aortic_enlargement\10e7dac260f11046164aa94f2d8add9f_class0_radR9_bbox0003.png; data\processed\bbox_crops_224\0_aortic_enlargement\12e0e910766f2d1b1ccda7c32051643f_class0_radR10_bbox0003.png,,正式性依所在實驗資料夾與欄位內容判定,方法/實驗結果：ROI 與 RAD-DINO 蒸餾,high,
outputs/raddino_convnext_tiny_experiment_seed42/final_comparison/research_conclusion.md,formal_output,既有輸出證據檔；本次僅讀取不覆蓋,evidence,,,,,正式性依所在實驗資料夾與欄位內容判定,方法/實驗結果：ROI 與 RAD-DINO 蒸餾,high,
outputs/raddino_convnext_tiny_experiment_seed42/final_comparison/statistics/cluster_bootstrap_metadata.json,formal_output,既有輸出證據檔；本次僅讀取不覆蓋,evidence,,,,,正式性依所在實驗資料夾與欄位內容判定,方法/實驗結果：ROI 與 RAD-DINO 蒸餾,high,
outputs/raddino_convnext_tiny_experiment_seed42/final_comparison/statistics/cluster_bootstrap_results.csv,formal_output,既有輸出證據檔；本次僅讀取不覆蓋,evidence,,,,,正式性依所在實驗資料夾與欄位內容判定,方法/實驗結果：ROI 與 RAD-DINO 蒸餾,high,
outputs/raddino_convnext_tiny_experiment_seed42/final_comparison/statistics/mcnemar_supplementary.json,formal_output,既有輸出證據檔；本次僅讀取不覆蓋,evidence,,,,,正式性依所在實驗資料夾與欄位內容判定,方法/實驗結果：ROI 與 RAD-DINO 蒸餾,high,
outputs/raddino_convnext_tiny_experiment_seed42/final_comparison/statistics/paired_correctness_table.csv,formal_output,既有輸出證據檔；本次僅讀取不覆蓋,evidence,,,,,正式性依所在實驗資料夾與欄位內容判定,方法/實驗結果：ROI 與 RAD-DINO 蒸餾,high,
outputs/raddino_convnext_tiny_experiment_seed42/final_comparison/tables/overall_metrics_comparison.csv,formal_output,既有輸出證據檔；本次僅讀取不覆蓋,evidence,,,,,正式性依所在實驗資料夾與欄位內容判定,方法/實驗結果：ROI 與 RAD-DINO 蒸餾,high,
outputs/raddino_convnext_tiny_experiment_seed42/final_comparison/tables/per_class_auroc_summary.csv,formal_output,既有輸出證據檔；本次僅讀取不覆蓋,evidence,,,,,正式性依所在實驗資料夾與欄位內容判定,方法/實驗結果：ROI 與 RAD-DINO 蒸餾,high,
outputs/raddino_convnext_tiny_experiment_seed42/final_comparison/tables/per_class_f1_summary.csv,formal_output,既有輸出證據檔；本次僅讀取不覆蓋,evidence,,,,,正式性依所在實驗資料夾與欄位內容判定,方法/實驗結果：ROI 與 RAD-DINO 蒸餾,high,
outputs/raddino_convnext_tiny_experiment_seed42/final_comparison/tables/per_class_metrics_comparison.csv,formal_output,既有輸出證據檔；本次僅讀取不覆蓋,evidence,,,,,正式性依所在實驗資料夾與欄位內容判定,方法/實驗結果：ROI 與 RAD-DINO 蒸餾,high,
outputs/raddino_convnext_tiny_experiment_seed42/final_comparison/tables/training_efficiency_comparison.csv,formal_output,既有輸出證據檔；本次僅讀取不覆蓋,evidence,,,,,正式性依所在實驗資料夾與欄位內容判定,方法/實驗結果：ROI 與 RAD-DINO 蒸餾,high,
outputs/raddino_convnext_tiny_experiment_seed42/phase1_distillation/config/environment.json,formal_output,既有輸出證據檔；本次僅讀取不覆蓋,evidence,,,,,正式性依所在實驗資料夾與欄位內容判定,方法/實驗結果：ROI 與 RAD-DINO 蒸餾,high,
outputs/raddino_convnext_tiny_experiment_seed42/phase1_distillation/config/phase1_config.json,formal_output,既有輸出證據檔；本次僅讀取不覆蓋,evidence,,,dataset_rows; outputs\\raddino_feature_cache\\balanced_945_seed42\\roi_manifest.csv; outputs\\raddino_feature_cache\\balanced_945_seed42\\teacher_features.pt,outputs\\raddino_feature_cache\\balanced_945_seed42\\roi_manifest.csv; outputs\\raddino_feature_cache\\balanced_945_seed42\\teacher_features.pt,正式性依所在實驗資料夾與欄位內容判定,方法/實驗結果：ROI 與 RAD-DINO 蒸餾,high,
outputs/raddino_convnext_tiny_experiment_seed42/phase1_distillation/config/pip_freeze.txt,formal_output,既有輸出證據檔；本次僅讀取不覆蓋,evidence,,,,,正式性依所在實驗資料夾與欄位內容判定,方法/實驗結果：ROI 與 RAD-DINO 蒸餾,high,
outputs/raddino_convnext_tiny_experiment_seed42/phase1_distillation/diagnostics/augmentation_audit.json,formal_output,既有輸出證據檔；本次僅讀取不覆蓋,evidence,,,outputs\\roi_balanced_224\\balanced_945_seed42\\0_aortic_enlargement\\077c76dffde69c0b90c28d78ef2ac31e_class0_radR10_bbox0001.png; outputs\\roi_balanced_224\\balanced_945_seed42\\0_aortic_enlargement\\1b420f79b18aeb2c7644d4998d313f37_class0_radR9_bbox0005.png; outputs\\roi_balanced_224\\balanced_945_seed42\\0_aortic_enlargement\\1d0b8741c4689494aed1c1859eb891dc_class0_radR9_bbox0001__aug_brightness_0093_f105.png; outputs\\roi_balanced_224\\balanced_945_seed42\\0_aortic_enlargement\\1f80202df9f9ee45002ea22f2f29d31f_class0_radR9_bbox0004.png; outputs\\roi_balanced_224\\balanced_945_seed42\\0_aortic_enlargement\\2583527ca7c4a6e278fb4506ba8637ab_class0_radR10_bbox0001.png; outputs\\roi_balanced_224\\balanced_945_seed42\\0_aortic_enlargement\\aabc4acd6a8f6c27828a11701675a6e7_class0_radR10_bbox0009.png; outputs\\roi_balanced_224\\balanced_945_seed42\\0_aortic_enlargement\\b99a097e12daedcc1d269899c813db0c_class0_radR10_bbox0006.png; outputs\\roi_balanced_224\\balanced_945_seed42\\0_aortic_enlargement\\d7bbb290f6691900ee45ea1ed1d5787f_class0_radR10_bbox0003.png; outputs\\roi_balanced_224\\balanced_945_seed42\\0_aortic_enlargement\\f491935369d316678118cd07d5646de6_class0_radR8_bbox0010__aug_brightness_0095_f103.png; outputs\\roi_balanced_224\\balanced_945_seed42\\1_cardiomegaly\\1c2621f624311e2ab55fb909b3b53d19_class1_radR10_bbox0008.png; outputs\\roi_balanced_224\\balanced_945_seed42\\1_cardiomegaly\\9fd7ae7f030dbd0185a3984704dcdc5d_class1_radR10_bbox0002__aug_brightness_0045_f103.png; outputs\\roi_balanced_224\\balanced_945_seed42\\1_cardiomegaly\\d936f8115e8be8a46c5933decd3b6b94_class1_radR10_bbox0010.png,outputs\\roi_balanced_224\\balanced_945_seed42\\0_aortic_enlargement\\077c76dffde69c0b90c28d78ef2ac31e_class0_radR10_bbox0001.png; outputs\\roi_balanced_224\\balanced_945_seed42\\0_aortic_enlargement\\1b420f79b18aeb2c7644d4998d313f37_class0_radR9_bbox0005.png; outputs\\roi_balanced_224\\balanced_945_seed42\\0_aortic_enlargement\\1d0b8741c4689494aed1c1859eb891dc_class0_radR9_bbox0001__aug_brightness_0093_f105.png; outputs\\roi_balanced_224\\balanced_945_seed42\\0_aortic_enlargement\\1f80202df9f9ee45002ea22f2f29d31f_class0_radR9_bbox0004.png; outputs\\roi_balanced_224\\balanced_945_seed42\\0_aortic_enlargement\\2583527ca7c4a6e278fb4506ba8637ab_class0_radR10_bbox0001.png; outputs\\roi_balanced_224\\balanced_945_seed42\\0_aortic_enlargement\\aabc4acd6a8f6c27828a11701675a6e7_class0_radR10_bbox0009.png; outputs\\roi_balanced_224\\balanced_945_seed42\\0_aortic_enlargement\\b99a097e12daedcc1d269899c813db0c_class0_radR10_bbox0006.png; outputs\\roi_balanced_224\\balanced_945_seed42\\0_aortic_enlargement\\d7bbb290f6691900ee45ea1ed1d5787f_class0_radR10_bbox0003.png; outputs\\roi_balanced_224\\balanced_945_seed42\\0_aortic_enlargement\\f491935369d316678118cd07d5646de6_class0_radR8_bbox0010__aug_brightness_0095_f103.png; outputs\\roi_balanced_224\\balanced_945_seed42\\1_cardiomegaly\\1c2621f624311e2ab55fb909b3b53d19_class1_radR10_bbox0008.png; outputs\\roi_balanced_224\\balanced_945_seed42\\1_cardiomegaly\\9fd7ae7f030dbd0185a3984704dcdc5d_class1_radR10_bbox0002__aug_brightness_0045_f103.png; outputs\\roi_balanced_224\\balanced_945_seed42\\1_cardiomegaly\\d936f8115e8be8a46c5933decd3b6b94_class1_radR10_bbox0010.png,正式性依所在實驗資料夾與欄位內容判定,方法/實驗結果：ROI 與 RAD-DINO 蒸餾,high,
outputs/raddino_convnext_tiny_experiment_seed42/phase1_distillation/diagnostics/phase1_final_audit.json,formal_output,既有輸出證據檔；本次僅讀取不覆蓋,evidence,,,outputs\\raddino_convnext_tiny_experiment_seed42\\phase1_distillation\\checkpoints\\best.pt; outputs\\raddino_convnext_tiny_experiment_seed42\\phase1_distillation\\checkpoints\\distilled_convnext_tiny_backbone.pt; outputs\\raddino_convnext_tiny_experiment_seed42\\phase1_distillation\\checkpoints\\last.pt,outputs\\raddino_convnext_tiny_experiment_seed42\\phase1_distillation\\checkpoints\\best.pt; outputs\\raddino_convnext_tiny_experiment_seed42\\phase1_distillation\\checkpoints\\distilled_convnext_tiny_backbone.pt; outputs\\raddino_convnext_tiny_experiment_seed42\\phase1_distillation\\checkpoints\\last.pt,正式性依所在實驗資料夾與欄位內容判定,方法/實驗結果：ROI 與 RAD-DINO 蒸餾,high,
outputs/raddino_convnext_tiny_experiment_seed42/phase1_distillation/diagnostics/stage0_smoke_test.json,formal_output,既有輸出證據檔；本次僅讀取不覆蓋,evidence,,,outputs\\roi_balanced_224\\balanced_945_seed42\\0_aortic_enlargement\\077c76dffde69c0b90c28d78ef2ac31e_class0_radR10_bbox0001.png; outputs\\roi_balanced_224\\balanced_945_seed42\\0_aortic_enlargement\\1b420f79b18aeb2c7644d4998d313f37_class0_radR9_bbox0005.png; outputs\\roi_balanced_224\\balanced_945_seed42\\0_aortic_enlargement\\1d0b8741c4689494aed1c1859eb891dc_class0_radR9_bbox0001__aug_brightness_0093_f105.png; outputs\\roi_balanced_224\\balanced_945_seed42\\0_aortic_enlargement\\1f80202df9f9ee45002ea22f2f29d31f_class0_radR9_bbox0004.png; outputs\\roi_balanced_224\\balanced_945_seed42\\0_aortic_enlargement\\2583527ca7c4a6e278fb4506ba8637ab_class0_radR10_bbox0001.png; outputs\\roi_balanced_224\\balanced_945_seed42\\0_aortic_enlargement\\aabc4acd6a8f6c27828a11701675a6e7_class0_radR10_bbox0009.png; outputs\\roi_balanced_224\\balanced_945_seed42\\0_aortic_enlargement\\b99a097e12daedcc1d269899c813db0c_class0_radR10_bbox0006.png; outputs\\roi_balanced_224\\balanced_945_seed42\\0_aortic_enlargement\\d7bbb290f6691900ee45ea1ed1d5787f_class0_radR10_bbox0003.png; outputs\\roi_balanced_224\\balanced_945_seed42\\0_aortic_enlargement\\f491935369d316678118cd07d5646de6_class0_radR8_bbox0010__aug_brightness_0095_f103.png; outputs\\roi_balanced_224\\balanced_945_seed42\\1_cardiomegaly\\1c2621f624311e2ab55fb909b3b53d19_class1_radR10_bbox0008.png; outputs\\roi_balanced_224\\balanced_945_seed42\\1_cardiomegaly\\9fd7ae7f030dbd0185a3984704dcdc5d_class1_radR10_bbox0002__aug_brightness_0045_f103.png; outputs\\roi_balanced_224\\balanced_945_seed42\\1_cardiomegaly\\d936f8115e8be8a46c5933decd3b6b94_class1_radR10_bbox0010.png,outputs\\roi_balanced_224\\balanced_945_seed42\\0_aortic_enlargement\\077c76dffde69c0b90c28d78ef2ac31e_class0_radR10_bbox0001.png; outputs\\roi_balanced_224\\balanced_945_seed42\\0_aortic_enlargement\\1b420f79b18aeb2c7644d4998d313f37_class0_radR9_bbox0005.png; outputs\\roi_balanced_224\\balanced_945_seed42\\0_aortic_enlargement\\1d0b8741c4689494aed1c1859eb891dc_class0_radR9_bbox0001__aug_brightness_0093_f105.png; outputs\\roi_balanced_224\\balanced_945_seed42\\0_aortic_enlargement\\1f80202df9f9ee45002ea22f2f29d31f_class0_radR9_bbox0004.png; outputs\\roi_balanced_224\\balanced_945_seed42\\0_aortic_enlargement\\2583527ca7c4a6e278fb4506ba8637ab_class0_radR10_bbox0001.png; outputs\\roi_balanced_224\\balanced_945_seed42\\0_aortic_enlargement\\aabc4acd6a8f6c27828a11701675a6e7_class0_radR10_bbox0009.png; outputs\\roi_balanced_224\\balanced_945_seed42\\0_aortic_enlargement\\b99a097e12daedcc1d269899c813db0c_class0_radR10_bbox0006.png; outputs\\roi_balanced_224\\balanced_945_seed42\\0_aortic_enlargement\\d7bbb290f6691900ee45ea1ed1d5787f_class0_radR10_bbox0003.png; outputs\\roi_balanced_224\\balanced_945_seed42\\0_aortic_enlargement\\f491935369d316678118cd07d5646de6_class0_radR8_bbox0010__aug_brightness_0095_f103.png; outputs\\roi_balanced_224\\balanced_945_seed42\\1_cardiomegaly\\1c2621f624311e2ab55fb909b3b53d19_class1_radR10_bbox0008.png; outputs\\roi_balanced_224\\balanced_945_seed42\\1_cardiomegaly\\9fd7ae7f030dbd0185a3984704dcdc5d_class1_radR10_bbox0002__aug_brightness_0045_f103.png; outputs\\roi_balanced_224\\balanced_945_seed42\\1_cardiomegaly\\d936f8115e8be8a46c5933decd3b6b94_class1_radR10_bbox0010.png,正式性依所在實驗資料夾與欄位內容判定,方法/實驗結果：ROI 與 RAD-DINO 蒸餾,high,
outputs/raddino_convnext_tiny_experiment_seed42/phase1_distillation/diagnostics/training_failure.json,formal_output,既有輸出證據檔；本次僅讀取不覆蓋,evidence,,,data/156,,正式性依所在實驗資料夾與欄位內容判定,方法/實驗結果：ROI 與 RAD-DINO 蒸餾,high,
outputs/raddino_convnext_tiny_experiment_seed42/phase1_distillation/metrics/phase1_metrics.csv,formal_output,既有輸出證據檔；本次僅讀取不覆蓋,evidence,,,,,正式性依所在實驗資料夾與欄位內容判定,方法/實驗結果：ROI 與 RAD-DINO 蒸餾,high,
outputs/raddino_convnext_tiny_experiment_seed42/phase1_distillation/phase1_training_summary.md,formal_output,既有輸出證據檔；本次僅讀取不覆蓋,evidence,,,,,正式性依所在實驗資料夾與欄位內容判定,方法/實驗結果：ROI 與 RAD-DINO 蒸餾,high,
outputs/raddino_convnext_tiny_experiment_seed42/phase2_baseline_imagenet/config/baseline_experiment_config.json,formal_output,既有輸出證據檔；本次僅讀取不覆蓋,evidence,,,config_path; config_sha256; outputs\\raddino_convnext_tiny_experiment_seed42\\phase2_baseline_imagenet; outputs\\raddino_convnext_tiny_experiment_seed42\\shared_phase2_finetune_config.json; weights_enum,outputs\\raddino_convnext_tiny_experiment_seed42\\phase2_baseline_imagenet; outputs\\raddino_convnext_tiny_experiment_seed42\\shared_phase2_finetune_config.json,正式性依所在實驗資料夾與欄位內容判定,方法/實驗結果：ROI 與 RAD-DINO 蒸餾,high,
outputs/raddino_convnext_tiny_experiment_seed42/phase2_baseline_imagenet/config/environment.json,formal_output,既有輸出證據檔；本次僅讀取不覆蓋,evidence,,,,,正式性依所在實驗資料夾與欄位內容判定,方法/實驗結果：ROI 與 RAD-DINO 蒸餾,high,
outputs/raddino_convnext_tiny_experiment_seed42/phase2_baseline_imagenet/config/pip_freeze.txt,formal_output,既有輸出證據檔；本次僅讀取不覆蓋,evidence,,,,,正式性依所在實驗資料夾與欄位內容判定,方法/實驗結果：ROI 與 RAD-DINO 蒸餾,high,
outputs/raddino_convnext_tiny_experiment_seed42/phase2_baseline_imagenet/config/shared_phase2_finetune_config.json,formal_output,既有輸出證據檔；本次僅讀取不覆蓋,evidence,,,data_loader; outputs\\raddino_convnext_tiny_experiment_seed42\\phase2_split\\image_id_split_manifest.csv; outputs\\raddino_convnext_tiny_experiment_seed42\\phase2_split\\shared_training_protocol.json; outputs\\raddino_convnext_tiny_experiment_seed42\\phase2_split\\test_roi_manifest.csv; outputs\\raddino_convnext_tiny_experiment_seed42\\phase2_split\\train_roi_manifest.csv; outputs\\raddino_convnext_tiny_experiment_seed42\\phase2_split\\val_roi_manifest.csv,outputs\\raddino_convnext_tiny_experiment_seed42\\phase2_split\\image_id_split_manifest.csv; outputs\\raddino_convnext_tiny_experiment_seed42\\phase2_split\\shared_training_protocol.json; outputs\\raddino_convnext_tiny_experiment_seed42\\phase2_split\\test_roi_manifest.csv; outputs\\raddino_convnext_tiny_experiment_seed42\\phase2_split\\train_roi_manifest.csv; outputs\\raddino_convnext_tiny_experiment_seed42\\phase2_split\\val_roi_manifest.csv,正式性依所在實驗資料夾與欄位內容判定,方法/實驗結果：ROI 與 RAD-DINO 蒸餾,high,
outputs/raddino_convnext_tiny_experiment_seed42/phase2_baseline_imagenet/diagnostics/augmentation_audit.json,formal_output,既有輸出證據檔；本次僅讀取不覆蓋,evidence,,,outputs\\roi_balanced_224\\balanced_945_seed42\\0_aortic_enlargement\\0007d316f756b3fa0baea2ff514ce945_class0_radR10_bbox0006.png; outputs\\roi_balanced_224\\balanced_945_seed42\\0_aortic_enlargement\\0007d316f756b3fa0baea2ff514ce945_class0_radR9_bbox0007.png; outputs\\roi_balanced_224\\balanced_945_seed42\\0_aortic_enlargement\\00bcb82818ea83d6a86df241762cd7d0_class0_radR9_bbox0001.png; outputs\\roi_balanced_224\\balanced_945_seed42\\0_aortic_enlargement\\0108949daa13dc94634a7d650a05c0bb_class0_radR10_bbox0004.png; outputs\\roi_balanced_224\\balanced_945_seed42\\0_aortic_enlargement\\0108949daa13dc94634a7d650a05c0bb_class0_radR8_bbox0002.png; outputs\\roi_balanced_224\\balanced_945_seed42\\0_aortic_enlargement\\0108949daa13dc94634a7d650a05c0bb_class0_radR9_bbox0005.png; outputs\\roi_balanced_224\\balanced_945_seed42\\0_aortic_enlargement\\010a3dbb67bc37800a041866844861b1_class0_radR10_bbox0002.png; outputs\\roi_balanced_224\\balanced_945_seed42\\0_aortic_enlargement\\010a3dbb67bc37800a041866844861b1_class0_radR10_bbox0002__aug_brightness_0036_f095.png; outputs\\roi_balanced_224\\balanced_945_seed42\\0_aortic_enlargement\\010a3dbb67bc37800a041866844861b1_class0_radR8_bbox0003.png; outputs\\roi_balanced_224\\balanced_945_seed42\\0_aortic_enlargement\\010a3dbb67bc37800a041866844861b1_class0_radR9_bbox0001.png; outputs\\roi_balanced_224\\balanced_945_seed42\\0_aortic_enlargement\\011ae9520e81f1efe71c9d954ec07d09_class0_radR9_bbox0010.png; outputs\\roi_balanced_224\\balanced_945_seed42\\0_aortic_enlargement\\01546d3e6175ceaabd7d92f0c566579d_class0_radR10_bbox0003.png,outputs\\roi_balanced_224\\balanced_945_seed42\\0_aortic_enlargement\\0007d316f756b3fa0baea2ff514ce945_class0_radR10_bbox0006.png; outputs\\roi_balanced_224\\balanced_945_seed42\\0_aortic_enlargement\\0007d316f756b3fa0baea2ff514ce945_class0_radR9_bbox0007.png; outputs\\roi_balanced_224\\balanced_945_seed42\\0_aortic_enlargement\\00bcb82818ea83d6a86df241762cd7d0_class0_radR9_bbox0001.png; outputs\\roi_balanced_224\\balanced_945_seed42\\0_aortic_enlargement\\0108949daa13dc94634a7d650a05c0bb_class0_radR10_bbox0004.png; outputs\\roi_balanced_224\\balanced_945_seed42\\0_aortic_enlargement\\0108949daa13dc94634a7d650a05c0bb_class0_radR8_bbox0002.png; outputs\\roi_balanced_224\\balanced_945_seed42\\0_aortic_enlargement\\0108949daa13dc94634a7d650a05c0bb_class0_radR9_bbox0005.png; outputs\\roi_balanced_224\\balanced_945_seed42\\0_aortic_enlargement\\010a3dbb67bc37800a041866844861b1_class0_radR10_bbox0002.png; outputs\\roi_balanced_224\\balanced_945_seed42\\0_aortic_enlargement\\010a3dbb67bc37800a041866844861b1_class0_radR10_bbox0002__aug_brightness_0036_f095.png; outputs\\roi_balanced_224\\balanced_945_seed42\\0_aortic_enlargement\\010a3dbb67bc37800a041866844861b1_class0_radR8_bbox0003.png; outputs\\roi_balanced_224\\balanced_945_seed42\\0_aortic_enlargement\\010a3dbb67bc37800a041866844861b1_class0_radR9_bbox0001.png; outputs\\roi_balanced_224\\balanced_945_seed42\\0_aortic_enlargement\\011ae9520e81f1efe71c9d954ec07d09_class0_radR9_bbox0010.png; outputs\\roi_balanced_224\\balanced_945_seed42\\0_aortic_enlargement\\01546d3e6175ceaabd7d92f0c566579d_class0_radR10_bbox0003.png,正式性依所在實驗資料夾與欄位內容判定,方法/實驗結果：ROI 與 RAD-DINO 蒸餾,high,
outputs/raddino_convnext_tiny_experiment_seed42/phase2_baseline_imagenet/diagnostics/export_reload_audit.json,formal_output,既有輸出證據檔；本次僅讀取不覆蓋,evidence,,,,,正式性依所在實驗資料夾與欄位內容判定,方法/實驗結果：ROI 與 RAD-DINO 蒸餾,high,
outputs/raddino_convnext_tiny_experiment_seed42/phase2_baseline_imagenet/diagnostics/fairness_audit.json,formal_output,既有輸出證據檔；本次僅讀取不覆蓋,evidence,,,config_byte_identical; config_path; config_sha256; outputs\\raddino_convnext_tiny_experiment_seed42\\phase2_baseline_imagenet; outputs\\raddino_convnext_tiny_experiment_seed42\\phase2_proposed_distilled; outputs\\raddino_convnext_tiny_experiment_seed42\\phase2_proposed_distilled\\config\\experiment_config.json; outputs\\raddino_convnext_tiny_experiment_seed42\\shared_phase2_finetune_config.json; weights_enum,outputs\\raddino_convnext_tiny_experiment_seed42\\phase2_baseline_imagenet; outputs\\raddino_convnext_tiny_experiment_seed42\\phase2_proposed_distilled; outputs\\raddino_convnext_tiny_experiment_seed42\\phase2_proposed_distilled\\config\\experiment_config.json; outputs\\raddino_convnext_tiny_experiment_seed42\\shared_phase2_finetune_config.json,正式性依所在實驗資料夾與欄位內容判定,方法/實驗結果：ROI 與 RAD-DINO 蒸餾,high,
outputs/raddino_convnext_tiny_experiment_seed42/phase2_baseline_imagenet/diagnostics/phase2_final_audit.json,formal_output,既有輸出證據檔；本次僅讀取不覆蓋,evidence,,,,,正式性依所在實驗資料夾與欄位內容判定,方法/實驗結果：ROI 與 RAD-DINO 蒸餾,high,
outputs/raddino_convnext_tiny_experiment_seed42/phase2_baseline_imagenet/diagnostics/preflight_validation.json,formal_output,既有輸出證據檔；本次僅讀取不覆蓋,evidence,,,config_sha256; outputs\\raddino_convnext_tiny_experiment_seed42\\phase2_proposed_distilled\\config\\experiment_config.json,outputs\\raddino_convnext_tiny_experiment_seed42\\phase2_proposed_distilled\\config\\experiment_config.json,正式性依所在實驗資料夾與欄位內容判定,方法/實驗結果：ROI 與 RAD-DINO 蒸餾,high,
outputs/raddino_convnext_tiny_experiment_seed42/phase2_baseline_imagenet/diagnostics/stage0_smoke_test.json,formal_output,既有輸出證據檔；本次僅讀取不覆蓋,evidence,,,config_sha256; outputs\\roi_balanced_224\\balanced_945_seed42\\0_aortic_enlargement\\0007d316f756b3fa0baea2ff514ce945_class0_radR10_bbox0006.png; outputs\\roi_balanced_224\\balanced_945_seed42\\0_aortic_enlargement\\0007d316f756b3fa0baea2ff514ce945_class0_radR9_bbox0007.png; outputs\\roi_balanced_224\\balanced_945_seed42\\0_aortic_enlargement\\00bcb82818ea83d6a86df241762cd7d0_class0_radR9_bbox0001.png; outputs\\roi_balanced_224\\balanced_945_seed42\\0_aortic_enlargement\\0108949daa13dc94634a7d650a05c0bb_class0_radR10_bbox0004.png; outputs\\roi_balanced_224\\balanced_945_seed42\\0_aortic_enlargement\\0108949daa13dc94634a7d650a05c0bb_class0_radR8_bbox0002.png; outputs\\roi_balanced_224\\balanced_945_seed42\\0_aortic_enlargement\\0108949daa13dc94634a7d650a05c0bb_class0_radR9_bbox0005.png; outputs\\roi_balanced_224\\balanced_945_seed42\\0_aortic_enlargement\\010a3dbb67bc37800a041866844861b1_class0_radR10_bbox0002.png; outputs\\roi_balanced_224\\balanced_945_seed42\\0_aortic_enlargement\\010a3dbb67bc37800a041866844861b1_class0_radR10_bbox0002__aug_brightness_0036_f095.png; outputs\\roi_balanced_224\\balanced_945_seed42\\0_aortic_enlargement\\010a3dbb67bc37800a041866844861b1_class0_radR8_bbox0003.png; outputs\\roi_balanced_224\\balanced_945_seed42\\0_aortic_enlargement\\010a3dbb67bc37800a041866844861b1_class0_radR9_bbox0001.png; outputs\\roi_balanced_224\\balanced_945_seed42\\0_aortic_enlargement\\011ae9520e81f1efe71c9d954ec07d09_class0_radR9_bbox0010.png,outputs\\roi_balanced_224\\balanced_945_seed42\\0_aortic_enlargement\\0007d316f756b3fa0baea2ff514ce945_class0_radR10_bbox0006.png; outputs\\roi_balanced_224\\balanced_945_seed42\\0_aortic_enlargement\\0007d316f756b3fa0baea2ff514ce945_class0_radR9_bbox0007.png; outputs\\roi_balanced_224\\balanced_945_seed42\\0_aortic_enlargement\\00bcb82818ea83d6a86df241762cd7d0_class0_radR9_bbox0001.png; outputs\\roi_balanced_224\\balanced_945_seed42\\0_aortic_enlargement\\0108949daa13dc94634a7d650a05c0bb_class0_radR10_bbox0004.png; outputs\\roi_balanced_224\\balanced_945_seed42\\0_aortic_enlargement\\0108949daa13dc94634a7d650a05c0bb_class0_radR8_bbox0002.png; outputs\\roi_balanced_224\\balanced_945_seed42\\0_aortic_enlargement\\0108949daa13dc94634a7d650a05c0bb_class0_radR9_bbox0005.png; outputs\\roi_balanced_224\\balanced_945_seed42\\0_aortic_enlargement\\010a3dbb67bc37800a041866844861b1_class0_radR10_bbox0002.png; outputs\\roi_balanced_224\\balanced_945_seed42\\0_aortic_enlargement\\010a3dbb67bc37800a041866844861b1_class0_radR10_bbox0002__aug_brightness_0036_f095.png; outputs\\roi_balanced_224\\balanced_945_seed42\\0_aortic_enlargement\\010a3dbb67bc37800a041866844861b1_class0_radR8_bbox0003.png; outputs\\roi_balanced_224\\balanced_945_seed42\\0_aortic_enlargement\\010a3dbb67bc37800a041866844861b1_class0_radR9_bbox0001.png; outputs\\roi_balanced_224\\balanced_945_seed42\\0_aortic_enlargement\\011ae9520e81f1efe71c9d954ec07d09_class0_radR9_bbox0010.png; outputs\\roi_balanced_224\\balanced_945_seed42\\0_aortic_enlargement\\01546d3e6175ceaabd7d92f0c566579d_class0_radR10_bbox0003.png,正式性依所在實驗資料夾與欄位內容判定,方法/實驗結果：ROI 與 RAD-DINO 蒸餾,high,
outputs/raddino_convnext_tiny_experiment_seed42/phase2_baseline_imagenet/metrics/phase2_metrics.csv,formal_output,既有輸出證據檔；本次僅讀取不覆蓋,evidence,,,,,正式性依所在實驗資料夾與欄位內容判定,方法/實驗結果：ROI 與 RAD-DINO 蒸餾,high,
outputs/raddino_convnext_tiny_experiment_seed42/phase2_baseline_imagenet/phase2_baseline_training_summary.md,formal_output,既有輸出證據檔；本次僅讀取不覆蓋,evidence,,,,,正式性依所在實驗資料夾與欄位內容判定,方法/實驗結果：ROI 與 RAD-DINO 蒸餾,high,
outputs/raddino_convnext_tiny_experiment_seed42/phase2_baseline_imagenet/predictions/test_predictions.csv,formal_output,既有輸出證據檔；本次僅讀取不覆蓋,evidence,,,data\processed\bbox_crops_224\0_aortic_enlargement\0c25b330d5b20498108b343c644f2a1c_class0_radR10_bbox0004.png; data\processed\bbox_crops_224\0_aortic_enlargement\0c25b330d5b20498108b343c644f2a1c_class0_radR8_bbox0001.png; data\processed\bbox_crops_224\0_aortic_enlargement\0c25b330d5b20498108b343c644f2a1c_class0_radR9_bbox0005.png; data\processed\bbox_crops_224\0_aortic_enlargement\0c31081e8ada2990bcbef0f12ea60b07_class0_radR10_bbox0002.png; data\processed\bbox_crops_224\0_aortic_enlargement\0c31081e8ada2990bcbef0f12ea60b07_class0_radR8_bbox0001.png; data\processed\bbox_crops_224\0_aortic_enlargement\0c31081e8ada2990bcbef0f12ea60b07_class0_radR9_bbox0003.png; data\processed\bbox_crops_224\0_aortic_enlargement\0c76c19b3f015e0387dd2adcbef86182_class0_radR10_bbox0002.png; data\processed\bbox_crops_224\0_aortic_enlargement\0c76c19b3f015e0387dd2adcbef86182_class0_radR8_bbox0006.png; data\processed\bbox_crops_224\0_aortic_enlargement\10e7dac260f11046164aa94f2d8add9f_class0_radR10_bbox0002.png; data\processed\bbox_crops_224\0_aortic_enlargement\10e7dac260f11046164aa94f2d8add9f_class0_radR8_bbox0001.png; data\processed\bbox_crops_224\0_aortic_enlargement\10e7dac260f11046164aa94f2d8add9f_class0_radR9_bbox0003.png; data\processed\bbox_crops_224\0_aortic_enlargement\12e0e910766f2d1b1ccda7c32051643f_class0_radR10_bbox0003.png,,正式性依所在實驗資料夾與欄位內容判定,方法/實驗結果：ROI 與 RAD-DINO 蒸餾,high,
outputs/raddino_convnext_tiny_experiment_seed42/phase2_baseline_imagenet/test_results/classification_report.csv,formal_output,既有輸出證據檔；本次僅讀取不覆蓋,evidence,,,,,正式性依所在實驗資料夾與欄位內容判定,方法/實驗結果：ROI 與 RAD-DINO 蒸餾,high,
outputs/raddino_convnext_tiny_experiment_seed42/phase2_baseline_imagenet/test_results/per_class_metrics.csv,formal_output,既有輸出證據檔；本次僅讀取不覆蓋,evidence,,,,,正式性依所在實驗資料夾與欄位內容判定,方法/實驗結果：ROI 與 RAD-DINO 蒸餾,high,
outputs/raddino_convnext_tiny_experiment_seed42/phase2_baseline_imagenet/test_results/test_evaluation_metadata.json,formal_output,既有輸出證據檔；本次僅讀取不覆蓋,evidence,,,outputs\\raddino_convnext_tiny_experiment_seed42\\phase2_baseline_imagenet\\checkpoints\\best.pt; outputs\\raddino_convnext_tiny_experiment_seed42\\phase2_split\\test_roi_manifest.csv,outputs\\raddino_convnext_tiny_experiment_seed42\\phase2_baseline_imagenet\\checkpoints\\best.pt; outputs\\raddino_convnext_tiny_experiment_seed42\\phase2_split\\test_roi_manifest.csv,正式性依所在實驗資料夾與欄位內容判定,方法/實驗結果：ROI 與 RAD-DINO 蒸餾,high,
outputs/raddino_convnext_tiny_experiment_seed42/phase2_baseline_imagenet/test_results/test_metrics.json,formal_output,既有輸出證據檔；本次僅讀取不覆蓋,evidence,,,outputs\\raddino_convnext_tiny_experiment_seed42\\phase2_baseline_imagenet\\checkpoints\\best.pt,outputs\\raddino_convnext_tiny_experiment_seed42\\phase2_baseline_imagenet\\checkpoints\\best.pt,正式性依所在實驗資料夾與欄位內容判定,方法/實驗結果：ROI 與 RAD-DINO 蒸餾,high,
outputs/raddino_convnext_tiny_experiment_seed42/phase2_proposed_distilled/config/environment.json,formal_output,既有輸出證據檔；本次僅讀取不覆蓋,evidence,,,,,正式性依所在實驗資料夾與欄位內容判定,方法/實驗結果：ROI 與 RAD-DINO 蒸餾,high,
outputs/raddino_convnext_tiny_experiment_seed42/phase2_proposed_distilled/config/experiment_config.json,formal_output,既有輸出證據檔；本次僅讀取不覆蓋,evidence,,,config_path; config_sha256; outputs\\raddino_convnext_tiny_experiment_seed42\\phase1_distillation\\checkpoints\\distilled_convnext_tiny_backbone.pt; outputs\\raddino_convnext_tiny_experiment_seed42\\phase2_proposed_distilled; outputs\\raddino_convnext_tiny_experiment_seed42\\shared_phase2_finetune_config.json,outputs\\raddino_convnext_tiny_experiment_seed42\\phase1_distillation\\checkpoints\\distilled_convnext_tiny_backbone.pt; outputs\\raddino_convnext_tiny_experiment_seed42\\phase2_proposed_distilled; outputs\\raddino_convnext_tiny_experiment_seed42\\shared_phase2_finetune_config.json,正式性依所在實驗資料夾與欄位內容判定,方法/實驗結果：ROI 與 RAD-DINO 蒸餾,high,
outputs/raddino_convnext_tiny_experiment_seed42/phase2_proposed_distilled/config/pip_freeze.txt,formal_output,既有輸出證據檔；本次僅讀取不覆蓋,evidence,,,,,正式性依所在實驗資料夾與欄位內容判定,方法/實驗結果：ROI 與 RAD-DINO 蒸餾,high,
outputs/raddino_convnext_tiny_experiment_seed42/phase2_proposed_distilled/config/shared_phase2_finetune_config.json,formal_output,既有輸出證據檔；本次僅讀取不覆蓋,evidence,,,data_loader; outputs\\raddino_convnext_tiny_experiment_seed42\\phase2_split\\image_id_split_manifest.csv; outputs\\raddino_convnext_tiny_experiment_seed42\\phase2_split\\shared_training_protocol.json; outputs\\raddino_convnext_tiny_experiment_seed42\\phase2_split\\test_roi_manifest.csv; outputs\\raddino_convnext_tiny_experiment_seed42\\phase2_split\\train_roi_manifest.csv; outputs\\raddino_convnext_tiny_experiment_seed42\\phase2_split\\val_roi_manifest.csv,outputs\\raddino_convnext_tiny_experiment_seed42\\phase2_split\\image_id_split_manifest.csv; outputs\\raddino_convnext_tiny_experiment_seed42\\phase2_split\\shared_training_protocol.json; outputs\\raddino_convnext_tiny_experiment_seed42\\phase2_split\\test_roi_manifest.csv; outputs\\raddino_convnext_tiny_experiment_seed42\\phase2_split\\train_roi_manifest.csv; outputs\\raddino_convnext_tiny_experiment_seed42\\phase2_split\\val_roi_manifest.csv,正式性依所在實驗資料夾與欄位內容判定,方法/實驗結果：ROI 與 RAD-DINO 蒸餾,high,
outputs/raddino_convnext_tiny_experiment_seed42/phase2_proposed_distilled/diagnostics/augmentation_audit.json,formal_output,既有輸出證據檔；本次僅讀取不覆蓋,evidence,,,outputs\\roi_balanced_224\\balanced_945_seed42\\0_aortic_enlargement\\0007d316f756b3fa0baea2ff514ce945_class0_radR10_bbox0006.png; outputs\\roi_balanced_224\\balanced_945_seed42\\0_aortic_enlargement\\0007d316f756b3fa0baea2ff514ce945_class0_radR9_bbox0007.png; outputs\\roi_balanced_224\\balanced_945_seed42\\0_aortic_enlargement\\00bcb82818ea83d6a86df241762cd7d0_class0_radR9_bbox0001.png; outputs\\roi_balanced_224\\balanced_945_seed42\\0_aortic_enlargement\\0108949daa13dc94634a7d650a05c0bb_class0_radR10_bbox0004.png; outputs\\roi_balanced_224\\balanced_945_seed42\\0_aortic_enlargement\\0108949daa13dc94634a7d650a05c0bb_class0_radR8_bbox0002.png; outputs\\roi_balanced_224\\balanced_945_seed42\\0_aortic_enlargement\\0108949daa13dc94634a7d650a05c0bb_class0_radR9_bbox0005.png; outputs\\roi_balanced_224\\balanced_945_seed42\\0_aortic_enlargement\\010a3dbb67bc37800a041866844861b1_class0_radR10_bbox0002.png; outputs\\roi_balanced_224\\balanced_945_seed42\\0_aortic_enlargement\\010a3dbb67bc37800a041866844861b1_class0_radR10_bbox0002__aug_brightness_0036_f095.png; outputs\\roi_balanced_224\\balanced_945_seed42\\0_aortic_enlargement\\010a3dbb67bc37800a041866844861b1_class0_radR8_bbox0003.png; outputs\\roi_balanced_224\\balanced_945_seed42\\0_aortic_enlargement\\010a3dbb67bc37800a041866844861b1_class0_radR9_bbox0001.png; outputs\\roi_balanced_224\\balanced_945_seed42\\0_aortic_enlargement\\011ae9520e81f1efe71c9d954ec07d09_class0_radR9_bbox0010.png; outputs\\roi_balanced_224\\balanced_945_seed42\\0_aortic_enlargement\\01546d3e6175ceaabd7d92f0c566579d_class0_radR10_bbox0003.png,outputs\\roi_balanced_224\\balanced_945_seed42\\0_aortic_enlargement\\0007d316f756b3fa0baea2ff514ce945_class0_radR10_bbox0006.png; outputs\\roi_balanced_224\\balanced_945_seed42\\0_aortic_enlargement\\0007d316f756b3fa0baea2ff514ce945_class0_radR9_bbox0007.png; outputs\\roi_balanced_224\\balanced_945_seed42\\0_aortic_enlargement\\00bcb82818ea83d6a86df241762cd7d0_class0_radR9_bbox0001.png; outputs\\roi_balanced_224\\balanced_945_seed42\\0_aortic_enlargement\\0108949daa13dc94634a7d650a05c0bb_class0_radR10_bbox0004.png; outputs\\roi_balanced_224\\balanced_945_seed42\\0_aortic_enlargement\\0108949daa13dc94634a7d650a05c0bb_class0_radR8_bbox0002.png; outputs\\roi_balanced_224\\balanced_945_seed42\\0_aortic_enlargement\\0108949daa13dc94634a7d650a05c0bb_class0_radR9_bbox0005.png; outputs\\roi_balanced_224\\balanced_945_seed42\\0_aortic_enlargement\\010a3dbb67bc37800a041866844861b1_class0_radR10_bbox0002.png; outputs\\roi_balanced_224\\balanced_945_seed42\\0_aortic_enlargement\\010a3dbb67bc37800a041866844861b1_class0_radR10_bbox0002__aug_brightness_0036_f095.png; outputs\\roi_balanced_224\\balanced_945_seed42\\0_aortic_enlargement\\010a3dbb67bc37800a041866844861b1_class0_radR8_bbox0003.png; outputs\\roi_balanced_224\\balanced_945_seed42\\0_aortic_enlargement\\010a3dbb67bc37800a041866844861b1_class0_radR9_bbox0001.png; outputs\\roi_balanced_224\\balanced_945_seed42\\0_aortic_enlargement\\011ae9520e81f1efe71c9d954ec07d09_class0_radR9_bbox0010.png; outputs\\roi_balanced_224\\balanced_945_seed42\\0_aortic_enlargement\\01546d3e6175ceaabd7d92f0c566579d_class0_radR10_bbox0003.png,正式性依所在實驗資料夾與欄位內容判定,方法/實驗結果：ROI 與 RAD-DINO 蒸餾,high,
outputs/raddino_convnext_tiny_experiment_seed42/phase2_proposed_distilled/diagnostics/export_reload_audit.json,formal_output,既有輸出證據檔；本次僅讀取不覆蓋,evidence,,,,,正式性依所在實驗資料夾與欄位內容判定,方法/實驗結果：ROI 與 RAD-DINO 蒸餾,high,
outputs/raddino_convnext_tiny_experiment_seed42/phase2_proposed_distilled/diagnostics/phase2_final_audit.json,formal_output,既有輸出證據檔；本次僅讀取不覆蓋,evidence,,,,,正式性依所在實驗資料夾與欄位內容判定,方法/實驗結果：ROI 與 RAD-DINO 蒸餾,high,
outputs/raddino_convnext_tiny_experiment_seed42/phase2_proposed_distilled/diagnostics/preflight_validation.json,formal_output,既有輸出證據檔；本次僅讀取不覆蓋,evidence,,,config_sha256,,正式性依所在實驗資料夾與欄位內容判定,方法/實驗結果：ROI 與 RAD-DINO 蒸餾,high,
outputs/raddino_convnext_tiny_experiment_seed42/phase2_proposed_distilled/diagnostics/stage0_smoke_test.json,formal_output,既有輸出證據檔；本次僅讀取不覆蓋,evidence,,,config_sha256; outputs\\roi_balanced_224\\balanced_945_seed42\\0_aortic_enlargement\\0007d316f756b3fa0baea2ff514ce945_class0_radR10_bbox0006.png; outputs\\roi_balanced_224\\balanced_945_seed42\\0_aortic_enlargement\\0007d316f756b3fa0baea2ff514ce945_class0_radR9_bbox0007.png; outputs\\roi_balanced_224\\balanced_945_seed42\\0_aortic_enlargement\\00bcb82818ea83d6a86df241762cd7d0_class0_radR9_bbox0001.png; outputs\\roi_balanced_224\\balanced_945_seed42\\0_aortic_enlargement\\0108949daa13dc94634a7d650a05c0bb_class0_radR10_bbox0004.png; outputs\\roi_balanced_224\\balanced_945_seed42\\0_aortic_enlargement\\0108949daa13dc94634a7d650a05c0bb_class0_radR8_bbox0002.png; outputs\\roi_balanced_224\\balanced_945_seed42\\0_aortic_enlargement\\0108949daa13dc94634a7d650a05c0bb_class0_radR9_bbox0005.png; outputs\\roi_balanced_224\\balanced_945_seed42\\0_aortic_enlargement\\010a3dbb67bc37800a041866844861b1_class0_radR10_bbox0002.png; outputs\\roi_balanced_224\\balanced_945_seed42\\0_aortic_enlargement\\010a3dbb67bc37800a041866844861b1_class0_radR10_bbox0002__aug_brightness_0036_f095.png; outputs\\roi_balanced_224\\balanced_945_seed42\\0_aortic_enlargement\\010a3dbb67bc37800a041866844861b1_class0_radR8_bbox0003.png; outputs\\roi_balanced_224\\balanced_945_seed42\\0_aortic_enlargement\\010a3dbb67bc37800a041866844861b1_class0_radR9_bbox0001.png; outputs\\roi_balanced_224\\balanced_945_seed42\\0_aortic_enlargement\\011ae9520e81f1efe71c9d954ec07d09_class0_radR9_bbox0010.png,outputs\\roi_balanced_224\\balanced_945_seed42\\0_aortic_enlargement\\0007d316f756b3fa0baea2ff514ce945_class0_radR10_bbox0006.png; outputs\\roi_balanced_224\\balanced_945_seed42\\0_aortic_enlargement\\0007d316f756b3fa0baea2ff514ce945_class0_radR9_bbox0007.png; outputs\\roi_balanced_224\\balanced_945_seed42\\0_aortic_enlargement\\00bcb82818ea83d6a86df241762cd7d0_class0_radR9_bbox0001.png; outputs\\roi_balanced_224\\balanced_945_seed42\\0_aortic_enlargement\\0108949daa13dc94634a7d650a05c0bb_class0_radR10_bbox0004.png; outputs\\roi_balanced_224\\balanced_945_seed42\\0_aortic_enlargement\\0108949daa13dc94634a7d650a05c0bb_class0_radR8_bbox0002.png; outputs\\roi_balanced_224\\balanced_945_seed42\\0_aortic_enlargement\\0108949daa13dc94634a7d650a05c0bb_class0_radR9_bbox0005.png; outputs\\roi_balanced_224\\balanced_945_seed42\\0_aortic_enlargement\\010a3dbb67bc37800a041866844861b1_class0_radR10_bbox0002.png; outputs\\roi_balanced_224\\balanced_945_seed42\\0_aortic_enlargement\\010a3dbb67bc37800a041866844861b1_class0_radR10_bbox0002__aug_brightness_0036_f095.png; outputs\\roi_balanced_224\\balanced_945_seed42\\0_aortic_enlargement\\010a3dbb67bc37800a041866844861b1_class0_radR8_bbox0003.png; outputs\\roi_balanced_224\\balanced_945_seed42\\0_aortic_enlargement\\010a3dbb67bc37800a041866844861b1_class0_radR9_bbox0001.png; outputs\\roi_balanced_224\\balanced_945_seed42\\0_aortic_enlargement\\011ae9520e81f1efe71c9d954ec07d09_class0_radR9_bbox0010.png; outputs\\roi_balanced_224\\balanced_945_seed42\\0_aortic_enlargement\\01546d3e6175ceaabd7d92f0c566579d_class0_radR10_bbox0003.png,正式性依所在實驗資料夾與欄位內容判定,方法/實驗結果：ROI 與 RAD-DINO 蒸餾,high,
outputs/raddino_convnext_tiny_experiment_seed42/phase2_proposed_distilled/diagnostics/training_failure.json,formal_output,既有輸出證據檔；本次僅讀取不覆蓋,evidence,,,,,正式性依所在實驗資料夾與欄位內容判定,方法/實驗結果：ROI 與 RAD-DINO 蒸餾,high,
outputs/raddino_convnext_tiny_experiment_seed42/phase2_proposed_distilled/metrics/phase2_metrics.csv,formal_output,既有輸出證據檔；本次僅讀取不覆蓋,evidence,,,,,正式性依所在實驗資料夾與欄位內容判定,方法/實驗結果：ROI 與 RAD-DINO 蒸餾,high,
outputs/raddino_convnext_tiny_experiment_seed42/phase2_proposed_distilled/phase2_proposed_training_summary.md,formal_output,既有輸出證據檔；本次僅讀取不覆蓋,evidence,,,,,正式性依所在實驗資料夾與欄位內容判定,方法/實驗結果：ROI 與 RAD-DINO 蒸餾,high,
outputs/raddino_convnext_tiny_experiment_seed42/phase2_proposed_distilled/predictions/test_predictions.csv,formal_output,既有輸出證據檔；本次僅讀取不覆蓋,evidence,,,data\processed\bbox_crops_224\0_aortic_enlargement\0c25b330d5b20498108b343c644f2a1c_class0_radR10_bbox0004.png; data\processed\bbox_crops_224\0_aortic_enlargement\0c25b330d5b20498108b343c644f2a1c_class0_radR8_bbox0001.png; data\processed\bbox_crops_224\0_aortic_enlargement\0c25b330d5b20498108b343c644f2a1c_class0_radR9_bbox0005.png; data\processed\bbox_crops_224\0_aortic_enlargement\0c31081e8ada2990bcbef0f12ea60b07_class0_radR10_bbox0002.png; data\processed\bbox_crops_224\0_aortic_enlargement\0c31081e8ada2990bcbef0f12ea60b07_class0_radR8_bbox0001.png; data\processed\bbox_crops_224\0_aortic_enlargement\0c31081e8ada2990bcbef0f12ea60b07_class0_radR9_bbox0003.png; data\processed\bbox_crops_224\0_aortic_enlargement\0c76c19b3f015e0387dd2adcbef86182_class0_radR10_bbox0002.png; data\processed\bbox_crops_224\0_aortic_enlargement\0c76c19b3f015e0387dd2adcbef86182_class0_radR8_bbox0006.png; data\processed\bbox_crops_224\0_aortic_enlargement\10e7dac260f11046164aa94f2d8add9f_class0_radR10_bbox0002.png; data\processed\bbox_crops_224\0_aortic_enlargement\10e7dac260f11046164aa94f2d8add9f_class0_radR8_bbox0001.png; data\processed\bbox_crops_224\0_aortic_enlargement\10e7dac260f11046164aa94f2d8add9f_class0_radR9_bbox0003.png; data\processed\bbox_crops_224\0_aortic_enlargement\12e0e910766f2d1b1ccda7c32051643f_class0_radR10_bbox0003.png,,正式性依所在實驗資料夾與欄位內容判定,方法/實驗結果：ROI 與 RAD-DINO 蒸餾,high,
outputs/raddino_convnext_tiny_experiment_seed42/phase2_proposed_distilled/test_results/classification_report.csv,formal_output,既有輸出證據檔；本次僅讀取不覆蓋,evidence,,,,,正式性依所在實驗資料夾與欄位內容判定,方法/實驗結果：ROI 與 RAD-DINO 蒸餾,high,
outputs/raddino_convnext_tiny_experiment_seed42/phase2_proposed_distilled/test_results/per_class_metrics.csv,formal_output,既有輸出證據檔；本次僅讀取不覆蓋,evidence,,,,,正式性依所在實驗資料夾與欄位內容判定,方法/實驗結果：ROI 與 RAD-DINO 蒸餾,high,
outputs/raddino_convnext_tiny_experiment_seed42/phase2_proposed_distilled/test_results/test_evaluation_metadata.json,formal_output,既有輸出證據檔；本次僅讀取不覆蓋,evidence,,,outputs\\raddino_convnext_tiny_experiment_seed42\\phase2_proposed_distilled\\checkpoints\\best.pt; outputs\\raddino_convnext_tiny_experiment_seed42\\phase2_split\\test_roi_manifest.csv,outputs\\raddino_convnext_tiny_experiment_seed42\\phase2_proposed_distilled\\checkpoints\\best.pt; outputs\\raddino_convnext_tiny_experiment_seed42\\phase2_split\\test_roi_manifest.csv,正式性依所在實驗資料夾與欄位內容判定,方法/實驗結果：ROI 與 RAD-DINO 蒸餾,high,
outputs/raddino_convnext_tiny_experiment_seed42/phase2_proposed_distilled/test_results/test_metrics.json,formal_output,既有輸出證據檔；本次僅讀取不覆蓋,evidence,,,outputs\\raddino_convnext_tiny_experiment_seed42\\phase2_proposed_distilled\\checkpoints\\best.pt,outputs\\raddino_convnext_tiny_experiment_seed42\\phase2_proposed_distilled\\checkpoints\\best.pt,正式性依所在實驗資料夾與欄位內容判定,方法/實驗結果：ROI 與 RAD-DINO 蒸餾,high,
outputs/raddino_convnext_tiny_experiment_seed42/phase2_split/cross_split_leakage_audit.csv,formal_output,既有輸出證據檔；本次僅讀取不覆蓋,evidence,,,,,正式性依所在實驗資料夾與欄位內容判定,方法/實驗結果：ROI 與 RAD-DINO 蒸餾,high,
outputs/raddino_convnext_tiny_experiment_seed42/phase2_split/duplicate_sha256_super_groups.csv,formal_output,既有輸出證據檔；本次僅讀取不覆蓋,evidence,,,,,正式性依所在實驗資料夾與欄位內容判定,方法/實驗結果：ROI 與 RAD-DINO 蒸餾,high,
outputs/raddino_convnext_tiny_experiment_seed42/phase2_split/image_id_split_manifest.csv,formal_output,既有輸出證據檔；本次僅讀取不覆蓋,evidence,,,,,正式性依所在實驗資料夾與欄位內容判定,方法/實驗結果：ROI 與 RAD-DINO 蒸餾,high,
outputs/raddino_convnext_tiny_experiment_seed42/phase2_split/original_roi_manifest.csv,formal_output,既有輸出證據檔；本次僅讀取不覆蓋,evidence,,,,,正式性依所在實驗資料夾與欄位內容判定,方法/實驗結果：ROI 與 RAD-DINO 蒸餾,high,large_text_not_deep_read=2181985
outputs/raddino_convnext_tiny_experiment_seed42/phase2_split/shared_training_protocol.json,formal_output,既有輸出證據檔；本次僅讀取不覆蓋,evidence,,,outputs\\raddino_convnext_tiny_experiment_seed42\\phase1_distillation\\checkpoints\\distilled_convnext_tiny_backbone.pt; outputs\\raddino_feature_cache\\balanced_945_seed42\\roi_manifest.csv,outputs\\raddino_convnext_tiny_experiment_seed42\\phase1_distillation\\checkpoints\\distilled_convnext_tiny_backbone.pt; outputs\\raddino_feature_cache\\balanced_945_seed42\\roi_manifest.csv,正式性依所在實驗資料夾與欄位內容判定,方法/實驗結果：ROI 與 RAD-DINO 蒸餾,high,
outputs/raddino_convnext_tiny_experiment_seed42/phase2_split/split_class_image_counts.csv,formal_output,既有輸出證據檔；本次僅讀取不覆蓋,evidence,,,,,正式性依所在實驗資料夾與欄位內容判定,方法/實驗結果：ROI 與 RAD-DINO 蒸餾,high,
outputs/raddino_convnext_tiny_experiment_seed42/phase2_split/split_metadata.json,formal_output,既有輸出證據檔；本次僅讀取不覆蓋,evidence,,,data\\metadata\\image_manifest.csv; data\\processed\\bbox_crops_224; data\\raw\\annotations\\annotations.csv; data\\raw\\images; dataset_paths; outputs\\raddino_feature_cache\\balanced_945_seed42\\roi_manifest.csv,outputs\\raddino_feature_cache\\balanced_945_seed42\\roi_manifest.csv,正式性依所在實驗資料夾與欄位內容判定,方法/實驗結果：ROI 與 RAD-DINO 蒸餾,high,
outputs/raddino_convnext_tiny_experiment_seed42/phase2_split/split_report.txt,formal_output,既有輸出證據檔；本次僅讀取不覆蓋,evidence,,,,,正式性依所在實驗資料夾與欄位內容判定,方法/實驗結果：ROI 與 RAD-DINO 蒸餾,high,
outputs/raddino_convnext_tiny_experiment_seed42/phase2_split/split_roi_counts.csv,formal_output,既有輸出證據檔；本次僅讀取不覆蓋,evidence,,,,,正式性依所在實驗資料夾與欄位內容判定,方法/實驗結果：ROI 與 RAD-DINO 蒸餾,high,
outputs/raddino_convnext_tiny_experiment_seed42/phase2_split/split_summary.json,formal_output,既有輸出證據檔；本次僅讀取不覆蓋,evidence,,,,,正式性依所在實驗資料夾與欄位內容判定,方法/實驗結果：ROI 與 RAD-DINO 蒸餾,high,
outputs/raddino_convnext_tiny_experiment_seed42/phase2_split/test_roi_manifest.csv,formal_output,既有輸出證據檔；本次僅讀取不覆蓋,evidence,,,data\processed\bbox_crop; data\processed\bbox_crops_224\0_aortic_enlargement\0c25b330d5b20498108b343c644f2a1c_class0_radR10_bbox0004.png; data\processed\bbox_crops_224\0_aortic_enlargement\0c25b330d5b20498108b343c644f2a1c_class0_radR8_bbox0001.png; data\processed\bbox_crops_224\0_aortic_enlargement\0c25b330d5b20498108b343c644f2a1c_class0_radR9_bbox0005.png; data\processed\bbox_crops_224\0_aortic_enlargement\0c31081e8ada2990bcbef0f12ea60b07_class0_radR10_bbox0002.png; data\processed\bbox_crops_224\0_aortic_enlargement\0c31081e8ada2990bcbef0f12ea60b07_class0_radR8_bbox0001.png; data\processed\bbox_crops_224\0_aortic_enlargement\0c31081e8ada2990bcbef0f12ea60b07_class0_radR9_bbox0003.png; data\processed\bbox_crops_224\0_aortic_enlargement\0c76c19b3f015e0387dd2adcbef86182_class0_radR10_bbox0002.png; data\processed\bbox_crops_224\0_aortic_enlargement\0c76c19b3f015e0387dd2adcbef86182_class0_radR8_bbox0006.png; data\processed\bbox_crops_224\0_aortic_enlargement\10e7dac260f11046164aa94f2d8add9f_class0_radR10_bbox0002.png; data\processed\bbox_crops_224\0_aortic_enlargement\10e7dac260f11046164aa94f2d8add9f_class0_radR8_bbox0001.png; data\processed\bbox_crops_224\0_aortic_enlargement\10e7dac260f11046164aa94f2d8add9f_class0_radR9_bbox0003.png,,正式性依所在實驗資料夾與欄位內容判定,方法/實驗結果：ROI 與 RAD-DINO 蒸餾,high,
outputs/raddino_convnext_tiny_experiment_seed42/phase2_split/train_roi_manifest.csv,formal_output,既有輸出證據檔；本次僅讀取不覆蓋,evidence,,,outputs\roi_balanced_224\balanced_945_seed42\0_aortic_enlargement\0007d316f756b3fa0baea2ff514ce945_class0_radR10_bbox0006.png; outputs\roi_balanced_224\balanced_945_seed42\0_aortic_enlargement\0007d316f756b3fa0baea2ff514ce945_class0_radR9_bbox0007.png; outputs\roi_balanced_224\balanced_945_seed42\0_aortic_enlargement\00bcb82818ea83d6a86df241762cd7d0_class0_radR9_bbox0001.png; outputs\roi_balanced_224\balanced_945_seed42\0_aortic_enlargement\0108949daa13dc94634a7d650a05c0bb_class0_radR10_bbox0004.png; outputs\roi_balanced_224\balanced_945_seed42\0_aortic_enlargement\0108949daa13dc94634a7d650a05c0bb_class0_radR8_bbox0002.png; outputs\roi_balanced_224\balanced_945_seed42\0_aortic_enlargement\0108949daa13dc94634a7d650a05c0bb_class0_radR9_bbox0005.png; outputs\roi_balanced_224\balanced_945_seed42\0_aortic_enlargement\010a3dbb67bc37800a041866844861b1_class0_radR10_bbox0002.png; outputs\roi_balanced_224\balanced_945_seed42\0_aortic_enlargement\010a3dbb67bc37800a041866844861b1_class0_radR10_bbox0002__aug_brightness_0036_f095.png; outputs\roi_balanced_224\balanced_945_seed42\0_aortic_enlargement\010a3dbb67bc37800a041866844861b1_class0_radR8_bbox0003.png; outputs\roi_balanced_224\balanced_945_seed42\0_aortic_enlargement\010a3dbb67bc37800a041866844861b1_class0_radR9_bbox0001.png; outputs\roi_balanced_224\balanced_945_seed42\0_aortic_enlargement\011ae9520e81f1efe71c9d954ec07d09_class0_radR9_bbox0010.png; outputs\roi_balanced_224\balanced_945_seed42\0_aortic_enlargement\01546d3e6175ceaabd7d92f0c566579d_class0_radR10_bbox0003.png,outputs\roi_balanced_224\balanced_945_seed42\0_aortic_enlargement\0007d316f756b3fa0baea2ff514ce945_class0_radR10_bbox0006.png; outputs\roi_balanced_224\balanced_945_seed42\0_aortic_enlargement\0007d316f756b3fa0baea2ff514ce945_class0_radR9_bbox0007.png; outputs\roi_balanced_224\balanced_945_seed42\0_aortic_enlargement\00bcb82818ea83d6a86df241762cd7d0_class0_radR9_bbox0001.png; outputs\roi_balanced_224\balanced_945_seed42\0_aortic_enlargement\0108949daa13dc94634a7d650a05c0bb_class0_radR10_bbox0004.png; outputs\roi_balanced_224\balanced_945_seed42\0_aortic_enlargement\0108949daa13dc94634a7d650a05c0bb_class0_radR8_bbox0002.png; outputs\roi_balanced_224\balanced_945_seed42\0_aortic_enlargement\0108949daa13dc94634a7d650a05c0bb_class0_radR9_bbox0005.png; outputs\roi_balanced_224\balanced_945_seed42\0_aortic_enlargement\010a3dbb67bc37800a041866844861b1_class0_radR10_bbox0002.png; outputs\roi_balanced_224\balanced_945_seed42\0_aortic_enlargement\010a3dbb67bc37800a041866844861b1_class0_radR10_bbox0002__aug_brightness_0036_f095.png; outputs\roi_balanced_224\balanced_945_seed42\0_aortic_enlargement\010a3dbb67bc37800a041866844861b1_class0_radR8_bbox0003.png; outputs\roi_balanced_224\balanced_945_seed42\0_aortic_enlargement\010a3dbb67bc37800a041866844861b1_class0_radR9_bbox0001.png; outputs\roi_balanced_224\balanced_945_seed42\0_aortic_enlargement\011ae9520e81f1efe71c9d954ec07d09_class0_radR9_bbox0010.png; outputs\roi_balanced_224\balanced_945_seed42\0_aortic_enlargement\01546d3e6175ceaabd7d92f0c566579d_class0_radR10_bbox0003.png,正式性依所在實驗資料夾與欄位內容判定,方法/實驗結果：ROI 與 RAD-DINO 蒸餾,high,
outputs/raddino_convnext_tiny_experiment_seed42/phase2_split/val_roi_manifest.csv,formal_output,既有輸出證據檔；本次僅讀取不覆蓋,evidence,,,data\processed\bbox_crops_224\0_aortic_enlargement\01c2b9fcb0384c84648ed76c736552a8_class0_radR10_bbox0006.png; data\processed\bbox_crops_224\0_aortic_enlargement\01c2b9fcb0384c84648ed76c736552a8_class0_radR8_bbox0005.png; data\processed\bbox_crops_224\0_aortic_enlargement\01c2b9fcb0384c84648ed76c736552a8_class0_radR9_bbox0004.png; data\processed\bbox_crops_224\0_aortic_enlargement\02cd1d17763c869ff3d4af5e28539456_class0_radR10_bbox0002.png; data\processed\bbox_crops_224\0_aortic_enlargement\02cd1d17763c869ff3d4af5e28539456_class0_radR8_bbox0003.png; data\processed\bbox_crops_224\0_aortic_enlargement\02cd1d17763c869ff3d4af5e28539456_class0_radR9_bbox0008.png; data\processed\bbox_crops_224\0_aortic_enlargement\0452d38f45e4e79f91821e88bb812608_class0_radR10_bbox0001.png; data\processed\bbox_crops_224\0_aortic_enlargement\0452d38f45e4e79f91821e88bb812608_class0_radR8_bbox0002.png; data\processed\bbox_crops_224\0_aortic_enlargement\0452d38f45e4e79f91821e88bb812608_class0_radR9_bbox0006.png; data\processed\bbox_crops_224\0_aortic_enlargement\0a2d01ecb9e01cf972c1e1d31ccacb98_class0_radR9_bbox0001.png; data\processed\bbox_crops_224\0_aortic_enlargement\0b22826cc68b8d3177c5be2f4e1ae720_class0_radR10_bbox0003.png; data\processed\bbox_crops_224\0_aortic_enlargement\0b22826cc68b8d3177c5be2f4e1ae720_class0_radR8_bbox0002.png,,正式性依所在實驗資料夾與欄位內容判定,方法/實驗結果：ROI 與 RAD-DINO 蒸餾,high,
outputs/raddino_convnext_tiny_experiment_seed42/shared_phase2_finetune_config.json,formal_output,既有輸出證據檔；本次僅讀取不覆蓋,evidence,,,data_loader; outputs\\raddino_convnext_tiny_experiment_seed42\\phase2_split\\image_id_split_manifest.csv; outputs\\raddino_convnext_tiny_experiment_seed42\\phase2_split\\shared_training_protocol.json; outputs\\raddino_convnext_tiny_experiment_seed42\\phase2_split\\test_roi_manifest.csv; outputs\\raddino_convnext_tiny_experiment_seed42\\phase2_split\\train_roi_manifest.csv; outputs\\raddino_convnext_tiny_experiment_seed42\\phase2_split\\val_roi_manifest.csv,outputs\\raddino_convnext_tiny_experiment_seed42\\phase2_split\\image_id_split_manifest.csv; outputs\\raddino_convnext_tiny_experiment_seed42\\phase2_split\\shared_training_protocol.json; outputs\\raddino_convnext_tiny_experiment_seed42\\phase2_split\\test_roi_manifest.csv; outputs\\raddino_convnext_tiny_experiment_seed42\\phase2_split\\train_roi_manifest.csv; outputs\\raddino_convnext_tiny_experiment_seed42\\phase2_split\\val_roi_manifest.csv,正式性依所在實驗資料夾與欄位內容判定,方法/實驗結果：ROI 與 RAD-DINO 蒸餾,high,
outputs/raddino_convnext_tiny_patch_experiment_seed42/phase0_patch_shape_smoke_test/environment.json,formal_output,既有輸出證據檔；本次僅讀取不覆蓋,evidence,,,,,正式性依所在實驗資料夾與欄位內容判定,方法/實驗結果：ROI 與 RAD-DINO 蒸餾,high,
outputs/raddino_convnext_tiny_patch_experiment_seed42/phase0_patch_shape_smoke_test/feature_map_statistics.csv,formal_output,既有輸出證據檔；本次僅讀取不覆蓋,evidence,,,,,正式性依所在實驗資料夾與欄位內容判定,方法/實驗結果：ROI 與 RAD-DINO 蒸餾,high,
outputs/raddino_convnext_tiny_patch_experiment_seed42/phase0_patch_shape_smoke_test/patch_shape_smoke_test.json,formal_output,既有輸出證據檔；本次僅讀取不覆蓋,evidence,,,config_commit_hash; weights_enum,,正式性依所在實驗資料夾與欄位內容判定,方法/實驗結果：ROI 與 RAD-DINO 蒸餾,high,
outputs/raddino_convnext_tiny_patch_experiment_seed42/phase0_patch_shape_smoke_test/patch_shape_smoke_test.txt,formal_output,既有輸出證據檔；本次僅讀取不覆蓋,evidence,,,,,正式性依所在實驗資料夾與欄位內容判定,方法/實驗結果：ROI 與 RAD-DINO 蒸餾,high,
outputs/raddino_convnext_tiny_patch_experiment_seed42/phase0_patch_shape_smoke_test/sampled_records.csv,formal_output,既有輸出證據檔；本次僅讀取不覆蓋,evidence,,,outputs\roi_balanced_224\balanced_945_seed42\0_aortic_enlargement\1280dc55c1ff852024be232c2942e3fd_class0_radR8_bbox0007__aug_brightness_0162_f099.png; outputs\roi_balanced_224\balanced_945_seed42\0_aortic_enlargement\c42997b00e59f4523788aa9fbe1f7526_class0_radR9_bbox0004.png; outputs\roi_balanced_224\balanced_945_seed42\1_cardiomegaly\039c6997248b3a6ba3c909af35fce0eb_class1_radR10_bbox0005.png; outputs\roi_balanced_224\balanced_945_seed42\1_cardiomegaly\48f3a35fcd6c76d5d0ee2d475b3f1f51_class1_radR15_bbox0002__aug_brightness_0058_f097.png; outputs\roi_balanced_224\balanced_945_seed42\2_pleural_thickening\492c436c00725c4c909ec6fbc9223b92_class2_radR8_bbox0012.png; outputs\roi_balanced_224\balanced_945_seed42\2_pleural_thickening\522dea0833b59836405679f464299eac_class2_radR10_bbox0018.png; outputs\roi_balanced_224\balanced_945_seed42\3_pulmonary_fibrosis\231eceaec9e603e7cdb2021bd2ccbe02_class3_radR8_bbox0004.png; outputs\roi_balanced_224\balanced_945_seed42\3_pulmonary_fibrosis\c47bf1efb40dc9e8eb8975abcb539ab8_class3_radR8_bbox0001.png; outputs\roi_balanced_224\balanced_945_seed42\4_pleural_effusion\28d769becacfbdeebab6d3fda7322cf7_class4_radR8_bbox0001.png; outputs\roi_balanced_224\balanced_945_seed42\4_pleural_effusion\34bc3d49ab74c913ee2517f5e0f4e09e_class4_radR9_bbox0002__aug_brightness_0025_f103.png,outputs\roi_balanced_224\balanced_945_seed42\0_aortic_enlargement\1280dc55c1ff852024be232c2942e3fd_class0_radR8_bbox0007__aug_brightness_0162_f099.png; outputs\roi_balanced_224\balanced_945_seed42\0_aortic_enlargement\c42997b00e59f4523788aa9fbe1f7526_class0_radR9_bbox0004.png; outputs\roi_balanced_224\balanced_945_seed42\1_cardiomegaly\039c6997248b3a6ba3c909af35fce0eb_class1_radR10_bbox0005.png; outputs\roi_balanced_224\balanced_945_seed42\1_cardiomegaly\48f3a35fcd6c76d5d0ee2d475b3f1f51_class1_radR15_bbox0002__aug_brightness_0058_f097.png; outputs\roi_balanced_224\balanced_945_seed42\2_pleural_thickening\492c436c00725c4c909ec6fbc9223b92_class2_radR8_bbox0012.png; outputs\roi_balanced_224\balanced_945_seed42\2_pleural_thickening\522dea0833b59836405679f464299eac_class2_radR10_bbox0018.png; outputs\roi_balanced_224\balanced_945_seed42\3_pulmonary_fibrosis\231eceaec9e603e7cdb2021bd2ccbe02_class3_radR8_bbox0004.png; outputs\roi_balanced_224\balanced_945_seed42\3_pulmonary_fibrosis\c47bf1efb40dc9e8eb8975abcb539ab8_class3_radR8_bbox0001.png; outputs\roi_balanced_224\balanced_945_seed42\4_pleural_effusion\28d769becacfbdeebab6d3fda7322cf7_class4_radR8_bbox0001.png; outputs\roi_balanced_224\balanced_945_seed42\4_pleural_effusion\34bc3d49ab74c913ee2517f5e0f4e09e_class4_radR9_bbox0002__aug_brightness_0025_f103.png,正式性依所在實驗資料夾與欄位內容判定,方法/實驗結果：ROI 與 RAD-DINO 蒸餾,high,
outputs/raddino_convnext_tiny_patch_experiment_seed42/phase0_patch_teacher_cache/environment.json,formal_output,既有輸出證據檔；本次僅讀取不覆蓋,evidence,,,,,正式性依所在實驗資料夾與欄位內容判定,方法/實驗結果：ROI 與 RAD-DINO 蒸餾,high,
outputs/raddino_convnext_tiny_patch_experiment_seed42/phase0_patch_teacher_cache/teacher_patch_feature_audit.txt,formal_output,既有輸出證據檔；本次僅讀取不覆蓋,evidence,,,,,正式性依所在實驗資料夾與欄位內容判定,方法/實驗結果：ROI 與 RAD-DINO 蒸餾,high,
outputs/raddino_convnext_tiny_patch_experiment_seed42/phase0_patch_teacher_cache/teacher_patch_feature_batch_metrics.csv,formal_output,既有輸出證據檔；本次僅讀取不覆蓋,evidence,,,,,正式性依所在實驗資料夾與欄位內容判定,方法/實驗結果：ROI 與 RAD-DINO 蒸餾,high,
outputs/raddino_convnext_tiny_patch_experiment_seed42/phase0_patch_teacher_cache/teacher_patch_feature_metadata.json,formal_output,既有輸出證據檔；本次僅讀取不覆蓋,evidence,,,outputs\\raddino_convnext_tiny_experiment_seed42\\phase1_distillation\\checkpoints\\distilled_convnext_tiny_backbone.pt; outputs\\raddino_convnext_tiny_experiment_seed42\\phase2_split\\test_roi_manifest.csv; outputs\\raddino_convnext_tiny_experiment_seed42\\phase2_split\\train_roi_manifest.csv; outputs\\raddino_convnext_tiny_experiment_seed42\\phase2_split\\val_roi_manifest.csv; outputs\\raddino_convnext_tiny_experiment_seed42\\shared_phase2_finetune_config.json; outputs\\raddino_convnext_tiny_patch_experiment_seed42\\phase0_patch_teacher_cache\\teacher_patch_features_7x7.pt; outputs\\raddino_feature_cache\\balanced_945_seed42\\roi_manifest.csv; outputs\\raddino_feature_cache\\balanced_945_seed42\\teacher_features.pt,outputs\\raddino_convnext_tiny_experiment_seed42\\phase1_distillation\\checkpoints\\distilled_convnext_tiny_backbone.pt; outputs\\raddino_convnext_tiny_experiment_seed42\\phase2_split\\test_roi_manifest.csv; outputs\\raddino_convnext_tiny_experiment_seed42\\phase2_split\\train_roi_manifest.csv; outputs\\raddino_convnext_tiny_experiment_seed42\\phase2_split\\val_roi_manifest.csv; outputs\\raddino_convnext_tiny_experiment_seed42\\shared_phase2_finetune_config.json; outputs\\raddino_convnext_tiny_patch_experiment_seed42\\phase0_patch_teacher_cache\\teacher_patch_features_7x7.pt; outputs\\raddino_feature_cache\\balanced_945_seed42\\roi_manifest.csv; outputs\\raddino_feature_cache\\balanced_945_seed42\\teacher_features.pt,正式性依所在實驗資料夾與欄位內容判定,方法/實驗結果：ROI 與 RAD-DINO 蒸餾,high,
outputs/raddino_convnext_tiny_patch_experiment_seed42/phase0_patch_teacher_cache/teacher_patch_feature_progress.json,formal_output,既有輸出證據檔；本次僅讀取不覆蓋,evidence,,,,,正式性依所在實驗資料夾與欄位內容判定,方法/實驗結果：ROI 與 RAD-DINO 蒸餾,high,
outputs/raddino_convnext_tiny_patch_experiment_seed42/phase0_patch_teacher_cache/teacher_patch_feature_sample_verification.csv,formal_output,既有輸出證據檔；本次僅讀取不覆蓋,evidence,,,,,正式性依所在實驗資料夾與欄位內容判定,方法/實驗結果：ROI 與 RAD-DINO 蒸餾,high,
outputs/raddino_convnext_tiny_patch_experiment_seed42/phase1_patch_distillation/diagnostics/initialization_audit.json,formal_output,既有輸出證據檔；本次僅讀取不覆蓋,evidence,,,config_path; outputs\\raddino_convnext_tiny_experiment_seed42\\phase1_distillation\\config\\phase1_config.json; outputs\\raddino_convnext_tiny_patch_experiment_seed42\\phase1_patch_distillation\\diagnostics\\augmentation_preview.png; weights_enum,outputs\\raddino_convnext_tiny_experiment_seed42\\phase1_distillation\\config\\phase1_config.json; outputs\\raddino_convnext_tiny_patch_experiment_seed42\\phase1_patch_distillation\\diagnostics\\augmentation_preview.png,正式性依所在實驗資料夾與欄位內容判定,方法/實驗結果：ROI 與 RAD-DINO 蒸餾,high,
outputs/raddino_convnext_tiny_patch_experiment_seed42/phase1_patch_distillation/diagnostics/input_integrity_audit.json,formal_output,既有輸出證據檔；本次僅讀取不覆蓋,evidence,,,dataloader_order_assumed; outputs\\raddino_convnext_tiny_patch_experiment_seed42\\phase0_patch_teacher_cache\\teacher_patch_features_7x7.pt; outputs\\raddino_feature_cache\\balanced_945_seed42\\roi_manifest.csv; weights_only,outputs\\raddino_convnext_tiny_patch_experiment_seed42\\phase0_patch_teacher_cache\\teacher_patch_features_7x7.pt; outputs\\raddino_feature_cache\\balanced_945_seed42\\roi_manifest.csv,正式性依所在實驗資料夾與欄位內容判定,方法/實驗結果：ROI 與 RAD-DINO 蒸餾,high,
outputs/raddino_convnext_tiny_patch_experiment_seed42/phase1_patch_distillation/diagnostics/numerical_stability_audit.json,formal_output,既有輸出證據檔；本次僅讀取不覆蓋,evidence,,,,,正式性依所在實驗資料夾與欄位內容判定,方法/實驗結果：ROI 與 RAD-DINO 蒸餾,high,
outputs/raddino_convnext_tiny_patch_experiment_seed42/phase1_patch_distillation/diagnostics/phase1_patch_config.json,formal_output,既有輸出證據檔；本次僅讀取不覆蓋,evidence,,,,,正式性依所在實驗資料夾與欄位內容判定,方法/實驗結果：ROI 與 RAD-DINO 蒸餾,high,
outputs/raddino_convnext_tiny_patch_experiment_seed42/phase1_patch_distillation/diagnostics/phase1_patch_final_audit.json,formal_output,既有輸出證據檔；本次僅讀取不覆蓋,evidence,,,outputs\\raddino_convnext_tiny_experiment_seed42\\final_comparison\\final_comparison_summary.json; outputs\\raddino_convnext_tiny_experiment_seed42\\phase1_distillation\\checkpoints\\best.pt; outputs\\raddino_convnext_tiny_experiment_seed42\\phase1_distillation\\checkpoints\\distilled_convnext_tiny_backbone.pt; outputs\\raddino_convnext_tiny_experiment_seed42\\phase1_distillation\\metrics\\phase1_metrics.csv; outputs\\raddino_convnext_tiny_experiment_seed42\\phase2_baseline_imagenet\\checkpoints\\best.pt; outputs\\raddino_convnext_tiny_experiment_seed42\\phase2_proposed_distilled\\checkpoints\\best.pt; outputs\\raddino_convnext_tiny_experiment_seed42\\phase2_split\\test_roi_manifest.csv; outputs\\raddino_convnext_tiny_experiment_seed42\\phase2_split\\train_roi_manifest.csv; outputs\\raddino_convnext_tiny_experiment_seed42\\phase2_split\\val_roi_manifest.csv; outputs\\raddino_convnext_tiny_experiment_seed42\\shared_phase2_finetune_config.json; outputs\\raddino_convnext_tiny_patch_experiment_seed42\\phase0_patch_teacher_cache\\teacher_patch_features_7x7.pt; outputs\\raddino_convnext_tiny_patch_experiment_seed42\\phase1_patch_distillation\\checkpoints\\best.pt,outputs\\raddino_convnext_tiny_experiment_seed42\\final_comparison\\final_comparison_summary.json; outputs\\raddino_convnext_tiny_experiment_seed42\\phase1_distillation\\checkpoints\\best.pt; outputs\\raddino_convnext_tiny_experiment_seed42\\phase1_distillation\\checkpoints\\distilled_convnext_tiny_backbone.pt; outputs\\raddino_convnext_tiny_experiment_seed42\\phase1_distillation\\metrics\\phase1_metrics.csv; outputs\\raddino_convnext_tiny_experiment_seed42\\phase2_baseline_imagenet\\checkpoints\\best.pt; outputs\\raddino_convnext_tiny_experiment_seed42\\phase2_proposed_distilled\\checkpoints\\best.pt; outputs\\raddino_convnext_tiny_experiment_seed42\\phase2_split\\test_roi_manifest.csv; outputs\\raddino_convnext_tiny_experiment_seed42\\phase2_split\\train_roi_manifest.csv; outputs\\raddino_convnext_tiny_experiment_seed42\\phase2_split\\val_roi_manifest.csv; outputs\\raddino_convnext_tiny_experiment_seed42\\shared_phase2_finetune_config.json; outputs\\raddino_convnext_tiny_patch_experiment_seed42\\phase0_patch_teacher_cache\\teacher_patch_features_7x7.pt; outputs\\raddino_convnext_tiny_patch_experiment_seed42\\phase1_patch_distillation\\checkpoints\\best.pt,正式性依所在實驗資料夾與欄位內容判定,方法/實驗結果：ROI 與 RAD-DINO 蒸餾,high,
outputs/raddino_convnext_tiny_patch_experiment_seed42/phase1_patch_distillation/diagnostics/protected_artifact_hashes_before.json,formal_output,既有輸出證據檔；本次僅讀取不覆蓋,evidence,,,outputs\\raddino_convnext_tiny_experiment_seed42\\final_comparison\\final_comparison_summary.json; outputs\\raddino_convnext_tiny_experiment_seed42\\phase1_distillation\\checkpoints\\best.pt; outputs\\raddino_convnext_tiny_experiment_seed42\\phase1_distillation\\checkpoints\\distilled_convnext_tiny_backbone.pt; outputs\\raddino_convnext_tiny_experiment_seed42\\phase1_distillation\\metrics\\phase1_metrics.csv; outputs\\raddino_convnext_tiny_experiment_seed42\\phase2_baseline_imagenet\\checkpoints\\best.pt; outputs\\raddino_convnext_tiny_experiment_seed42\\phase2_proposed_distilled\\checkpoints\\best.pt; outputs\\raddino_convnext_tiny_experiment_seed42\\phase2_split\\test_roi_manifest.csv; outputs\\raddino_convnext_tiny_experiment_seed42\\phase2_split\\train_roi_manifest.csv; outputs\\raddino_convnext_tiny_experiment_seed42\\phase2_split\\val_roi_manifest.csv; outputs\\raddino_convnext_tiny_experiment_seed42\\shared_phase2_finetune_config.json; outputs\\raddino_convnext_tiny_patch_experiment_seed42\\phase0_patch_teacher_cache\\teacher_patch_features_7x7.pt; outputs\\raddino_feature_cache\\balanced_945_seed42\\roi_manifest.csv,outputs\\raddino_convnext_tiny_experiment_seed42\\final_comparison\\final_comparison_summary.json; outputs\\raddino_convnext_tiny_experiment_seed42\\phase1_distillation\\checkpoints\\best.pt; outputs\\raddino_convnext_tiny_experiment_seed42\\phase1_distillation\\checkpoints\\distilled_convnext_tiny_backbone.pt; outputs\\raddino_convnext_tiny_experiment_seed42\\phase1_distillation\\metrics\\phase1_metrics.csv; outputs\\raddino_convnext_tiny_experiment_seed42\\phase2_baseline_imagenet\\checkpoints\\best.pt; outputs\\raddino_convnext_tiny_experiment_seed42\\phase2_proposed_distilled\\checkpoints\\best.pt; outputs\\raddino_convnext_tiny_experiment_seed42\\phase2_split\\test_roi_manifest.csv; outputs\\raddino_convnext_tiny_experiment_seed42\\phase2_split\\train_roi_manifest.csv; outputs\\raddino_convnext_tiny_experiment_seed42\\phase2_split\\val_roi_manifest.csv; outputs\\raddino_convnext_tiny_experiment_seed42\\shared_phase2_finetune_config.json; outputs\\raddino_convnext_tiny_patch_experiment_seed42\\phase0_patch_teacher_cache\\teacher_patch_features_7x7.pt; outputs\\raddino_feature_cache\\balanced_945_seed42\\roi_manifest.csv,正式性依所在實驗資料夾與欄位內容判定,方法/實驗結果：ROI 與 RAD-DINO 蒸餾,high,
outputs/raddino_convnext_tiny_patch_experiment_seed42/phase1_patch_distillation/diagnostics/resume_audit.json,formal_output,既有輸出證據檔；本次僅讀取不覆蓋,evidence,,,outputs\\raddino_convnext_tiny_patch_experiment_seed42\\phase1_patch_distillation\\checkpoints\\last.pt,outputs\\raddino_convnext_tiny_patch_experiment_seed42\\phase1_patch_distillation\\checkpoints\\last.pt,正式性依所在實驗資料夾與欄位內容判定,方法/實驗結果：ROI 與 RAD-DINO 蒸餾,high,
outputs/raddino_convnext_tiny_patch_experiment_seed42/phase1_patch_distillation/diagnostics/smoke_test_audit.json,formal_output,既有輸出證據檔；本次僅讀取不覆蓋,evidence,,,,,正式性依所在實驗資料夾與欄位內容判定,方法/實驗結果：ROI 與 RAD-DINO 蒸餾,high,
outputs/raddino_convnext_tiny_patch_experiment_seed42/phase1_patch_distillation/diagnostics/teacher_cache_audit.json,formal_output,既有輸出證據檔；本次僅讀取不覆蓋,evidence,,,outputs\\raddino_convnext_tiny_patch_experiment_seed42\\phase0_patch_teacher_cache\\teacher_patch_features_7x7.pt; weights_only,outputs\\raddino_convnext_tiny_patch_experiment_seed42\\phase0_patch_teacher_cache\\teacher_patch_features_7x7.pt,正式性依所在實驗資料夾與欄位內容判定,方法/實驗結果：ROI 與 RAD-DINO 蒸餾,high,
outputs/raddino_convnext_tiny_patch_experiment_seed42/phase1_patch_distillation/diagnostics/training_failure.json,formal_output,既有輸出證據檔；本次僅讀取不覆蓋,evidence,,,outputs\\\\raddino_convnext_tiny_patch_experiment_seed42\\\\phase1_patch_distillation\\\\phase1_patch_training_progress.json; outputs\\\\raddino_convnext_tiny_patch_experiment_seed42\\\\phase1_patch_distillation\\\\phase1_patch_training_progress.json.tmp,outputs\\\\raddino_convnext_tiny_patch_experiment_seed42\\\\phase1_patch_distillation\\\\phase1_patch_training_progress.json; outputs\\\\raddino_convnext_tiny_patch_experiment_seed42\\\\phase1_patch_distillation\\\\phase1_patch_training_progress.json.tmp,正式性依所在實驗資料夾與欄位內容判定,方法/實驗結果：ROI 與 RAD-DINO 蒸餾,high,
outputs/raddino_convnext_tiny_patch_experiment_seed42/phase1_patch_distillation/environment.json,formal_output,既有輸出證據檔；本次僅讀取不覆蓋,evidence,,,,,正式性依所在實驗資料夾與欄位內容判定,方法/實驗結果：ROI 與 RAD-DINO 蒸餾,high,
outputs/raddino_convnext_tiny_patch_experiment_seed42/phase1_patch_distillation/metrics/per_image_cosine/epoch_001.csv,formal_output,既有輸出證據檔；本次僅讀取不覆蓋,evidence,,,,,正式性依所在實驗資料夾與欄位內容判定,方法/實驗結果：ROI 與 RAD-DINO 蒸餾,high,
outputs/raddino_convnext_tiny_patch_experiment_seed42/phase1_patch_distillation/metrics/per_image_cosine/epoch_002.csv,formal_output,既有輸出證據檔；本次僅讀取不覆蓋,evidence,,,,,正式性依所在實驗資料夾與欄位內容判定,方法/實驗結果：ROI 與 RAD-DINO 蒸餾,high,
outputs/raddino_convnext_tiny_patch_experiment_seed42/phase1_patch_distillation/metrics/per_image_cosine/epoch_003.csv,formal_output,既有輸出證據檔；本次僅讀取不覆蓋,evidence,,,,,正式性依所在實驗資料夾與欄位內容判定,方法/實驗結果：ROI 與 RAD-DINO 蒸餾,high,
outputs/raddino_convnext_tiny_patch_experiment_seed42/phase1_patch_distillation/metrics/per_image_cosine/epoch_004.csv,formal_output,既有輸出證據檔；本次僅讀取不覆蓋,evidence,,,,,正式性依所在實驗資料夾與欄位內容判定,方法/實驗結果：ROI 與 RAD-DINO 蒸餾,high,
outputs/raddino_convnext_tiny_patch_experiment_seed42/phase1_patch_distillation/metrics/per_image_cosine/epoch_005.csv,formal_output,既有輸出證據檔；本次僅讀取不覆蓋,evidence,,,,,正式性依所在實驗資料夾與欄位內容判定,方法/實驗結果：ROI 與 RAD-DINO 蒸餾,high,
outputs/raddino_convnext_tiny_patch_experiment_seed42/phase1_patch_distillation/metrics/per_image_cosine/epoch_006.csv,formal_output,既有輸出證據檔；本次僅讀取不覆蓋,evidence,,,,,正式性依所在實驗資料夾與欄位內容判定,方法/實驗結果：ROI 與 RAD-DINO 蒸餾,high,
outputs/raddino_convnext_tiny_patch_experiment_seed42/phase1_patch_distillation/metrics/per_image_cosine/epoch_007.csv,formal_output,既有輸出證據檔；本次僅讀取不覆蓋,evidence,,,,,正式性依所在實驗資料夾與欄位內容判定,方法/實驗結果：ROI 與 RAD-DINO 蒸餾,high,
outputs/raddino_convnext_tiny_patch_experiment_seed42/phase1_patch_distillation/metrics/per_image_cosine/epoch_008.csv,formal_output,既有輸出證據檔；本次僅讀取不覆蓋,evidence,,,,,正式性依所在實驗資料夾與欄位內容判定,方法/實驗結果：ROI 與 RAD-DINO 蒸餾,high,
outputs/raddino_convnext_tiny_patch_experiment_seed42/phase1_patch_distillation/metrics/per_image_cosine/epoch_009.csv,formal_output,既有輸出證據檔；本次僅讀取不覆蓋,evidence,,,,,正式性依所在實驗資料夾與欄位內容判定,方法/實驗結果：ROI 與 RAD-DINO 蒸餾,high,
outputs/raddino_convnext_tiny_patch_experiment_seed42/phase1_patch_distillation/metrics/per_image_cosine/epoch_010.csv,formal_output,既有輸出證據檔；本次僅讀取不覆蓋,evidence,,,,,正式性依所在實驗資料夾與欄位內容判定,方法/實驗結果：ROI 與 RAD-DINO 蒸餾,high,
outputs/raddino_convnext_tiny_patch_experiment_seed42/phase1_patch_distillation/metrics/per_image_cosine/epoch_011.csv,formal_output,既有輸出證據檔；本次僅讀取不覆蓋,evidence,,,,,正式性依所在實驗資料夾與欄位內容判定,方法/實驗結果：ROI 與 RAD-DINO 蒸餾,high,
outputs/raddino_convnext_tiny_patch_experiment_seed42/phase1_patch_distillation/metrics/per_image_cosine/epoch_012.csv,formal_output,既有輸出證據檔；本次僅讀取不覆蓋,evidence,,,,,正式性依所在實驗資料夾與欄位內容判定,方法/實驗結果：ROI 與 RAD-DINO 蒸餾,high,
outputs/raddino_convnext_tiny_patch_experiment_seed42/phase1_patch_distillation/metrics/per_image_cosine/epoch_013.csv,formal_output,既有輸出證據檔；本次僅讀取不覆蓋,evidence,,,,,正式性依所在實驗資料夾與欄位內容判定,方法/實驗結果：ROI 與 RAD-DINO 蒸餾,high,
outputs/raddino_convnext_tiny_patch_experiment_seed42/phase1_patch_distillation/metrics/per_image_cosine/epoch_014.csv,formal_output,既有輸出證據檔；本次僅讀取不覆蓋,evidence,,,,,正式性依所在實驗資料夾與欄位內容判定,方法/實驗結果：ROI 與 RAD-DINO 蒸餾,high,
outputs/raddino_convnext_tiny_patch_experiment_seed42/phase1_patch_distillation/metrics/per_image_cosine/epoch_015.csv,formal_output,既有輸出證據檔；本次僅讀取不覆蓋,evidence,,,,,正式性依所在實驗資料夾與欄位內容判定,方法/實驗結果：ROI 與 RAD-DINO 蒸餾,high,
outputs/raddino_convnext_tiny_patch_experiment_seed42/phase1_patch_distillation/metrics/per_image_cosine/epoch_016.csv,formal_output,既有輸出證據檔；本次僅讀取不覆蓋,evidence,,,,,正式性依所在實驗資料夾與欄位內容判定,方法/實驗結果：ROI 與 RAD-DINO 蒸餾,high,
outputs/raddino_convnext_tiny_patch_experiment_seed42/phase1_patch_distillation/metrics/per_image_cosine/epoch_017.csv,formal_output,既有輸出證據檔；本次僅讀取不覆蓋,evidence,,,,,正式性依所在實驗資料夾與欄位內容判定,方法/實驗結果：ROI 與 RAD-DINO 蒸餾,high,
outputs/raddino_convnext_tiny_patch_experiment_seed42/phase1_patch_distillation/metrics/per_image_cosine/epoch_018.csv,formal_output,既有輸出證據檔；本次僅讀取不覆蓋,evidence,,,,,正式性依所在實驗資料夾與欄位內容判定,方法/實驗結果：ROI 與 RAD-DINO 蒸餾,high,
outputs/raddino_convnext_tiny_patch_experiment_seed42/phase1_patch_distillation/metrics/per_image_cosine/epoch_019.csv,formal_output,既有輸出證據檔；本次僅讀取不覆蓋,evidence,,,,,正式性依所在實驗資料夾與欄位內容判定,方法/實驗結果：ROI 與 RAD-DINO 蒸餾,high,
outputs/raddino_convnext_tiny_patch_experiment_seed42/phase1_patch_distillation/metrics/per_image_cosine/epoch_020.csv,formal_output,既有輸出證據檔；本次僅讀取不覆蓋,evidence,,,,,正式性依所在實驗資料夾與欄位內容判定,方法/實驗結果：ROI 與 RAD-DINO 蒸餾,high,
outputs/raddino_convnext_tiny_patch_experiment_seed42/phase1_patch_distillation/metrics/per_image_cosine/epoch_021.csv,formal_output,既有輸出證據檔；本次僅讀取不覆蓋,evidence,,,,,正式性依所在實驗資料夾與欄位內容判定,方法/實驗結果：ROI 與 RAD-DINO 蒸餾,high,
outputs/raddino_convnext_tiny_patch_experiment_seed42/phase1_patch_distillation/metrics/per_image_cosine/epoch_022.csv,formal_output,既有輸出證據檔；本次僅讀取不覆蓋,evidence,,,,,正式性依所在實驗資料夾與欄位內容判定,方法/實驗結果：ROI 與 RAD-DINO 蒸餾,high,
outputs/raddino_convnext_tiny_patch_experiment_seed42/phase1_patch_distillation/metrics/per_image_cosine/epoch_023.csv,formal_output,既有輸出證據檔；本次僅讀取不覆蓋,evidence,,,,,正式性依所在實驗資料夾與欄位內容判定,方法/實驗結果：ROI 與 RAD-DINO 蒸餾,high,
outputs/raddino_convnext_tiny_patch_experiment_seed42/phase1_patch_distillation/metrics/per_image_cosine/epoch_024.csv,formal_output,既有輸出證據檔；本次僅讀取不覆蓋,evidence,,,,,正式性依所在實驗資料夾與欄位內容判定,方法/實驗結果：ROI 與 RAD-DINO 蒸餾,high,
outputs/raddino_convnext_tiny_patch_experiment_seed42/phase1_patch_distillation/metrics/per_image_cosine/epoch_025.csv,formal_output,既有輸出證據檔；本次僅讀取不覆蓋,evidence,,,,,正式性依所在實驗資料夾與欄位內容判定,方法/實驗結果：ROI 與 RAD-DINO 蒸餾,high,
outputs/raddino_convnext_tiny_patch_experiment_seed42/phase1_patch_distillation/metrics/per_image_cosine/epoch_026.csv,formal_output,既有輸出證據檔；本次僅讀取不覆蓋,evidence,,,,,正式性依所在實驗資料夾與欄位內容判定,方法/實驗結果：ROI 與 RAD-DINO 蒸餾,high,
outputs/raddino_convnext_tiny_patch_experiment_seed42/phase1_patch_distillation/metrics/per_image_cosine/epoch_027.csv,formal_output,既有輸出證據檔；本次僅讀取不覆蓋,evidence,,,,,正式性依所在實驗資料夾與欄位內容判定,方法/實驗結果：ROI 與 RAD-DINO 蒸餾,high,
outputs/raddino_convnext_tiny_patch_experiment_seed42/phase1_patch_distillation/metrics/per_image_cosine/epoch_028.csv,formal_output,既有輸出證據檔；本次僅讀取不覆蓋,evidence,,,,,正式性依所在實驗資料夾與欄位內容判定,方法/實驗結果：ROI 與 RAD-DINO 蒸餾,high,
outputs/raddino_convnext_tiny_patch_experiment_seed42/phase1_patch_distillation/metrics/per_image_cosine/epoch_029.csv,formal_output,既有輸出證據檔；本次僅讀取不覆蓋,evidence,,,,,正式性依所在實驗資料夾與欄位內容判定,方法/實驗結果：ROI 與 RAD-DINO 蒸餾,high,
outputs/raddino_convnext_tiny_patch_experiment_seed42/phase1_patch_distillation/metrics/per_image_cosine/epoch_030.csv,formal_output,既有輸出證據檔；本次僅讀取不覆蓋,evidence,,,,,正式性依所在實驗資料夾與欄位內容判定,方法/實驗結果：ROI 與 RAD-DINO 蒸餾,high,
outputs/raddino_convnext_tiny_patch_experiment_seed42/phase1_patch_distillation/metrics/per_image_cosine/epoch_031.csv,formal_output,既有輸出證據檔；本次僅讀取不覆蓋,evidence,,,,,正式性依所在實驗資料夾與欄位內容判定,方法/實驗結果：ROI 與 RAD-DINO 蒸餾,high,
outputs/raddino_convnext_tiny_patch_experiment_seed42/phase1_patch_distillation/metrics/per_image_cosine/epoch_032.csv,formal_output,既有輸出證據檔；本次僅讀取不覆蓋,evidence,,,,,正式性依所在實驗資料夾與欄位內容判定,方法/實驗結果：ROI 與 RAD-DINO 蒸餾,high,
outputs/raddino_convnext_tiny_patch_experiment_seed42/phase1_patch_distillation/metrics/per_image_cosine/epoch_033.csv,formal_output,既有輸出證據檔；本次僅讀取不覆蓋,evidence,,,,,正式性依所在實驗資料夾與欄位內容判定,方法/實驗結果：ROI 與 RAD-DINO 蒸餾,high,
outputs/raddino_convnext_tiny_patch_experiment_seed42/phase1_patch_distillation/metrics/per_image_cosine/epoch_034.csv,formal_output,既有輸出證據檔；本次僅讀取不覆蓋,evidence,,,,,正式性依所在實驗資料夾與欄位內容判定,方法/實驗結果：ROI 與 RAD-DINO 蒸餾,high,
outputs/raddino_convnext_tiny_patch_experiment_seed42/phase1_patch_distillation/metrics/per_image_cosine/epoch_035.csv,formal_output,既有輸出證據檔；本次僅讀取不覆蓋,evidence,,,,,正式性依所在實驗資料夾與欄位內容判定,方法/實驗結果：ROI 與 RAD-DINO 蒸餾,high,
outputs/raddino_convnext_tiny_patch_experiment_seed42/phase1_patch_distillation/metrics/per_image_cosine/epoch_036.csv,formal_output,既有輸出證據檔；本次僅讀取不覆蓋,evidence,,,,,正式性依所在實驗資料夾與欄位內容判定,方法/實驗結果：ROI 與 RAD-DINO 蒸餾,high,
outputs/raddino_convnext_tiny_patch_experiment_seed42/phase1_patch_distillation/metrics/per_image_cosine/epoch_037.csv,formal_output,既有輸出證據檔；本次僅讀取不覆蓋,evidence,,,,,正式性依所在實驗資料夾與欄位內容判定,方法/實驗結果：ROI 與 RAD-DINO 蒸餾,high,
outputs/raddino_convnext_tiny_patch_experiment_seed42/phase1_patch_distillation/metrics/per_image_cosine/epoch_038.csv,formal_output,既有輸出證據檔；本次僅讀取不覆蓋,evidence,,,,,正式性依所在實驗資料夾與欄位內容判定,方法/實驗結果：ROI 與 RAD-DINO 蒸餾,high,
outputs/raddino_convnext_tiny_patch_experiment_seed42/phase1_patch_distillation/metrics/per_image_cosine/epoch_039.csv,formal_output,既有輸出證據檔；本次僅讀取不覆蓋,evidence,,,,,正式性依所在實驗資料夾與欄位內容判定,方法/實驗結果：ROI 與 RAD-DINO 蒸餾,high,
outputs/raddino_convnext_tiny_patch_experiment_seed42/phase1_patch_distillation/metrics/per_image_cosine/epoch_040.csv,formal_output,既有輸出證據檔；本次僅讀取不覆蓋,evidence,,,,,正式性依所在實驗資料夾與欄位內容判定,方法/實驗結果：ROI 與 RAD-DINO 蒸餾,high,
outputs/raddino_convnext_tiny_patch_experiment_seed42/phase1_patch_distillation/metrics/per_image_cosine/epoch_041.csv,formal_output,既有輸出證據檔；本次僅讀取不覆蓋,evidence,,,,,正式性依所在實驗資料夾與欄位內容判定,方法/實驗結果：ROI 與 RAD-DINO 蒸餾,high,
outputs/raddino_convnext_tiny_patch_experiment_seed42/phase1_patch_distillation/metrics/per_image_cosine/epoch_042.csv,formal_output,既有輸出證據檔；本次僅讀取不覆蓋,evidence,,,,,正式性依所在實驗資料夾與欄位內容判定,方法/實驗結果：ROI 與 RAD-DINO 蒸餾,high,
outputs/raddino_convnext_tiny_patch_experiment_seed42/phase1_patch_distillation/metrics/per_image_cosine/epoch_043.csv,formal_output,既有輸出證據檔；本次僅讀取不覆蓋,evidence,,,,,正式性依所在實驗資料夾與欄位內容判定,方法/實驗結果：ROI 與 RAD-DINO 蒸餾,high,
outputs/raddino_convnext_tiny_patch_experiment_seed42/phase1_patch_distillation/metrics/per_image_cosine/epoch_044.csv,formal_output,既有輸出證據檔；本次僅讀取不覆蓋,evidence,,,,,正式性依所在實驗資料夾與欄位內容判定,方法/實驗結果：ROI 與 RAD-DINO 蒸餾,high,
outputs/raddino_convnext_tiny_patch_experiment_seed42/phase1_patch_distillation/metrics/per_image_cosine/epoch_045.csv,formal_output,既有輸出證據檔；本次僅讀取不覆蓋,evidence,,,,,正式性依所在實驗資料夾與欄位內容判定,方法/實驗結果：ROI 與 RAD-DINO 蒸餾,high,
outputs/raddino_convnext_tiny_patch_experiment_seed42/phase1_patch_distillation/metrics/per_image_cosine/epoch_046.csv,formal_output,既有輸出證據檔；本次僅讀取不覆蓋,evidence,,,,,正式性依所在實驗資料夾與欄位內容判定,方法/實驗結果：ROI 與 RAD-DINO 蒸餾,high,
outputs/raddino_convnext_tiny_patch_experiment_seed42/phase1_patch_distillation/metrics/per_image_cosine/epoch_047.csv,formal_output,既有輸出證據檔；本次僅讀取不覆蓋,evidence,,,,,正式性依所在實驗資料夾與欄位內容判定,方法/實驗結果：ROI 與 RAD-DINO 蒸餾,high,
outputs/raddino_convnext_tiny_patch_experiment_seed42/phase1_patch_distillation/metrics/per_image_cosine/epoch_048.csv,formal_output,既有輸出證據檔；本次僅讀取不覆蓋,evidence,,,,,正式性依所在實驗資料夾與欄位內容判定,方法/實驗結果：ROI 與 RAD-DINO 蒸餾,high,
outputs/raddino_convnext_tiny_patch_experiment_seed42/phase1_patch_distillation/metrics/per_image_cosine/epoch_049.csv,formal_output,既有輸出證據檔；本次僅讀取不覆蓋,evidence,,,,,正式性依所在實驗資料夾與欄位內容判定,方法/實驗結果：ROI 與 RAD-DINO 蒸餾,high,
outputs/raddino_convnext_tiny_patch_experiment_seed42/phase1_patch_distillation/metrics/per_image_cosine/epoch_050.csv,formal_output,既有輸出證據檔；本次僅讀取不覆蓋,evidence,,,,,正式性依所在實驗資料夾與欄位內容判定,方法/實驗結果：ROI 與 RAD-DINO 蒸餾,high,
outputs/raddino_convnext_tiny_patch_experiment_seed42/phase1_patch_distillation/metrics/per_image_cosine/epoch_051.csv,formal_output,既有輸出證據檔；本次僅讀取不覆蓋,evidence,,,,,正式性依所在實驗資料夾與欄位內容判定,方法/實驗結果：ROI 與 RAD-DINO 蒸餾,high,
outputs/raddino_convnext_tiny_patch_experiment_seed42/phase1_patch_distillation/metrics/per_image_cosine/epoch_052.csv,formal_output,既有輸出證據檔；本次僅讀取不覆蓋,evidence,,,,,正式性依所在實驗資料夾與欄位內容判定,方法/實驗結果：ROI 與 RAD-DINO 蒸餾,high,
outputs/raddino_convnext_tiny_patch_experiment_seed42/phase1_patch_distillation/metrics/per_image_cosine/epoch_053.csv,formal_output,既有輸出證據檔；本次僅讀取不覆蓋,evidence,,,,,正式性依所在實驗資料夾與欄位內容判定,方法/實驗結果：ROI 與 RAD-DINO 蒸餾,high,
outputs/raddino_convnext_tiny_patch_experiment_seed42/phase1_patch_distillation/metrics/per_image_cosine/epoch_054.csv,formal_output,既有輸出證據檔；本次僅讀取不覆蓋,evidence,,,,,正式性依所在實驗資料夾與欄位內容判定,方法/實驗結果：ROI 與 RAD-DINO 蒸餾,high,
outputs/raddino_convnext_tiny_patch_experiment_seed42/phase1_patch_distillation/metrics/per_image_cosine/epoch_055.csv,formal_output,既有輸出證據檔；本次僅讀取不覆蓋,evidence,,,,,正式性依所在實驗資料夾與欄位內容判定,方法/實驗結果：ROI 與 RAD-DINO 蒸餾,high,
outputs/raddino_convnext_tiny_patch_experiment_seed42/phase1_patch_distillation/metrics/per_image_cosine/epoch_056.csv,formal_output,既有輸出證據檔；本次僅讀取不覆蓋,evidence,,,,,正式性依所在實驗資料夾與欄位內容判定,方法/實驗結果：ROI 與 RAD-DINO 蒸餾,high,
outputs/raddino_convnext_tiny_patch_experiment_seed42/phase1_patch_distillation/metrics/per_image_cosine/epoch_057.csv,formal_output,既有輸出證據檔；本次僅讀取不覆蓋,evidence,,,,,正式性依所在實驗資料夾與欄位內容判定,方法/實驗結果：ROI 與 RAD-DINO 蒸餾,high,
outputs/raddino_convnext_tiny_patch_experiment_seed42/phase1_patch_distillation/metrics/per_image_cosine/epoch_058.csv,formal_output,既有輸出證據檔；本次僅讀取不覆蓋,evidence,,,,,正式性依所在實驗資料夾與欄位內容判定,方法/實驗結果：ROI 與 RAD-DINO 蒸餾,high,
outputs/raddino_convnext_tiny_patch_experiment_seed42/phase1_patch_distillation/metrics/per_image_cosine/epoch_059.csv,formal_output,既有輸出證據檔；本次僅讀取不覆蓋,evidence,,,,,正式性依所在實驗資料夾與欄位內容判定,方法/實驗結果：ROI 與 RAD-DINO 蒸餾,high,
outputs/raddino_convnext_tiny_patch_experiment_seed42/phase1_patch_distillation/metrics/per_image_cosine/epoch_060.csv,formal_output,既有輸出證據檔；本次僅讀取不覆蓋,evidence,,,,,正式性依所在實驗資料夾與欄位內容判定,方法/實驗結果：ROI 與 RAD-DINO 蒸餾,high,
outputs/raddino_convnext_tiny_patch_experiment_seed42/phase1_patch_distillation/metrics/per_image_cosine/epoch_061.csv,formal_output,既有輸出證據檔；本次僅讀取不覆蓋,evidence,,,,,正式性依所在實驗資料夾與欄位內容判定,方法/實驗結果：ROI 與 RAD-DINO 蒸餾,high,
outputs/raddino_convnext_tiny_patch_experiment_seed42/phase1_patch_distillation/metrics/per_image_cosine/epoch_062.csv,formal_output,既有輸出證據檔；本次僅讀取不覆蓋,evidence,,,,,正式性依所在實驗資料夾與欄位內容判定,方法/實驗結果：ROI 與 RAD-DINO 蒸餾,high,
outputs/raddino_convnext_tiny_patch_experiment_seed42/phase1_patch_distillation/metrics/per_image_cosine/epoch_063.csv,formal_output,既有輸出證據檔；本次僅讀取不覆蓋,evidence,,,,,正式性依所在實驗資料夾與欄位內容判定,方法/實驗結果：ROI 與 RAD-DINO 蒸餾,high,
outputs/raddino_convnext_tiny_patch_experiment_seed42/phase1_patch_distillation/metrics/per_image_cosine/epoch_064.csv,formal_output,既有輸出證據檔；本次僅讀取不覆蓋,evidence,,,,,正式性依所在實驗資料夾與欄位內容判定,方法/實驗結果：ROI 與 RAD-DINO 蒸餾,high,
outputs/raddino_convnext_tiny_patch_experiment_seed42/phase1_patch_distillation/metrics/per_image_cosine/epoch_065.csv,formal_output,既有輸出證據檔；本次僅讀取不覆蓋,evidence,,,,,正式性依所在實驗資料夾與欄位內容判定,方法/實驗結果：ROI 與 RAD-DINO 蒸餾,high,
outputs/raddino_convnext_tiny_patch_experiment_seed42/phase1_patch_distillation/metrics/per_image_cosine/epoch_066.csv,formal_output,既有輸出證據檔；本次僅讀取不覆蓋,evidence,,,,,正式性依所在實驗資料夾與欄位內容判定,方法/實驗結果：ROI 與 RAD-DINO 蒸餾,high,
outputs/raddino_convnext_tiny_patch_experiment_seed42/phase1_patch_distillation/metrics/per_image_cosine/epoch_067.csv,formal_output,既有輸出證據檔；本次僅讀取不覆蓋,evidence,,,,,正式性依所在實驗資料夾與欄位內容判定,方法/實驗結果：ROI 與 RAD-DINO 蒸餾,high,
outputs/raddino_convnext_tiny_patch_experiment_seed42/phase1_patch_distillation/metrics/per_image_cosine/epoch_068.csv,formal_output,既有輸出證據檔；本次僅讀取不覆蓋,evidence,,,,,正式性依所在實驗資料夾與欄位內容判定,方法/實驗結果：ROI 與 RAD-DINO 蒸餾,high,
outputs/raddino_convnext_tiny_patch_experiment_seed42/phase1_patch_distillation/metrics/per_image_cosine/epoch_069.csv,formal_output,既有輸出證據檔；本次僅讀取不覆蓋,evidence,,,,,正式性依所在實驗資料夾與欄位內容判定,方法/實驗結果：ROI 與 RAD-DINO 蒸餾,high,
outputs/raddino_convnext_tiny_patch_experiment_seed42/phase1_patch_distillation/metrics/per_image_cosine/epoch_070.csv,formal_output,既有輸出證據檔；本次僅讀取不覆蓋,evidence,,,,,正式性依所在實驗資料夾與欄位內容判定,方法/實驗結果：ROI 與 RAD-DINO 蒸餾,high,
outputs/raddino_convnext_tiny_patch_experiment_seed42/phase1_patch_distillation/metrics/per_image_cosine/epoch_071.csv,formal_output,既有輸出證據檔；本次僅讀取不覆蓋,evidence,,,,,正式性依所在實驗資料夾與欄位內容判定,方法/實驗結果：ROI 與 RAD-DINO 蒸餾,high,
outputs/raddino_convnext_tiny_patch_experiment_seed42/phase1_patch_distillation/metrics/per_image_cosine/epoch_072.csv,formal_output,既有輸出證據檔；本次僅讀取不覆蓋,evidence,,,,,正式性依所在實驗資料夾與欄位內容判定,方法/實驗結果：ROI 與 RAD-DINO 蒸餾,high,
outputs/raddino_convnext_tiny_patch_experiment_seed42/phase1_patch_distillation/metrics/per_image_cosine/epoch_073.csv,formal_output,既有輸出證據檔；本次僅讀取不覆蓋,evidence,,,,,正式性依所在實驗資料夾與欄位內容判定,方法/實驗結果：ROI 與 RAD-DINO 蒸餾,high,
outputs/raddino_convnext_tiny_patch_experiment_seed42/phase1_patch_distillation/metrics/per_image_cosine/epoch_074.csv,formal_output,既有輸出證據檔；本次僅讀取不覆蓋,evidence,,,,,正式性依所在實驗資料夾與欄位內容判定,方法/實驗結果：ROI 與 RAD-DINO 蒸餾,high,
outputs/raddino_convnext_tiny_patch_experiment_seed42/phase1_patch_distillation/metrics/per_image_cosine/epoch_075.csv,formal_output,既有輸出證據檔；本次僅讀取不覆蓋,evidence,,,,,正式性依所在實驗資料夾與欄位內容判定,方法/實驗結果：ROI 與 RAD-DINO 蒸餾,high,
outputs/raddino_convnext_tiny_patch_experiment_seed42/phase1_patch_distillation/metrics/per_image_cosine/epoch_076.csv,formal_output,既有輸出證據檔；本次僅讀取不覆蓋,evidence,,,,,正式性依所在實驗資料夾與欄位內容判定,方法/實驗結果：ROI 與 RAD-DINO 蒸餾,high,
outputs/raddino_convnext_tiny_patch_experiment_seed42/phase1_patch_distillation/metrics/per_image_cosine/epoch_077.csv,formal_output,既有輸出證據檔；本次僅讀取不覆蓋,evidence,,,,,正式性依所在實驗資料夾與欄位內容判定,方法/實驗結果：ROI 與 RAD-DINO 蒸餾,high,
outputs/raddino_convnext_tiny_patch_experiment_seed42/phase1_patch_distillation/metrics/per_image_cosine/epoch_078.csv,formal_output,既有輸出證據檔；本次僅讀取不覆蓋,evidence,,,,,正式性依所在實驗資料夾與欄位內容判定,方法/實驗結果：ROI 與 RAD-DINO 蒸餾,high,
outputs/raddino_convnext_tiny_patch_experiment_seed42/phase1_patch_distillation/metrics/per_image_cosine/epoch_079.csv,formal_output,既有輸出證據檔；本次僅讀取不覆蓋,evidence,,,,,正式性依所在實驗資料夾與欄位內容判定,方法/實驗結果：ROI 與 RAD-DINO 蒸餾,high,
outputs/raddino_convnext_tiny_patch_experiment_seed42/phase1_patch_distillation/metrics/per_image_cosine/epoch_080.csv,formal_output,既有輸出證據檔；本次僅讀取不覆蓋,evidence,,,,,正式性依所在實驗資料夾與欄位內容判定,方法/實驗結果：ROI 與 RAD-DINO 蒸餾,high,
outputs/raddino_convnext_tiny_patch_experiment_seed42/phase1_patch_distillation/metrics/per_image_cosine/epoch_081.csv,formal_output,既有輸出證據檔；本次僅讀取不覆蓋,evidence,,,,,正式性依所在實驗資料夾與欄位內容判定,方法/實驗結果：ROI 與 RAD-DINO 蒸餾,high,
outputs/raddino_convnext_tiny_patch_experiment_seed42/phase1_patch_distillation/metrics/per_image_cosine/epoch_082.csv,formal_output,既有輸出證據檔；本次僅讀取不覆蓋,evidence,,,,,正式性依所在實驗資料夾與欄位內容判定,方法/實驗結果：ROI 與 RAD-DINO 蒸餾,high,
outputs/raddino_convnext_tiny_patch_experiment_seed42/phase1_patch_distillation/metrics/per_image_cosine/epoch_083.csv,formal_output,既有輸出證據檔；本次僅讀取不覆蓋,evidence,,,,,正式性依所在實驗資料夾與欄位內容判定,方法/實驗結果：ROI 與 RAD-DINO 蒸餾,high,
outputs/raddino_convnext_tiny_patch_experiment_seed42/phase1_patch_distillation/metrics/per_image_cosine/epoch_084.csv,formal_output,既有輸出證據檔；本次僅讀取不覆蓋,evidence,,,,,正式性依所在實驗資料夾與欄位內容判定,方法/實驗結果：ROI 與 RAD-DINO 蒸餾,high,
outputs/raddino_convnext_tiny_patch_experiment_seed42/phase1_patch_distillation/metrics/phase1_patch_batch_metrics.csv,formal_output,既有輸出證據檔；本次僅讀取不覆蓋,evidence,,,,,正式性依所在實驗資料夾與欄位內容判定,方法/實驗結果：ROI 與 RAD-DINO 蒸餾,high,large_text_not_deep_read=2871933
outputs/raddino_convnext_tiny_patch_experiment_seed42/phase1_patch_distillation/metrics/phase1_patch_metrics.csv,formal_output,既有輸出證據檔；本次僅讀取不覆蓋,evidence,,,,,正式性依所在實驗資料夾與欄位內容判定,方法/實驗結果：ROI 與 RAD-DINO 蒸餾,high,
outputs/raddino_convnext_tiny_patch_experiment_seed42/phase1_patch_distillation/phase1_patch_training_progress.json,formal_output,既有輸出證據檔；本次僅讀取不覆蓋,evidence,,,,,正式性依所在實驗資料夾與欄位內容判定,方法/實驗結果：ROI 與 RAD-DINO 蒸餾,high,
outputs/raddino_convnext_tiny_patch_experiment_seed42/phase1_patch_distillation/phase1_patch_training_summary.md,formal_output,既有輸出證據檔；本次僅讀取不覆蓋,evidence,,,dataset; outputs\raddino_convnext_tiny_patch_experiment_seed42\phase1_patch_distillation\checkpoints\patch_distilled_convnext_tiny_backbone.pt,outputs\raddino_convnext_tiny_patch_experiment_seed42\phase1_patch_distillation\checkpoints\patch_distilled_convnext_tiny_backbone.pt,正式性依所在實驗資料夾與欄位內容判定,方法/實驗結果：ROI 與 RAD-DINO 蒸餾,high,
outputs/raddino_convnext_tiny_patch_experiment_seed42/phase2_proposed_patch_distilled/config/environment.json,formal_output,既有輸出證據檔；本次僅讀取不覆蓋,evidence,,,,,正式性依所在實驗資料夾與欄位內容判定,方法/實驗結果：ROI 與 RAD-DINO 蒸餾,high,
outputs/raddino_convnext_tiny_patch_experiment_seed42/phase2_proposed_patch_distilled/config/experiment_config.json,formal_output,既有輸出證據檔；本次僅讀取不覆蓋,evidence,,,config_path; config_sha256; outputs\\raddino_convnext_tiny_experiment_seed42\\shared_phase2_finetune_config.json; outputs\\raddino_convnext_tiny_patch_experiment_seed42\\phase1_patch_distillation\\checkpoints\\patch_distilled_convnext_tiny_backbone.pt; outputs\\raddino_convnext_tiny_patch_experiment_seed42\\phase2_proposed_patch_distilled; weights_enum,outputs\\raddino_convnext_tiny_experiment_seed42\\shared_phase2_finetune_config.json; outputs\\raddino_convnext_tiny_patch_experiment_seed42\\phase1_patch_distillation\\checkpoints\\patch_distilled_convnext_tiny_backbone.pt; outputs\\raddino_convnext_tiny_patch_experiment_seed42\\phase2_proposed_patch_distilled,正式性依所在實驗資料夾與欄位內容判定,方法/實驗結果：ROI 與 RAD-DINO 蒸餾,high,
outputs/raddino_convnext_tiny_patch_experiment_seed42/phase2_proposed_patch_distilled/config/pip_freeze.txt,formal_output,既有輸出證據檔；本次僅讀取不覆蓋,evidence,,,,,正式性依所在實驗資料夾與欄位內容判定,方法/實驗結果：ROI 與 RAD-DINO 蒸餾,high,
outputs/raddino_convnext_tiny_patch_experiment_seed42/phase2_proposed_patch_distilled/config/shared_phase2_finetune_config.json,formal_output,既有輸出證據檔；本次僅讀取不覆蓋,evidence,,,data_loader; outputs\\raddino_convnext_tiny_experiment_seed42\\phase2_split\\image_id_split_manifest.csv; outputs\\raddino_convnext_tiny_experiment_seed42\\phase2_split\\shared_training_protocol.json; outputs\\raddino_convnext_tiny_experiment_seed42\\phase2_split\\test_roi_manifest.csv; outputs\\raddino_convnext_tiny_experiment_seed42\\phase2_split\\train_roi_manifest.csv; outputs\\raddino_convnext_tiny_experiment_seed42\\phase2_split\\val_roi_manifest.csv,outputs\\raddino_convnext_tiny_experiment_seed42\\phase2_split\\image_id_split_manifest.csv; outputs\\raddino_convnext_tiny_experiment_seed42\\phase2_split\\shared_training_protocol.json; outputs\\raddino_convnext_tiny_experiment_seed42\\phase2_split\\test_roi_manifest.csv; outputs\\raddino_convnext_tiny_experiment_seed42\\phase2_split\\train_roi_manifest.csv; outputs\\raddino_convnext_tiny_experiment_seed42\\phase2_split\\val_roi_manifest.csv,正式性依所在實驗資料夾與欄位內容判定,方法/實驗結果：ROI 與 RAD-DINO 蒸餾,high,
outputs/raddino_convnext_tiny_patch_experiment_seed42/phase2_proposed_patch_distilled/diagnostics/augmentation_audit.json,formal_output,既有輸出證據檔；本次僅讀取不覆蓋,evidence,,,outputs\\roi_balanced_224\\balanced_945_seed42\\0_aortic_enlargement\\0007d316f756b3fa0baea2ff514ce945_class0_radR10_bbox0006.png; outputs\\roi_balanced_224\\balanced_945_seed42\\0_aortic_enlargement\\0007d316f756b3fa0baea2ff514ce945_class0_radR9_bbox0007.png; outputs\\roi_balanced_224\\balanced_945_seed42\\0_aortic_enlargement\\00bcb82818ea83d6a86df241762cd7d0_class0_radR9_bbox0001.png; outputs\\roi_balanced_224\\balanced_945_seed42\\0_aortic_enlargement\\0108949daa13dc94634a7d650a05c0bb_class0_radR10_bbox0004.png; outputs\\roi_balanced_224\\balanced_945_seed42\\0_aortic_enlargement\\0108949daa13dc94634a7d650a05c0bb_class0_radR8_bbox0002.png; outputs\\roi_balanced_224\\balanced_945_seed42\\0_aortic_enlargement\\0108949daa13dc94634a7d650a05c0bb_class0_radR9_bbox0005.png; outputs\\roi_balanced_224\\balanced_945_seed42\\0_aortic_enlargement\\010a3dbb67bc37800a041866844861b1_class0_radR10_bbox0002.png; outputs\\roi_balanced_224\\balanced_945_seed42\\0_aortic_enlargement\\010a3dbb67bc37800a041866844861b1_class0_radR10_bbox0002__aug_brightness_0036_f095.png; outputs\\roi_balanced_224\\balanced_945_seed42\\0_aortic_enlargement\\010a3dbb67bc37800a041866844861b1_class0_radR8_bbox0003.png; outputs\\roi_balanced_224\\balanced_945_seed42\\0_aortic_enlargement\\010a3dbb67bc37800a041866844861b1_class0_radR9_bbox0001.png; outputs\\roi_balanced_224\\balanced_945_seed42\\0_aortic_enlargement\\011ae9520e81f1efe71c9d954ec07d09_class0_radR9_bbox0010.png; outputs\\roi_balanced_224\\balanced_945_seed42\\0_aortic_enlargement\\01546d3e6175ceaabd7d92f0c566579d_class0_radR10_bbox0003.png,outputs\\roi_balanced_224\\balanced_945_seed42\\0_aortic_enlargement\\0007d316f756b3fa0baea2ff514ce945_class0_radR10_bbox0006.png; outputs\\roi_balanced_224\\balanced_945_seed42\\0_aortic_enlargement\\0007d316f756b3fa0baea2ff514ce945_class0_radR9_bbox0007.png; outputs\\roi_balanced_224\\balanced_945_seed42\\0_aortic_enlargement\\00bcb82818ea83d6a86df241762cd7d0_class0_radR9_bbox0001.png; outputs\\roi_balanced_224\\balanced_945_seed42\\0_aortic_enlargement\\0108949daa13dc94634a7d650a05c0bb_class0_radR10_bbox0004.png; outputs\\roi_balanced_224\\balanced_945_seed42\\0_aortic_enlargement\\0108949daa13dc94634a7d650a05c0bb_class0_radR8_bbox0002.png; outputs\\roi_balanced_224\\balanced_945_seed42\\0_aortic_enlargement\\0108949daa13dc94634a7d650a05c0bb_class0_radR9_bbox0005.png; outputs\\roi_balanced_224\\balanced_945_seed42\\0_aortic_enlargement\\010a3dbb67bc37800a041866844861b1_class0_radR10_bbox0002.png; outputs\\roi_balanced_224\\balanced_945_seed42\\0_aortic_enlargement\\010a3dbb67bc37800a041866844861b1_class0_radR10_bbox0002__aug_brightness_0036_f095.png; outputs\\roi_balanced_224\\balanced_945_seed42\\0_aortic_enlargement\\010a3dbb67bc37800a041866844861b1_class0_radR8_bbox0003.png; outputs\\roi_balanced_224\\balanced_945_seed42\\0_aortic_enlargement\\010a3dbb67bc37800a041866844861b1_class0_radR9_bbox0001.png; outputs\\roi_balanced_224\\balanced_945_seed42\\0_aortic_enlargement\\011ae9520e81f1efe71c9d954ec07d09_class0_radR9_bbox0010.png; outputs\\roi_balanced_224\\balanced_945_seed42\\0_aortic_enlargement\\01546d3e6175ceaabd7d92f0c566579d_class0_radR10_bbox0003.png,正式性依所在實驗資料夾與欄位內容判定,方法/實驗結果：ROI 與 RAD-DINO 蒸餾,high,
outputs/raddino_convnext_tiny_patch_experiment_seed42/phase2_proposed_patch_distilled/diagnostics/export_reload_audit.json,formal_output,既有輸出證據檔；本次僅讀取不覆蓋,evidence,,,data_schema_enriched; outputs\\raddino_convnext_tiny_patch_experiment_seed42\\phase2_proposed_patch_distilled\\checkpoints\\patch_proposed_convnext_tiny_5class.pt,outputs\\raddino_convnext_tiny_patch_experiment_seed42\\phase2_proposed_patch_distilled\\checkpoints\\patch_proposed_convnext_tiny_5class.pt,正式性依所在實驗資料夾與欄位內容判定,方法/實驗結果：ROI 與 RAD-DINO 蒸餾,high,
outputs/raddino_convnext_tiny_patch_experiment_seed42/phase2_proposed_patch_distilled/diagnostics/fairness_audit.json,formal_output,既有輸出證據檔；本次僅讀取不覆蓋,evidence,,,config_byte_identical; config_path; config_sha256; outputs\\raddino_convnext_tiny_experiment_seed42\\phase1_distillation\\checkpoints\\distilled_convnext_tiny_backbone.pt; outputs\\raddino_convnext_tiny_experiment_seed42\\phase2_baseline_imagenet; outputs\\raddino_convnext_tiny_experiment_seed42\\phase2_proposed_distilled; outputs\\raddino_convnext_tiny_experiment_seed42\\phase2_proposed_distilled\\config\\experiment_config.json; outputs\\raddino_convnext_tiny_experiment_seed42\\shared_phase2_finetune_config.json; outputs\\raddino_convnext_tiny_patch_experiment_seed42\\phase1_patch_distillation\\checkpoints\\patch_distilled_convnext_tiny_backbone.pt; outputs\\raddino_convnext_tiny_patch_experiment_seed42\\phase2_proposed_patch_distilled; weights_enum,outputs\\raddino_convnext_tiny_experiment_seed42\\phase1_distillation\\checkpoints\\distilled_convnext_tiny_backbone.pt; outputs\\raddino_convnext_tiny_experiment_seed42\\phase2_baseline_imagenet; outputs\\raddino_convnext_tiny_experiment_seed42\\phase2_proposed_distilled; outputs\\raddino_convnext_tiny_experiment_seed42\\phase2_proposed_distilled\\config\\experiment_config.json; outputs\\raddino_convnext_tiny_experiment_seed42\\shared_phase2_finetune_config.json; outputs\\raddino_convnext_tiny_patch_experiment_seed42\\phase1_patch_distillation\\checkpoints\\patch_distilled_convnext_tiny_backbone.pt; outputs\\raddino_convnext_tiny_patch_experiment_seed42\\phase2_proposed_patch_distilled,正式性依所在實驗資料夾與欄位內容判定,方法/實驗結果：ROI 與 RAD-DINO 蒸餾,high,
outputs/raddino_convnext_tiny_patch_experiment_seed42/phase2_proposed_patch_distilled/diagnostics/initialization_audit.json,formal_output,既有輸出證據檔；本次僅讀取不覆蓋,evidence,,,outputs\\raddino_convnext_tiny_patch_experiment_seed42\\phase1_patch_distillation\\checkpoints\\patch_distilled_convnext_tiny_backbone.pt; weights_enum,outputs\\raddino_convnext_tiny_patch_experiment_seed42\\phase1_patch_distillation\\checkpoints\\patch_distilled_convnext_tiny_backbone.pt,正式性依所在實驗資料夾與欄位內容判定,方法/實驗結果：ROI 與 RAD-DINO 蒸餾,high,
outputs/raddino_convnext_tiny_patch_experiment_seed42/phase2_proposed_patch_distilled/diagnostics/numerical_stability_audit.json,formal_output,既有輸出證據檔；本次僅讀取不覆蓋,evidence,,,,,正式性依所在實驗資料夾與欄位內容判定,方法/實驗結果：ROI 與 RAD-DINO 蒸餾,high,
outputs/raddino_convnext_tiny_patch_experiment_seed42/phase2_proposed_patch_distilled/diagnostics/phase2_final_audit.json,formal_output,既有輸出證據檔；本次僅讀取不覆蓋,evidence,,,,,正式性依所在實驗資料夾與欄位內容判定,方法/實驗結果：ROI 與 RAD-DINO 蒸餾,high,
outputs/raddino_convnext_tiny_patch_experiment_seed42/phase2_proposed_patch_distilled/diagnostics/preflight_validation.json,formal_output,既有輸出證據檔；本次僅讀取不覆蓋,evidence,,,config_sha256; outputs\\raddino_convnext_tiny_experiment_seed42\\phase2_proposed_distilled\\config\\experiment_config.json,outputs\\raddino_convnext_tiny_experiment_seed42\\phase2_proposed_distilled\\config\\experiment_config.json,正式性依所在實驗資料夾與欄位內容判定,方法/實驗結果：ROI 與 RAD-DINO 蒸餾,high,
outputs/raddino_convnext_tiny_patch_experiment_seed42/phase2_proposed_patch_distilled/diagnostics/split_integrity_audit.json,formal_output,既有輸出證據檔；本次僅讀取不覆蓋,evidence,,,config_sha256; outputs\\raddino_convnext_tiny_experiment_seed42\\phase2_proposed_distilled\\config\\experiment_config.json,outputs\\raddino_convnext_tiny_experiment_seed42\\phase2_proposed_distilled\\config\\experiment_config.json,正式性依所在實驗資料夾與欄位內容判定,方法/實驗結果：ROI 與 RAD-DINO 蒸餾,high,
outputs/raddino_convnext_tiny_patch_experiment_seed42/phase2_proposed_patch_distilled/diagnostics/stage0_smoke_test.json,formal_output,既有輸出證據檔；本次僅讀取不覆蓋,evidence,,,config_sha256; outputs\\roi_balanced_224\\balanced_945_seed42\\0_aortic_enlargement\\0007d316f756b3fa0baea2ff514ce945_class0_radR10_bbox0006.png; outputs\\roi_balanced_224\\balanced_945_seed42\\0_aortic_enlargement\\0007d316f756b3fa0baea2ff514ce945_class0_radR9_bbox0007.png; outputs\\roi_balanced_224\\balanced_945_seed42\\0_aortic_enlargement\\00bcb82818ea83d6a86df241762cd7d0_class0_radR9_bbox0001.png; outputs\\roi_balanced_224\\balanced_945_seed42\\0_aortic_enlargement\\0108949daa13dc94634a7d650a05c0bb_class0_radR10_bbox0004.png; outputs\\roi_balanced_224\\balanced_945_seed42\\0_aortic_enlargement\\0108949daa13dc94634a7d650a05c0bb_class0_radR8_bbox0002.png; outputs\\roi_balanced_224\\balanced_945_seed42\\0_aortic_enlargement\\0108949daa13dc94634a7d650a05c0bb_class0_radR9_bbox0005.png; outputs\\roi_balanced_224\\balanced_945_seed42\\0_aortic_enlargement\\010a3dbb67bc37800a041866844861b1_class0_radR10_bbox0002.png; outputs\\roi_balanced_224\\balanced_945_seed42\\0_aortic_enlargement\\010a3dbb67bc37800a041866844861b1_class0_radR10_bbox0002__aug_brightness_0036_f095.png; outputs\\roi_balanced_224\\balanced_945_seed42\\0_aortic_enlargement\\010a3dbb67bc37800a041866844861b1_class0_radR8_bbox0003.png; outputs\\roi_balanced_224\\balanced_945_seed42\\0_aortic_enlargement\\010a3dbb67bc37800a041866844861b1_class0_radR9_bbox0001.png; outputs\\roi_balanced_224\\balanced_945_seed42\\0_aortic_enlargement\\011ae9520e81f1efe71c9d954ec07d09_class0_radR9_bbox0010.png,outputs\\roi_balanced_224\\balanced_945_seed42\\0_aortic_enlargement\\0007d316f756b3fa0baea2ff514ce945_class0_radR10_bbox0006.png; outputs\\roi_balanced_224\\balanced_945_seed42\\0_aortic_enlargement\\0007d316f756b3fa0baea2ff514ce945_class0_radR9_bbox0007.png; outputs\\roi_balanced_224\\balanced_945_seed42\\0_aortic_enlargement\\00bcb82818ea83d6a86df241762cd7d0_class0_radR9_bbox0001.png; outputs\\roi_balanced_224\\balanced_945_seed42\\0_aortic_enlargement\\0108949daa13dc94634a7d650a05c0bb_class0_radR10_bbox0004.png; outputs\\roi_balanced_224\\balanced_945_seed42\\0_aortic_enlargement\\0108949daa13dc94634a7d650a05c0bb_class0_radR8_bbox0002.png; outputs\\roi_balanced_224\\balanced_945_seed42\\0_aortic_enlargement\\0108949daa13dc94634a7d650a05c0bb_class0_radR9_bbox0005.png; outputs\\roi_balanced_224\\balanced_945_seed42\\0_aortic_enlargement\\010a3dbb67bc37800a041866844861b1_class0_radR10_bbox0002.png; outputs\\roi_balanced_224\\balanced_945_seed42\\0_aortic_enlargement\\010a3dbb67bc37800a041866844861b1_class0_radR10_bbox0002__aug_brightness_0036_f095.png; outputs\\roi_balanced_224\\balanced_945_seed42\\0_aortic_enlargement\\010a3dbb67bc37800a041866844861b1_class0_radR8_bbox0003.png; outputs\\roi_balanced_224\\balanced_945_seed42\\0_aortic_enlargement\\010a3dbb67bc37800a041866844861b1_class0_radR9_bbox0001.png; outputs\\roi_balanced_224\\balanced_945_seed42\\0_aortic_enlargement\\011ae9520e81f1efe71c9d954ec07d09_class0_radR9_bbox0010.png; outputs\\roi_balanced_224\\balanced_945_seed42\\0_aortic_enlargement\\01546d3e6175ceaabd7d92f0c566579d_class0_radR10_bbox0003.png,正式性依所在實驗資料夾與欄位內容判定,方法/實驗結果：ROI 與 RAD-DINO 蒸餾,high,
outputs/raddino_convnext_tiny_patch_experiment_seed42/phase2_proposed_patch_distilled/diagnostics/test_evaluation_audit.json,formal_output,既有輸出證據檔；本次僅讀取不覆蓋,evidence,,,outputs\\raddino_convnext_tiny_patch_experiment_seed42\\phase2_proposed_patch_distilled\\checkpoints\\best.pt,outputs\\raddino_convnext_tiny_patch_experiment_seed42\\phase2_proposed_patch_distilled\\checkpoints\\best.pt,正式性依所在實驗資料夾與欄位內容判定,方法/實驗結果：ROI 與 RAD-DINO 蒸餾,high,
outputs/raddino_convnext_tiny_patch_experiment_seed42/phase2_proposed_patch_distilled/environment.json,formal_output,既有輸出證據檔；本次僅讀取不覆蓋,evidence,,,,,正式性依所在實驗資料夾與欄位內容判定,方法/實驗結果：ROI 與 RAD-DINO 蒸餾,high,
outputs/raddino_convnext_tiny_patch_experiment_seed42/phase2_proposed_patch_distilled/metrics/phase2_metrics.csv,formal_output,既有輸出證據檔；本次僅讀取不覆蓋,evidence,,,,,正式性依所在實驗資料夾與欄位內容判定,方法/實驗結果：ROI 與 RAD-DINO 蒸餾,high,
outputs/raddino_convnext_tiny_patch_experiment_seed42/phase2_proposed_patch_distilled/phase2_patch_proposed_training_summary.md,formal_output,既有輸出證據檔；本次僅讀取不覆蓋,evidence,,,,,正式性依所在實驗資料夾與欄位內容判定,方法/實驗結果：ROI 與 RAD-DINO 蒸餾,high,
outputs/raddino_convnext_tiny_patch_experiment_seed42/phase2_proposed_patch_distilled/predictions/test_predictions.csv,formal_output,既有輸出證據檔；本次僅讀取不覆蓋,evidence,,,data\processed\bbox_crops_224\0_aortic_enlargement\0c25b330d5b20498108b343c644f2a1c_class0_radR10_bbox0004.png; data\processed\bbox_crops_224\0_aortic_enlargement\0c25b330d5b20498108b343c644f2a1c_class0_radR8_bbox0001.png; data\processed\bbox_crops_224\0_aortic_enlargement\0c25b330d5b20498108b343c644f2a1c_class0_radR9_bbox0005.png; data\processed\bbox_crops_224\0_aortic_enlargement\0c31081e8ada2990bcbef0f12ea60b07_class0_radR10_bbox0002.png; data\processed\bbox_crops_224\0_aortic_enlargement\0c31081e8ada2990bcbef0f12ea60b07_class0_radR8_bbox0001.png; data\processed\bbox_crops_224\0_aortic_enlargement\0c31081e8ada2990bcbef0f12ea60b07_class0_radR9_bbox0003.png; data\processed\bbox_crops_224\0_aortic_enlargement\0c76c19b3f015e0387dd2adcbef86182_class0_radR10_bbox0002.png; data\processed\bbox_crops_224\0_aortic_enlargement\0c76c19b3f015e0387dd2adcbef86182_class0_radR8_bbox0006.png; data\processed\bbox_crops_224\0_aortic_enlargement\10e7dac260f11046164aa94f2d8add9f_class0_radR10_bbox0002.png; data\processed\bbox_crops_224\0_aortic_enlargement\10e7dac260f11046164aa94f2d8add9f_class0_radR8_bbox0001.png; data\processed\bbox_crops_224\0_aortic_enlargement\10e7dac260f11046164aa94f2d8add9f_class0_radR9_bbox0003.png; data\processed\bbox_crops_224\0_aortic_enlargement\12e0e910766f2d1b1ccda7c32051643f_class0_radR10_bbox0003.png,,正式性依所在實驗資料夾與欄位內容判定,方法/實驗結果：ROI 與 RAD-DINO 蒸餾,high,
outputs/raddino_convnext_tiny_patch_experiment_seed42/phase2_proposed_patch_distilled/test_results/classification_report.csv,formal_output,既有輸出證據檔；本次僅讀取不覆蓋,evidence,,,,,正式性依所在實驗資料夾與欄位內容判定,方法/實驗結果：ROI 與 RAD-DINO 蒸餾,high,
outputs/raddino_convnext_tiny_patch_experiment_seed42/phase2_proposed_patch_distilled/test_results/confusion_matrix.csv,formal_output,既有輸出證據檔；本次僅讀取不覆蓋,evidence,,,,,正式性依所在實驗資料夾與欄位內容判定,方法/實驗結果：ROI 與 RAD-DINO 蒸餾,high,
outputs/raddino_convnext_tiny_patch_experiment_seed42/phase2_proposed_patch_distilled/test_results/per_class_metrics.csv,formal_output,既有輸出證據檔；本次僅讀取不覆蓋,evidence,,,,,正式性依所在實驗資料夾與欄位內容判定,方法/實驗結果：ROI 與 RAD-DINO 蒸餾,high,
outputs/raddino_convnext_tiny_patch_experiment_seed42/phase2_proposed_patch_distilled/test_results/test_evaluation_metadata.json,formal_output,既有輸出證據檔；本次僅讀取不覆蓋,evidence,,,outputs\\raddino_convnext_tiny_experiment_seed42\\phase2_split\\test_roi_manifest.csv; outputs\\raddino_convnext_tiny_patch_experiment_seed42\\phase2_proposed_patch_distilled\\checkpoints\\best.pt,outputs\\raddino_convnext_tiny_experiment_seed42\\phase2_split\\test_roi_manifest.csv; outputs\\raddino_convnext_tiny_patch_experiment_seed42\\phase2_proposed_patch_distilled\\checkpoints\\best.pt,正式性依所在實驗資料夾與欄位內容判定,方法/實驗結果：ROI 與 RAD-DINO 蒸餾,high,
outputs/raddino_convnext_tiny_patch_experiment_seed42/phase2_proposed_patch_distilled/test_results/test_metrics.json,formal_output,既有輸出證據檔；本次僅讀取不覆蓋,evidence,,,outputs\\raddino_convnext_tiny_patch_experiment_seed42\\phase2_proposed_patch_distilled\\checkpoints\\best.pt,outputs\\raddino_convnext_tiny_patch_experiment_seed42\\phase2_proposed_patch_distilled\\checkpoints\\best.pt,正式性依所在實驗資料夾與欄位內容判定,方法/實驗結果：ROI 與 RAD-DINO 蒸餾,high,
outputs/raddino_convnext_tiny_patch_experiment_seed42/phase2_proposed_patch_distilled/training_progress.json,formal_output,既有輸出證據檔；本次僅讀取不覆蓋,evidence,,,,,正式性依所在實驗資料夾與欄位內容判定,方法/實驗結果：ROI 與 RAD-DINO 蒸餾,high,
outputs/raddino_convnext_tiny_three_model_comparison_seed42/comparison_summary.json,formal_output,既有輸出證據檔；本次僅讀取不覆蓋,evidence,,,config_copies_byte_identical; config_expected_sha256; config_sha256; configs_reference_shared_sha; outputs\\raddino_convnext_tiny_experiment_seed42\\phase1_distillation\\checkpoints\\distilled_convnext_tiny_backbone.pt; outputs\\raddino_convnext_tiny_experiment_seed42\\phase2_baseline_imagenet\\checkpoints\\best.pt; outputs\\raddino_convnext_tiny_experiment_seed42\\phase2_baseline_imagenet\\diagnostics\\fairness_audit.json; outputs\\raddino_convnext_tiny_experiment_seed42\\phase2_baseline_imagenet\\diagnostics\\stage0_smoke_test.json; outputs\\raddino_convnext_tiny_experiment_seed42\\phase2_baseline_imagenet\\test_results\\test_metrics.json; outputs\\raddino_convnext_tiny_experiment_seed42\\phase2_proposed_distilled\\checkpoints\\best.pt; outputs\\raddino_convnext_tiny_experiment_seed42\\phase2_proposed_distilled\\diagnostics\\stage0_smoke_test.json; outputs\\raddino_convnext_tiny_experiment_seed42\\phase2_proposed_distilled\\test_results\\test_metrics.json,outputs\\raddino_convnext_tiny_experiment_seed42\\phase1_distillation\\checkpoints\\distilled_convnext_tiny_backbone.pt; outputs\\raddino_convnext_tiny_experiment_seed42\\phase2_baseline_imagenet\\checkpoints\\best.pt; outputs\\raddino_convnext_tiny_experiment_seed42\\phase2_baseline_imagenet\\diagnostics\\fairness_audit.json; outputs\\raddino_convnext_tiny_experiment_seed42\\phase2_baseline_imagenet\\diagnostics\\stage0_smoke_test.json; outputs\\raddino_convnext_tiny_experiment_seed42\\phase2_baseline_imagenet\\test_results\\test_metrics.json; outputs\\raddino_convnext_tiny_experiment_seed42\\phase2_proposed_distilled\\checkpoints\\best.pt; outputs\\raddino_convnext_tiny_experiment_seed42\\phase2_proposed_distilled\\diagnostics\\stage0_smoke_test.json; outputs\\raddino_convnext_tiny_experiment_seed42\\phase2_proposed_distilled\\test_results\\test_metrics.json; outputs\\raddino_convnext_tiny_experiment_seed42\\phase2_split\\image_id_split_manifest.csv; outputs\\raddino_convnext_tiny_experiment_seed42\\phase2_split\\test_roi_manifest.csv; outputs\\raddino_convnext_tiny_experiment_seed42\\phase2_split\\train_roi_manifest.csv; outputs\\raddino_convnext_tiny_experiment_seed42\\phase2_split\\val_roi_manifest.csv,正式性依所在實驗資料夾與欄位內容判定,方法/實驗結果：ROI 與 RAD-DINO 蒸餾,high,
outputs/raddino_convnext_tiny_three_model_comparison_seed42/confusion_matrices/baseline_confusion_matrix.csv,formal_output,既有輸出證據檔；本次僅讀取不覆蓋,evidence,,,,,正式性依所在實驗資料夾與欄位內容判定,方法/實驗結果：ROI 與 RAD-DINO 蒸餾,high,
outputs/raddino_convnext_tiny_three_model_comparison_seed42/confusion_matrices/cls_confusion_matrix.csv,formal_output,既有輸出證據檔；本次僅讀取不覆蓋,evidence,,,,,正式性依所在實驗資料夾與欄位內容判定,方法/實驗結果：ROI 與 RAD-DINO 蒸餾,high,
outputs/raddino_convnext_tiny_three_model_comparison_seed42/confusion_matrices/cls_minus_baseline.csv,formal_output,既有輸出證據檔；本次僅讀取不覆蓋,evidence,,,,,正式性依所在實驗資料夾與欄位內容判定,方法/實驗結果：ROI 與 RAD-DINO 蒸餾,high,
outputs/raddino_convnext_tiny_three_model_comparison_seed42/confusion_matrices/patch_confusion_matrix.csv,formal_output,既有輸出證據檔；本次僅讀取不覆蓋,evidence,,,,,正式性依所在實驗資料夾與欄位內容判定,方法/實驗結果：ROI 與 RAD-DINO 蒸餾,high,
outputs/raddino_convnext_tiny_three_model_comparison_seed42/confusion_matrices/patch_minus_baseline.csv,formal_output,既有輸出證據檔；本次僅讀取不覆蓋,evidence,,,,,正式性依所在實驗資料夾與欄位內容判定,方法/實驗結果：ROI 與 RAD-DINO 蒸餾,high,
outputs/raddino_convnext_tiny_three_model_comparison_seed42/confusion_matrices/patch_minus_cls.csv,formal_output,既有輸出證據檔；本次僅讀取不覆蓋,evidence,,,,,正式性依所在實驗資料夾與欄位內容判定,方法/實驗結果：ROI 與 RAD-DINO 蒸餾,high,
outputs/raddino_convnext_tiny_three_model_comparison_seed42/environment.json,formal_output,既有輸出證據檔；本次僅讀取不覆蓋,evidence,,,,,正式性依所在實驗資料夾與欄位內容判定,方法/實驗結果：ROI 與 RAD-DINO 蒸餾,high,
outputs/raddino_convnext_tiny_three_model_comparison_seed42/fairness_audit.json,formal_output,既有輸出證據檔；本次僅讀取不覆蓋,evidence,,,config_copies_byte_identical; config_expected_sha256; configs_reference_shared_sha; outputs\\raddino_convnext_tiny_experiment_seed42\\phase2_split\\image_id_split_manifest.csv; outputs\\raddino_convnext_tiny_experiment_seed42\\phase2_split\\test_roi_manifest.csv; outputs\\raddino_convnext_tiny_experiment_seed42\\phase2_split\\train_roi_manifest.csv; outputs\\raddino_convnext_tiny_experiment_seed42\\phase2_split\\val_roi_manifest.csv; outputs\\raddino_convnext_tiny_experiment_seed42\\shared_phase2_finetune_config.json,outputs\\raddino_convnext_tiny_experiment_seed42\\phase2_split\\image_id_split_manifest.csv; outputs\\raddino_convnext_tiny_experiment_seed42\\phase2_split\\test_roi_manifest.csv; outputs\\raddino_convnext_tiny_experiment_seed42\\phase2_split\\train_roi_manifest.csv; outputs\\raddino_convnext_tiny_experiment_seed42\\phase2_split\\val_roi_manifest.csv; outputs\\raddino_convnext_tiny_experiment_seed42\\shared_phase2_finetune_config.json,正式性依所在實驗資料夾與欄位內容判定,方法/實驗結果：ROI 與 RAD-DINO 蒸餾,high,
outputs/raddino_convnext_tiny_three_model_comparison_seed42/input_integrity_audit.json,formal_output,既有輸出證據檔；本次僅讀取不覆蓋,evidence,,,outputs\\raddino_convnext_tiny_experiment_seed42\\phase2_baseline_imagenet\\diagnostics\\fairness_audit.json; outputs\\raddino_convnext_tiny_experiment_seed42\\phase2_baseline_imagenet\\diagnostics\\stage0_smoke_test.json; outputs\\raddino_convnext_tiny_experiment_seed42\\phase2_baseline_imagenet\\test_results\\test_metrics.json; outputs\\raddino_convnext_tiny_experiment_seed42\\phase2_proposed_distilled\\diagnostics\\stage0_smoke_test.json; outputs\\raddino_convnext_tiny_experiment_seed42\\phase2_proposed_distilled\\test_results\\test_metrics.json; outputs\\raddino_convnext_tiny_patch_experiment_seed42\\phase2_proposed_patch_distilled\\diagnostics\\fairness_audit.json; outputs\\raddino_convnext_tiny_patch_experiment_seed42\\phase2_proposed_patch_distilled\\diagnostics\\initialization_audit.json; outputs\\raddino_convnext_tiny_patch_experiment_seed42\\phase2_proposed_patch_distilled\\test_results\\confusion_matrix.csv,outputs\\raddino_convnext_tiny_experiment_seed42\\phase2_baseline_imagenet\\diagnostics\\fairness_audit.json; outputs\\raddino_convnext_tiny_experiment_seed42\\phase2_baseline_imagenet\\diagnostics\\stage0_smoke_test.json; outputs\\raddino_convnext_tiny_experiment_seed42\\phase2_baseline_imagenet\\test_results\\test_metrics.json; outputs\\raddino_convnext_tiny_experiment_seed42\\phase2_proposed_distilled\\diagnostics\\stage0_smoke_test.json; outputs\\raddino_convnext_tiny_experiment_seed42\\phase2_proposed_distilled\\test_results\\test_metrics.json; outputs\\raddino_convnext_tiny_patch_experiment_seed42\\phase2_proposed_patch_distilled\\diagnostics\\fairness_audit.json; outputs\\raddino_convnext_tiny_patch_experiment_seed42\\phase2_proposed_patch_distilled\\diagnostics\\initialization_audit.json; outputs\\raddino_convnext_tiny_patch_experiment_seed42\\phase2_proposed_patch_distilled\\test_results\\confusion_matrix.csv,正式性依所在實驗資料夾與欄位內容判定,方法/實驗結果：ROI 與 RAD-DINO 蒸餾,high,
outputs/raddino_convnext_tiny_three_model_comparison_seed42/layernorm_initialization_audit.json,formal_output,既有輸出證據檔；本次僅讀取不覆蓋,evidence,,,config_sha256; outputs\\raddino_convnext_tiny_experiment_seed42\\phase1_distillation\\checkpoints\\distilled_convnext_tiny_backbone.pt; outputs\\raddino_convnext_tiny_experiment_seed42\\phase2_baseline_imagenet\\checkpoints\\best.pt; outputs\\raddino_convnext_tiny_experiment_seed42\\phase2_baseline_imagenet\\diagnostics\\stage0_smoke_test.json; outputs\\raddino_convnext_tiny_experiment_seed42\\phase2_proposed_distilled\\checkpoints\\best.pt; outputs\\raddino_convnext_tiny_experiment_seed42\\phase2_proposed_distilled\\diagnostics\\stage0_smoke_test.json; outputs\\raddino_convnext_tiny_patch_experiment_seed42\\phase1_patch_distillation\\checkpoints\\patch_distilled_convnext_tiny_backbone.pt; outputs\\raddino_convnext_tiny_patch_experiment_seed42\\phase2_proposed_patch_distilled\\checkpoints\\best.pt; outputs\\raddino_convnext_tiny_patch_experiment_seed42\\phase2_proposed_patch_distilled\\diagnostics\\initialization_audit.json; weights_enum,outputs\\raddino_convnext_tiny_experiment_seed42\\phase1_distillation\\checkpoints\\distilled_convnext_tiny_backbone.pt; outputs\\raddino_convnext_tiny_experiment_seed42\\phase2_baseline_imagenet\\checkpoints\\best.pt; outputs\\raddino_convnext_tiny_experiment_seed42\\phase2_baseline_imagenet\\diagnostics\\stage0_smoke_test.json; outputs\\raddino_convnext_tiny_experiment_seed42\\phase2_proposed_distilled\\checkpoints\\best.pt; outputs\\raddino_convnext_tiny_experiment_seed42\\phase2_proposed_distilled\\diagnostics\\stage0_smoke_test.json; outputs\\raddino_convnext_tiny_patch_experiment_seed42\\phase1_patch_distillation\\checkpoints\\patch_distilled_convnext_tiny_backbone.pt; outputs\\raddino_convnext_tiny_patch_experiment_seed42\\phase2_proposed_patch_distilled\\checkpoints\\best.pt; outputs\\raddino_convnext_tiny_patch_experiment_seed42\\phase2_proposed_patch_distilled\\diagnostics\\initialization_audit.json,正式性依所在實驗資料夾與欄位內容判定,方法/實驗結果：ROI 與 RAD-DINO 蒸餾,high,
outputs/raddino_convnext_tiny_three_model_comparison_seed42/predictions/all_three_disagreement_cases.csv,formal_output,既有輸出證據檔；本次僅讀取不覆蓋,evidence,,,data\processed\bbox_crops_224\2_pleural_thickening\1bbd7232924e951e7fa87ffa0f62ec3d_class2_radR9_bbox0001.png; data\processed\bbox_crops_224\2_pleural_thickening\1bbd7232924e951e7fa87ffa0f62ec3d_class2_radr9_bbox0001.png; data\processed\bbox_crops_224\2_pleural_thickening\23f267e42a7e9f496aa143fe11f241ff_class2_radR10_bbox0006.png; data\processed\bbox_crops_224\2_pleural_thickening\23f267e42a7e9f496aa143fe11f241ff_class2_radR9_bbox0009.png; data\processed\bbox_crops_224\2_pleural_thickening\23f267e42a7e9f496aa143fe11f241ff_class2_radr10_bbox0006.png; data\processed\bbox_crops_224\2_pleural_thickening\23f267e42a7e9f496aa143fe11f241ff_class2_radr9_bbox0009.png; data\processed\bbox_crops_224\2_pleural_thickening\2860567dbd5d3f2597072e0b0e45ccd6_class2_radR9_bbox0003.png; data\processed\bbox_crops_224\2_pleural_thickening\2860567dbd5d3f2597072e0b0e45ccd6_class2_radr9_bbox0003.png; data\processed\bbox_crops_224\2_pleural_thickening\28d769becacfbdeebab6d3fda7322cf7_class2_radR10_bbox0008.png; data\processed\bbox_crops_224\2_pleural_thickening\28d769becacfbdeebab6d3fda7322cf7_class2_radr10_bbox0008.png; data\processed\bbox_crops_224\2_pleural_thickening\2a848e44e179f5e9b7d708835cfa5109_class2_radR10_bbox0004.png; data\processed\bbox_crops_224\2_pleural_thickening\2a848e44e179f5e9b7d708835cfa5109_class2_radr10_bbox0004.png,,正式性依所在實驗資料夾與欄位內容判定,方法/實驗結果：ROI 與 RAD-DINO 蒸餾,high,
outputs/raddino_convnext_tiny_three_model_comparison_seed42/predictions/baseline_vs_cls_discordant.csv,formal_output,既有輸出證據檔；本次僅讀取不覆蓋,evidence,,,data\processed\bbox_crops_224\2_pleural_thickening\23f267e42a7e9f496aa143fe11f241ff_class2_radR9_bbox0009.png; data\processed\bbox_crops_224\2_pleural_thickening\23f267e42a7e9f496aa143fe11f241ff_class2_radr9_bbox0009.png; data\processed\bbox_crops_224\2_pleural_thickening\2860567dbd5d3f2597072e0b0e45ccd6_class2_radR9_bbox0003.png; data\processed\bbox_crops_224\2_pleural_thickening\2860567dbd5d3f2597072e0b0e45ccd6_class2_radr9_bbox0003.png; data\processed\bbox_crops_224\2_pleural_thickening\3124a602cb56b2a41271a8b658410457_class2_radR9_bbox0006.png; data\processed\bbox_crops_224\2_pleural_thickening\3124a602cb56b2a41271a8b658410457_class2_radR9_bbox0011.png; data\processed\bbox_crops_224\2_pleural_thickening\3124a602cb56b2a41271a8b658410457_class2_radr9_bbox0006.png; data\processed\bbox_crops_224\2_pleural_thickening\3124a602cb56b2a41271a8b658410457_class2_radr9_bbox0011.png; data\processed\bbox_crops_224\2_pleural_thickening\4308b795084095f21117491e3b07f2a7_class2_radR10_bbox0011.png; data\processed\bbox_crops_224\2_pleural_thickening\4308b795084095f21117491e3b07f2a7_class2_radR10_bbox0023.png; data\processed\bbox_crops_224\2_pleural_thickening\4308b795084095f21117491e3b07f2a7_class2_radr10_bbox0011.png; data\processed\bbox_crops_224\2_pleural_thickening\4308b795084095f21117491e3b07f2a7_class2_radr10_bbox0023.png,,正式性依所在實驗資料夾與欄位內容判定,方法/實驗結果：ROI 與 RAD-DINO 蒸餾,high,
outputs/raddino_convnext_tiny_three_model_comparison_seed42/predictions/baseline_vs_patch_discordant.csv,formal_output,既有輸出證據檔；本次僅讀取不覆蓋,evidence,,,data\processed\bbox_crops_224\2_pleural_thickening\1bbd7232924e951e7fa87ffa0f62ec3d_class2_radR9_bbox0001.png; data\processed\bbox_crops_224\2_pleural_thickening\1bbd7232924e951e7fa87ffa0f62ec3d_class2_radr9_bbox0001.png; data\processed\bbox_crops_224\2_pleural_thickening\23f267e42a7e9f496aa143fe11f241ff_class2_radR10_bbox0006.png; data\processed\bbox_crops_224\2_pleural_thickening\23f267e42a7e9f496aa143fe11f241ff_class2_radR9_bbox0009.png; data\processed\bbox_crops_224\2_pleural_thickening\23f267e42a7e9f496aa143fe11f241ff_class2_radr10_bbox0006.png; data\processed\bbox_crops_224\2_pleural_thickening\23f267e42a7e9f496aa143fe11f241ff_class2_radr9_bbox0009.png; data\processed\bbox_crops_224\2_pleural_thickening\28d769becacfbdeebab6d3fda7322cf7_class2_radR10_bbox0008.png; data\processed\bbox_crops_224\2_pleural_thickening\28d769becacfbdeebab6d3fda7322cf7_class2_radr10_bbox0008.png; data\processed\bbox_crops_224\2_pleural_thickening\2a848e44e179f5e9b7d708835cfa5109_class2_radR10_bbox0004.png; data\processed\bbox_crops_224\2_pleural_thickening\2a848e44e179f5e9b7d708835cfa5109_class2_radr10_bbox0004.png; data\processed\bbox_crops_224\2_pleural_thickening\3124a602cb56b2a41271a8b658410457_class2_radR9_bbox0006.png; data\processed\bbox_crops_224\2_pleural_thickening\3124a602cb56b2a41271a8b658410457_class2_radR9_bbox0011.png,,正式性依所在實驗資料夾與欄位內容判定,方法/實驗結果：ROI 與 RAD-DINO 蒸餾,high,
outputs/raddino_convnext_tiny_three_model_comparison_seed42/predictions/cls_vs_patch_discordant.csv,formal_output,既有輸出證據檔；本次僅讀取不覆蓋,evidence,,,data\processed\bbox_crops_224\2_pleural_thickening\1bbd7232924e951e7fa87ffa0f62ec3d_class2_radR9_bbox0001.png; data\processed\bbox_crops_224\2_pleural_thickening\1bbd7232924e951e7fa87ffa0f62ec3d_class2_radr9_bbox0001.png; data\processed\bbox_crops_224\2_pleural_thickening\23f267e42a7e9f496aa143fe11f241ff_class2_radR10_bbox0006.png; data\processed\bbox_crops_224\2_pleural_thickening\23f267e42a7e9f496aa143fe11f241ff_class2_radr10_bbox0006.png; data\processed\bbox_crops_224\2_pleural_thickening\2860567dbd5d3f2597072e0b0e45ccd6_class2_radR9_bbox0003.png; data\processed\bbox_crops_224\2_pleural_thickening\2860567dbd5d3f2597072e0b0e45ccd6_class2_radr9_bbox0003.png; data\processed\bbox_crops_224\2_pleural_thickening\28d769becacfbdeebab6d3fda7322cf7_class2_radR10_bbox0008.png; data\processed\bbox_crops_224\2_pleural_thickening\28d769becacfbdeebab6d3fda7322cf7_class2_radr10_bbox0008.png; data\processed\bbox_crops_224\2_pleural_thickening\2a848e44e179f5e9b7d708835cfa5109_class2_radR10_bbox0004.png; data\processed\bbox_crops_224\2_pleural_thickening\2a848e44e179f5e9b7d708835cfa5109_class2_radr10_bbox0004.png; data\processed\bbox_crops_224\2_pleural_thickening\3ff22a602b26d804863daaf6b7230d47_class2_radR9_bbox0003.png; data\processed\bbox_crops_224\2_pleural_thickening\3ff22a602b26d804863daaf6b7230d47_class2_radr9_bbox0003.png,,正式性依所在實驗資料夾與欄位內容判定,方法/實驗結果：ROI 與 RAD-DINO 蒸餾,high,
outputs/raddino_convnext_tiny_three_model_comparison_seed42/predictions/paired_three_model_test_predictions.csv,formal_output,既有輸出證據檔；本次僅讀取不覆蓋,evidence,,,data\processed\bbox_crops_224\0_aortic_enlargement\0c25b330d5b20498108b343c644f2a1c_class0_radR10_bbox0004.png; data\processed\bbox_crops_224\0_aortic_enlargement\0c25b330d5b20498108b343c644f2a1c_class0_radR8_bbox0001.png; data\processed\bbox_crops_224\0_aortic_enlargement\0c25b330d5b20498108b343c644f2a1c_class0_radR9_bbox0005.png; data\processed\bbox_crops_224\0_aortic_enlargement\0c25b330d5b20498108b343c644f2a1c_class0_radr10_bbox0004.png; data\processed\bbox_crops_224\0_aortic_enlargement\0c25b330d5b20498108b343c644f2a1c_class0_radr8_bbox0001.png; data\processed\bbox_crops_224\0_aortic_enlargement\0c25b330d5b20498108b343c644f2a1c_class0_radr9_bbox0005.png; data\processed\bbox_crops_224\0_aortic_enlargement\0c31081e8ada2990bcbef0f12ea60b07_class0_radR10_bbox0002.png; data\processed\bbox_crops_224\0_aortic_enlargement\0c31081e8ada2990bcbef0f12ea60b07_class0_radR8_bbox0001.png; data\processed\bbox_crops_224\0_aortic_enlargement\0c31081e8ada2990bcbef0f12ea60b07_class0_radR9_bbox0003.png; data\processed\bbox_crops_224\0_aortic_enlargement\0c31081e8ada2990bcbef0f12ea60b07_class0_radr10_bbox0002.png; data\processed\bbox_crops_224\0_aortic_enlargement\0c31081e8ada2990bcbef0f12ea60b07_class0_radr8_bbox0001.png; data\processed\bbox_crops_224\0_aortic_enlargement\0c31081e8ada2990bcbef0f12ea60b07_class0_radr9_bbox0003.png,,正式性依所在實驗資料夾與欄位內容判定,方法/實驗結果：ROI 與 RAD-DINO 蒸餾,high,
outputs/raddino_convnext_tiny_three_model_comparison_seed42/research_conclusion.md,formal_output,既有輸出證據檔；本次僅讀取不覆蓋,evidence,,,,,正式性依所在實驗資料夾與欄位內容判定,方法/實驗結果：ROI 與 RAD-DINO 蒸餾,high,
outputs/raddino_convnext_tiny_three_model_comparison_seed42/statistics/cluster_bootstrap_replicate_summary.csv,formal_output,既有輸出證據檔；本次僅讀取不覆蓋,evidence,,,,,正式性依所在實驗資料夾與欄位內容判定,方法/實驗結果：ROI 與 RAD-DINO 蒸餾,high,
outputs/raddino_convnext_tiny_three_model_comparison_seed42/statistics/cluster_bootstrap_results.csv,formal_output,既有輸出證據檔；本次僅讀取不覆蓋,evidence,,,,,正式性依所在實驗資料夾與欄位內容判定,方法/實驗結果：ROI 與 RAD-DINO 蒸餾,high,
outputs/raddino_convnext_tiny_three_model_comparison_seed42/statistics/mcnemar_holm_adjusted.csv,formal_output,既有輸出證據檔；本次僅讀取不覆蓋,evidence,,,,,正式性依所在實驗資料夾與欄位內容判定,方法/實驗結果：ROI 與 RAD-DINO 蒸餾,high,
outputs/raddino_convnext_tiny_three_model_comparison_seed42/statistics/mcnemar_pairwise_results.csv,formal_output,既有輸出證據檔；本次僅讀取不覆蓋,evidence,,,,,正式性依所在實驗資料夾與欄位內容判定,方法/實驗結果：ROI 與 RAD-DINO 蒸餾,high,
outputs/raddino_convnext_tiny_three_model_comparison_seed42/tables/class2_class4_error_analysis.csv,formal_output,既有輸出證據檔；本次僅讀取不覆蓋,evidence,,,,,正式性依所在實驗資料夾與欄位內容判定,方法/實驗結果：ROI 與 RAD-DINO 蒸餾,high,
outputs/raddino_convnext_tiny_three_model_comparison_seed42/tables/overall_metrics_comparison.csv,formal_output,既有輸出證據檔；本次僅讀取不覆蓋,evidence,,,,,正式性依所在實驗資料夾與欄位內容判定,方法/實驗結果：ROI 與 RAD-DINO 蒸餾,high,
outputs/raddino_convnext_tiny_three_model_comparison_seed42/tables/pairwise_metric_differences.csv,formal_output,既有輸出證據檔；本次僅讀取不覆蓋,evidence,,,,,正式性依所在實驗資料夾與欄位內容判定,方法/實驗結果：ROI 與 RAD-DINO 蒸餾,high,
outputs/raddino_convnext_tiny_three_model_comparison_seed42/tables/per_class_auroc_comparison.csv,formal_output,既有輸出證據檔；本次僅讀取不覆蓋,evidence,,,,,正式性依所在實驗資料夾與欄位內容判定,方法/實驗結果：ROI 與 RAD-DINO 蒸餾,high,
outputs/raddino_convnext_tiny_three_model_comparison_seed42/tables/per_class_f1_comparison.csv,formal_output,既有輸出證據檔；本次僅讀取不覆蓋,evidence,,,,,正式性依所在實驗資料夾與欄位內容判定,方法/實驗結果：ROI 與 RAD-DINO 蒸餾,high,
outputs/raddino_convnext_tiny_three_model_comparison_seed42/tables/three_model_agreement_summary.csv,formal_output,既有輸出證據檔；本次僅讀取不覆蓋,evidence,,,,,正式性依所在實驗資料夾與欄位內容判定,方法/實驗結果：ROI 與 RAD-DINO 蒸餾,high,
outputs/raddino_convnext_tiny_three_model_comparison_seed42/tables/training_efficiency_comparison.csv,formal_output,既有輸出證據檔；本次僅讀取不覆蓋,evidence,,,,,正式性依所在實驗資料夾與欄位內容判定,方法/實驗結果：ROI 與 RAD-DINO 蒸餾,high,
outputs/raddino_convnext_tiny_three_model_comparison_seed42/tables/validation_metrics_comparison.csv,formal_output,既有輸出證據檔；本次僅讀取不覆蓋,evidence,,,,,正式性依所在實驗資料夾與欄位內容判定,方法/實驗結果：ROI 與 RAD-DINO 蒸餾,high,
outputs/raddino_convnext_tiny_three_model_comparison_seed42/three_model_comparison_report.md,formal_output,既有輸出證據檔；本次僅讀取不覆蓋,evidence,,,weights.,,正式性依所在實驗資料夾與欄位內容判定,方法/實驗結果：ROI 與 RAD-DINO 蒸餾,high,
outputs/raddino_feature_cache/balanced_945_seed42/audit_report.txt,output_or_log,既有輸出證據檔；本次僅讀取不覆蓋,evidence,,,dataset; outputs\raddino_feature_cache\balanced_945_seed42; outputs\roi_balanced_224\balanced_945_seed42,outputs\raddino_feature_cache\balanced_945_seed42; outputs\roi_balanced_224\balanced_945_seed42,正式性依所在實驗資料夾與欄位內容判定,方法/實驗結果：ROI 與 RAD-DINO 蒸餾,high,
outputs/raddino_feature_cache/balanced_945_seed42/audit_summary.json,output_or_log,既有輸出證據檔；本次僅讀取不覆蓋,evidence,,,data_count; dataset_name; dataset_path; outputs\\raddino_feature_cache\\balanced_945_seed42; outputs\\roi_balanced_224\\balanced_945_seed42,outputs\\raddino_feature_cache\\balanced_945_seed42; outputs\\roi_balanced_224\\balanced_945_seed42,正式性依所在實驗資料夾與欄位內容判定,方法/實驗結果：ROI 與 RAD-DINO 蒸餾,high,
outputs/raddino_feature_cache/balanced_945_seed42/duplicate_sha256_groups.csv,output_or_log,既有輸出證據檔；本次僅讀取不覆蓋,evidence,,,outputs\roi_balanced_224\balanced_945_seed42\0_aortic_enlargement\2a6d1ced2d75a229ea936e5f2dbbbe32_class0_radR9_bbox0007.png; outputs\roi_balanced_224\balanced_945_seed42\2_pleural_thickening\00bcb82818ea83d6a86df241762cd7d0_class2_radR10_bbox0003.png; outputs\roi_balanced_224\balanced_945_seed42\2_pleural_thickening\028fcc44d3104099480e897541a1ecc3_class2_radR9_bbox0003.png; outputs\roi_balanced_224\balanced_945_seed42\2_pleural_thickening\0501d62912b9a6ff04eae4ffc56affc2_class2_radR10_bbox0008.png; outputs\roi_balanced_224\balanced_945_seed42\2_pleural_thickening\053cf0f0a75926ebd53f0265bad6aee4_class2_radR9_bbox0005.png; outputs\roi_balanced_224\balanced_945_seed42\2_pleural_thickening\05e0b2465053b685ca37849eac3dd62f_class2_radR10_bbox0002.png; outputs\roi_balanced_224\balanced_945_seed42\2_pleural_thickening\09f9a62fceffacc4d062a7fe24a626b8_class2_radR9_bbox0006.png; outputs\roi_balanced_224\balanced_945_seed42\2_pleural_thickening\0c2079e62ddfb06a8a5300cefaa3a970_class2_radR10_bbox0008.png; outputs\roi_balanced_224\balanced_945_seed42\2_pleural_thickening\1951e0eba7c68aa1fbd6d723f19ee7c4_class2_radR8_bbox0003.png; outputs\roi_balanced_224\balanced_945_seed42\2_pleural_thickening\1bbd7232924e951e7fa87ffa0f62ec3d_class2_radR9_bbox0001.png; outputs\roi_balanced_224\balanced_945_seed42\2_pleural_thickening\21f596b4f75fd3d0ff54f55ad760272b_class2_radR9_bbox0001.png; outputs\roi_balanced_224\balanced_945_seed42\2_pleural_thickening\23f267e42a7e9f496aa143fe11f241ff_class2_radR10_bbox0006.png,outputs\roi_balanced_224\balanced_945_seed42\0_aortic_enlargement\2a6d1ced2d75a229ea936e5f2dbbbe32_class0_radR9_bbox0007.png; outputs\roi_balanced_224\balanced_945_seed42\2_pleural_thickening\00bcb82818ea83d6a86df241762cd7d0_class2_radR10_bbox0003.png; outputs\roi_balanced_224\balanced_945_seed42\2_pleural_thickening\028fcc44d3104099480e897541a1ecc3_class2_radR9_bbox0003.png; outputs\roi_balanced_224\balanced_945_seed42\2_pleural_thickening\0501d62912b9a6ff04eae4ffc56affc2_class2_radR10_bbox0008.png; outputs\roi_balanced_224\balanced_945_seed42\2_pleural_thickening\053cf0f0a75926ebd53f0265bad6aee4_class2_radR9_bbox0005.png; outputs\roi_balanced_224\balanced_945_seed42\2_pleural_thickening\05e0b2465053b685ca37849eac3dd62f_class2_radR10_bbox0002.png; outputs\roi_balanced_224\balanced_945_seed42\2_pleural_thickening\09f9a62fceffacc4d062a7fe24a626b8_class2_radR9_bbox0006.png; outputs\roi_balanced_224\balanced_945_seed42\2_pleural_thickening\0c2079e62ddfb06a8a5300cefaa3a970_class2_radR10_bbox0008.png; outputs\roi_balanced_224\balanced_945_seed42\2_pleural_thickening\1951e0eba7c68aa1fbd6d723f19ee7c4_class2_radR8_bbox0003.png; outputs\roi_balanced_224\balanced_945_seed42\2_pleural_thickening\1bbd7232924e951e7fa87ffa0f62ec3d_class2_radR9_bbox0001.png; outputs\roi_balanced_224\balanced_945_seed42\2_pleural_thickening\21f596b4f75fd3d0ff54f55ad760272b_class2_radR9_bbox0001.png; outputs\roi_balanced_224\balanced_945_seed42\2_pleural_thickening\23f267e42a7e9f496aa143fe11f241ff_class2_radR10_bbox0006.png,正式性依所在實驗資料夾與欄位內容判定,方法/實驗結果：ROI 與 RAD-DINO 蒸餾,high,
outputs/raddino_feature_cache/balanced_945_seed42/manifest_metadata.json,output_or_log,既有輸出證據檔；本次僅讀取不覆蓋,evidence,,,data\\metadata\\full_image_dataset_audit.csv; data\\metadata\\image_manifest.csv; data\\metadata\\image_sources.csv; dataset_audit_csv; dataset_audit_rows; dataset_name; dataset_path; outputs\\raddino_feature_cache\\balanced_945_seed42; outputs\\raddino_feature_cache\\balanced_945_seed42\\roi_manifest.csv; outputs\\roi_balanced_224\\balanced_945_seed42,outputs\\raddino_feature_cache\\balanced_945_seed42; outputs\\raddino_feature_cache\\balanced_945_seed42\\roi_manifest.csv; outputs\\roi_balanced_224\\balanced_945_seed42,正式性依所在實驗資料夾與欄位內容判定,方法/實驗結果：ROI 與 RAD-DINO 蒸餾,high,
outputs/raddino_feature_cache/balanced_945_seed42/roi_manifest.csv,output_or_log,既有輸出證據檔；本次僅讀取不覆蓋,evidence,,,,,正式性依所在實驗資料夾與欄位內容判定,方法/實驗結果：ROI 與 RAD-DINO 蒸餾,high,large_text_not_deep_read=3093805
outputs/raddino_feature_cache/balanced_945_seed42/teacher_feature_audit.txt,output_or_log,既有輸出證據檔；本次僅讀取不覆蓋,evidence,,,,,正式性依所在實驗資料夾與欄位內容判定,方法/實驗結果：ROI 與 RAD-DINO 蒸餾,high,
outputs/raddino_feature_cache/balanced_945_seed42/teacher_feature_metadata.json,output_or_log,既有輸出證據檔；本次僅讀取不覆蓋,evidence,,,outputs\\raddino_feature_cache\\balanced_945_seed42\\roi_manifest.csv; outputs\\raddino_feature_cache\\balanced_945_seed42\\teacher_features.pt,outputs\\raddino_feature_cache\\balanced_945_seed42\\roi_manifest.csv; outputs\\raddino_feature_cache\\balanced_945_seed42\\teacher_features.pt,正式性依所在實驗資料夾與欄位內容判定,方法/實驗結果：ROI 與 RAD-DINO 蒸餾,high,
outputs/raddino_feature_cache/balanced_945_seed42/teacher_feature_progress.json,output_or_log,既有輸出證據檔；本次僅讀取不覆蓋,evidence,,,outputs\\raddino_feature_cache\\balanced_945_seed42\\roi_manifest.csv,outputs\\raddino_feature_cache\\balanced_945_seed42\\roi_manifest.csv,正式性依所在實驗資料夾與欄位內容判定,方法/實驗結果：ROI 與 RAD-DINO 蒸餾,high,
outputs/raddino_feature_cache/balanced_945_seed42/unresolved_records.csv,output_or_log,既有輸出證據檔；本次僅讀取不覆蓋,evidence,,,,,正式性依所在實驗資料夾與欄位內容判定,方法/實驗結果：ROI 與 RAD-DINO 蒸餾,high,
outputs/reports/final_annotation_preparation_summary.txt,output_or_log,既有輸出證據檔；本次僅讀取不覆蓋,evidence,,,,,正式性依所在實驗資料夾與欄位內容判定,,high,
outputs/reports/final_crop_dataset_audit.txt,output_or_log,既有輸出證據檔；本次僅讀取不覆蓋,evidence,,,dataset,,正式性依所在實驗資料夾與欄位內容判定,,high,
outputs/reports/final_crops_for_model_summary.txt,output_or_log,既有輸出證據檔；本次僅讀取不覆蓋,evidence,,,,,正式性依所在實驗資料夾與欄位內容判定,,high,
outputs/reports/full_image_single_label_audit_summary.md,output_or_log,既有輸出證據檔；本次僅讀取不覆蓋,evidence,,,data.; data/raw/annotations/annotations.csv; data/raw/images; dataset.,,正式性依所在實驗資料夾與欄位內容判定,方法/系統實作：Full-image 多標籤與 Demo,high,
outputs/reports/manual_224_review_errors.csv,output_or_log,既有輸出證據檔；本次僅讀取不覆蓋,evidence,,,,,正式性依所在實驗資料夾與欄位內容判定,,high,
outputs/reports/manual_224_review_summary.csv,output_or_log,既有輸出證據檔；本次僅讀取不覆蓋,evidence,,,,,正式性依所在實驗資料夾與欄位內容判定,,high,
outputs/reports/manual_224_review_summary.txt,output_or_log,既有輸出證據檔；本次僅讀取不覆蓋,evidence,,,,,正式性依所在實驗資料夾與欄位內容判定,,high,
outputs/reports/manual_bbox_review_summary.csv,output_or_log,既有輸出證據檔；本次僅讀取不覆蓋,evidence,,,,,正式性依所在實驗資料夾與欄位內容判定,方法/實驗結果：ROI 與 RAD-DINO 蒸餾,high,
outputs/reports/manual_bbox_review_summary.txt,output_or_log,既有輸出證據檔；本次僅讀取不覆蓋,evidence,,,,,正式性依所在實驗資料夾與欄位內容判定,方法/實驗結果：ROI 與 RAD-DINO 蒸餾,high,
outputs/reports/manual_crop_review_errors.csv,output_or_log,既有輸出證據檔；本次僅讀取不覆蓋,evidence,,,,,正式性依所在實驗資料夾與欄位內容判定,,high,
outputs/reports/manual_crop_review_summary.csv,output_or_log,既有輸出證據檔；本次僅讀取不覆蓋,evidence,,,,,正式性依所在實驗資料夾與欄位內容判定,,high,
outputs/reports/manual_crop_review_summary.txt,output_or_log,既有輸出證據檔；本次僅讀取不覆蓋,evidence,,,,,正式性依所在實驗資料夾與欄位內容判定,,high,
outputs/reports/model_input_224_audit.txt,output_or_log,既有輸出證據檔；本次僅讀取不覆蓋,evidence,,,,,正式性依所在實驗資料夾與欄位內容判定,,high,
outputs/reports/model_input_224_errors.csv,output_or_log,既有輸出證據檔；本次僅讀取不覆蓋,evidence,,,,,正式性依所在實驗資料夾與欄位內容判定,,high,
outputs/reports/model_input_224_summary_by_split_class.csv,output_or_log,既有輸出證據檔；本次僅讀取不覆蓋,evidence,,,,,正式性依所在實驗資料夾與欄位內容判定,,high,
outputs/reports/project_tree.txt,output_or_log,既有輸出證據檔；本次僅讀取不覆蓋,evidence,,,,,正式性依所在實驗資料夾與欄位內容判定,,high,
outputs/reports/roi_224_final_folder_errors.csv,output_or_log,既有輸出證據檔；本次僅讀取不覆蓋,evidence,,,,,正式性依所在實驗資料夾與欄位內容判定,方法/實驗結果：ROI 與 RAD-DINO 蒸餾,high,
outputs/reports/roi_224_final_folder_validation.txt,output_or_log,既有輸出證據檔；本次僅讀取不覆蓋,evidence,,,data\processed\bbox_crops_224_legacy_split_backup,,正式性依所在實驗資料夾與欄位內容判定,方法/實驗結果：ROI 與 RAD-DINO 蒸餾,high,
outputs/reports/roi_224_grouped_split_audit.txt,output_or_log,既有輸出證據檔；本次僅讀取不覆蓋,evidence,,,,,正式性依所在實驗資料夾與欄位內容判定,方法/實驗結果：ROI 與 RAD-DINO 蒸餾,high,
outputs/reports/roi_224_grouped_split_by_roi_class.csv,output_or_log,既有輸出證據檔；本次僅讀取不覆蓋,evidence,,,,,正式性依所在實驗資料夾與欄位內容判定,方法/實驗結果：ROI 與 RAD-DINO 蒸餾,high,
outputs/reports/roi_224_grouped_split_by_source_class.csv,output_or_log,既有輸出證據檔；本次僅讀取不覆蓋,evidence,,,,,正式性依所在實驗資料夾與欄位內容判定,方法/實驗結果：ROI 與 RAD-DINO 蒸餾,high,
outputs/reports/roi_224_grouped_split_errors.csv,output_or_log,既有輸出證據檔；本次僅讀取不覆蓋,evidence,,,,,正式性依所在實驗資料夾與欄位內容判定,方法/實驗結果：ROI 與 RAD-DINO 蒸餾,high,
outputs/reports/roi_224_master_audit.txt,output_or_log,既有輸出證據檔；本次僅讀取不覆蓋,evidence,,,,,正式性依所在實驗資料夾與欄位內容判定,方法/實驗結果：ROI 與 RAD-DINO 蒸餾,high,
outputs/reports/roi_224_master_errors.csv,output_or_log,既有輸出證據檔；本次僅讀取不覆蓋,evidence,,,,,正式性依所在實驗資料夾與欄位內容判定,方法/實驗結果：ROI 與 RAD-DINO 蒸餾,high,
outputs/reports/roi_classification_dataset_final_summary.txt,output_or_log,既有輸出證據檔；本次僅讀取不覆蓋,evidence,,,dataset; dataset_name,,正式性依所在實驗資料夾與欄位內容判定,方法/實驗結果：ROI 與 RAD-DINO 蒸餾,high,
outputs/reports/roi_classification_dataset_final_summary_by_split_class.csv,output_or_log,既有輸出證據檔；本次僅讀取不覆蓋,evidence,,,,,正式性依所在實驗資料夾與欄位內容判定,方法/實驗結果：ROI 與 RAD-DINO 蒸餾,high,
outputs/reports/roi_master_class_counts.csv,output_or_log,既有輸出證據檔；本次僅讀取不覆蓋,evidence,,,,,正式性依所在實驗資料夾與欄位內容判定,方法/實驗結果：ROI 與 RAD-DINO 蒸餾,high,
README.md,misc,未人工深讀的一般文字/config 檔,unknown,,,data\audit_cropped_dataset.py; data\audit_image_bbox_pairs.py; data\collect_raw_images.py; data\crop_bbox_rois.py; data\metadata\crop_manifest.csv; data\processed\bbox_crops; data\processed\bbox_overlay; data\raw; data\raw\dicom_files; data\raw\images; data\raw\train; data\splits\five_class_test_annotations.csv,outputs\reports\final_crop_dataset_audit.txt; outputs\reports\project_tree.txt,僅盤點,,low,
requirements.txt,misc,未人工深讀的一般文字/config 檔,unknown,,,,,僅盤點,,low,
run_project3_demo.ps1,launcher,固定啟動正式 Gradio Demo 的 PowerShell launcher。,formal,,,,,依正式輸出與/或 launcher/import 關聯判定,,high,
src/audit_balanced_roi_and_build_manifest.py,source_code,"稽核 balanced ROI 224 資料夾，建立 4,725 張 ROI manifest，標記 brightness augmented ROI。",formal,sha256_file; read_csv_rows; atomic_write_text; atomic_write_json; atomic_write_csv; get_git_commit; parse_filename; collect_source_metadata; audit_and_build; main,PIL; __future__; argparse; collections; csv; datetime; hashlib; json; pathlib; platform; re; subprocess; sys; typing,data.json; data_count; data_dir; data_path; dataset; dataset_audit; dataset_audit.csv; dataset_audit_csv; dataset_audit_rows; dataset_name; dataset_path,,依正式輸出與/或 launcher/import 關聯判定,方法/實驗結果：ROI 與 RAD-DINO 蒸餾,high,"CLI args=""--project-root"", required=True, type=Path, help=""Project root, e.g. C:\\Users\\09688\\thoracic-cxr-project-3"""
src/build_full_image_ground_truth_catalog.py,source_code,建立 Demo 用 Ground Truth catalog、demo images 與 sidecar JSON。,formal,parse_args; utc_now; sha256_file; aggregate_source_sha; write_csv_bom; write_json; format_label_vector; label_code; inspect_sources; distribution_data; select_demo_records; manifest_rows; create_lookup; create_distribution_rows; create_class_index; demo_filename; copy_demo_set; font; create_preview; image_src_for_gallery; create_gallery; create_readme; validate_expected; build_outputs; main,PIL; __future__; argparse; collections; csv; datetime; hashlib; html; json; os; pathlib; random; shutil; sys; typing,dataset,,依正式輸出與/或 launcher/import 關聯判定,方法/系統實作：Full-image 多標籤與 Demo,high,"CLI args=""--project-root"", type=Path, required=True; ""--images-dir"", type=Path, required=True; ""--annotations"", type=Path, required=True; ""--output-dir"", type=Path, required=True; ""--seed"", type=int, default=42; ""--demo-count"", type=int, default=30"
src/cache_raddino_teacher_features.py,source_code,"使用 frozen microsoft/rad-dino 抽 CLS/pooler features，建立 4,725 x 768 teacher cache。",formal,utc_now; sha256_file; read_manifest; atomic_write_text; atomic_write_json; validate_preconditions; environment_info; load_teacher; open_images; forward_batch; smoke_test; verify_saved_features; run; build_parser; main,PIL; __future__; argparse; csv; datetime; hashlib; json; os; pathlib; platform; sys; time; torch; transformers; typing,data.json; outputs.last_hidden_state; outputs.pooler_output; weights_only,outputs.last_hidden_state; outputs.pooler_output,依正式輸出與/或 launcher/import 關聯判定,方法/實驗結果：ROI 與 RAD-DINO 蒸餾,high,"CLI args= ""--project-root"", default=r""C:\Users\09688\thoracic-cxr-project-3"", ; ""--output-dir"", default=None; ""--batch-size"", type=int, default=8; ""--progress-every-batches"", type=int, default=10; ""--local-files-only"", action=""store_true""; ""--smoke-only"", action=""store_true"""
src/cache_raddino_teacher_patch_features.py,source_code,"使用 frozen RAD-DINO patch tokens 建立 4,725 x 768 x 7 x 7 patch teacher cache。",formal,utc_now; sha256_file; read_csv; parse_bool_strict; json_default; atomic_write_text; atomic_write_json; atomic_write_csv; atomic_torch_save; set_seed; patch_pair; processor_audit; environment_info; protected_artifact_paths; hash_protected_artifacts; compare_protected_artifacts; guard_output_directory; validate_manifest; collate_images; load_teacher; tensor_input_stats; forward_patch_batch; batch_metric; shard_path; save_shard; load_resume_shards; compute_cache_statistics; verify_loaded_cache; sample_verification; cleanup_resume_shards; write_audit; run; build_parser; main,PIL; __future__; argparse; collections; csv; dataclasses; datetime; gc; hashlib; json; math; numpy; os; pathlib; platform; random; shutil; sys; time; torch; torch.nn.functional; torch.utils.data; torchvision; transformers; typing,config.json; config.patch_size; data.json; data_errors; data_errors.append; dataclass; dataclasses; dataset; outputs.last_hidden_state; weights_only,outputs.last_hidden_state,依正式輸出與/或 launcher/import 關聯判定,方法/實驗結果：ROI 與 RAD-DINO 蒸餾,high,"CLI args=""--project-root"", type=Path, default=root;  ""--manifest"", type=Path, default=root / ""outputs"" / ""raddino_feature_cache"" / ""balanced_945_seed42"" / ""roi_manifest.csv"", ;  ""--output-dir"", type=Path, default=root / ""outputs"" / ""raddino_convnext_tiny_patch_experiment_seed42"" / ""phase0_patch_teacher_cache"", ; ""--model-name"", default=EXPECTED_MODEL_NAME; ""--model-revision"", default=EXPECTED_MODEL_REVISION; ""--batch-size"", type=int, default=32"
src/compare_baseline_cls_patch.py,source_code,三模型正式比較：ImageNet Baseline、RAD-DINO CLS Proposed、RAD-DINO Patch Proposed；含 bootstrap 與 McNemar。,formal,utc_now; sha256_file; read_json; read_csv; normalized_path; parse_bool; atomic_write_text; atomic_write_json; csv_value; atomic_write_csv; atomic_save_figure; ensure_clean_destination; model_paths; split_audit; enrich_predictions; pair_predictions; read_confusion_csv; metric_integrity; checkpoint_structure; layernorm_audit; fairness_audit; overall_tables; training_tables; per_class_tables; class_error_table; agreement_table; discordant_rows; matrix_rows; cluster_bootstrap; exact_mcnemar; plot_overall; plot_validation; plot_per_class; row_normalize; plot_confusion,__future__; argparse; collections; compare_proposed_vs_baseline; csv; datetime; hashlib; json; math; matplotlib; matplotlib.pyplot; numpy; os; pathlib; platform; re; shutil; sys; torch; typing,config.get; config.read_bytes; config/baseline_experiment_config.json; config/experiment_config.json; config/shared_phase2_finetune_config.json; config_copies_byte_identical; config_expected_sha256; config_sha256; configs; configs.values; configs_reference_shared_sha; data.json,outputs/raddino_convnext_tiny_experiment_seed42/phase1_distillation/checkpoints/distilled_convnext_tiny_backbone.pt; outputs/raddino_convnext_tiny_patch_experiment_seed42/phase1_patch_distillation/checkpoints/patch_distilled_convnext_tiny_backbone.pt,依正式輸出與/或 launcher/import 關聯判定,方法/實驗結果：ROI 與 RAD-DINO 蒸餾,high,"CLI args=""--project-root"", type=Path, required=True; ""--baseline-dir"", type=Path, required=True; ""--cls-dir"", type=Path, required=True; ""--patch-dir"", type=Path, required=True; ""--split-dir"", type=Path, required=True; ""--shared-config"", type=Path, required=True"
src/compare_proposed_vs_baseline.py,source_code,較舊 Proposed vs Baseline 比較；輔助但不優先於三模型比較。,formal_or_supporting,utc_now; sha256_file; read_json; read_csv; atomic_write_text; atomic_write_json; atomic_write_csv; atomic_save_figure; parse_bool; require_files; prediction_key; validate_predictions; confusion_and_metrics; paired_rows; validate_fairness; overall_comparison; per_class_comparisons; cluster_bootstrap; mcnemar; parse_training_wall_seconds; training_efficiency; error_analysis; plot_overall; plot_per_class; plot_training_curves; row_normalize; plot_confusion; plot_confusion_difference; plot_paired_correctness; plot_bootstrap; plot_confidence; conclusion_from_results; write_reports; input_hashes; create_directories,__future__; argparse; collections; csv; datetime; hashlib; json; math; matplotlib; matplotlib.pyplot; numpy; os; pathlib; platform; re; sys; typing,config.json; config.read_bytes; config/; config/shared_phase2_finetune_config.json; config_copies; config_copy; config_name; config_sha256; data.json; data_loader; dataloader_workers,,依正式輸出與/或 launcher/import 關聯判定,方法/實驗結果：ROI 與 RAD-DINO 蒸餾,high,"CLI args=""--project-root"", type=Path, default=root; ""--proposed-dir"", type=Path, default=experiment / ""phase2_proposed_distilled""; ""--baseline-dir"", type=Path, default=experiment / ""phase2_baseline_imagenet""; ""--split-dir"", type=Path, default=experiment / ""phase2_split""; ""--shared-config"", type=Path, default=experiment / ""shared_phase2_finetune_config.json""; ""--output-dir"", type=Path, default=experiment / ""final_comparison"""
src/create_phase2_grouped_split.py,source_code,以 source image/SHA group 建立 ROI phase2 split，防止同源洩漏。,formal,utc_now; sha256_file; parse_bool; read_csv; atomic_write_csv; atomic_write_text; atomic_write_json; validate_balanced_manifest; scan_original_rois; validate_formal_sources; build_sha_super_groups; choose_subset_by_size; optimize_split; build_manifests; values_crossing_splits; audit_leakage; build_count_tables; perform_analysis; dry_run_payload; write_outputs; run; build_parser; main,PIL; __future__; argparse; collections; csv; datetime; hashlib; json; math; numpy; os; pathlib; random; re; sys; typing,data-only; data.json; dataset_paths; outputs.,outputs.,依正式輸出與/或 launcher/import 關聯判定,方法/實驗結果：ROI 與 RAD-DINO 蒸餾,high,"CLI args=""--project-root"", default=str(project_root;  ""--balanced-manifest"", default=str( project_root / ""outputs"" / ""raddino_feature_cache"" / ""balanced_945_seed42"" / ""roi_manifest.csv"" ;  ""--original-roi-dir"", default=str(project_root / ""data"" / ""processed"" / ""bbox_crops_224"";  ""--output-dir"", default=str( project_root / ""outputs"" / ""raddino_convnext_tiny_experiment_seed42"" / ""phase2_split"" ; ""--seed"", type=int, default=42; ""--dry-run"", action=""store_true"""
src/data/apply_repaired_manual_crop_review.py,data_pipeline,ROI/full-image 資料處理或 audit 輔助程式,supporting_or_audit,read_csv_with_fallback; norm_path; bbox_index; add_error; main,__future__; collections; common; csv; pathlib; re; shutil; sys; typing,data_dir,,須由輸出檔或正式 pipeline 引用判定,,medium,
src/data/audit_cropped_dataset.py,data_pipeline,ROI/full-image 資料處理或 audit 輔助程式,supporting_or_audit,read_manifest; read_final_annotations; main,PIL; __future__; collections; common; csv; pathlib; typing,data_dir; dataset; dataset_audit.txt; dataset_checked_files.csv; dataset_summary_by_split_class.csv,,須由輸出檔或正式 pipeline 引用判定,,medium,
src/data/audit_full_image_single_label_dataset.py,data_pipeline,ROI/full-image 資料處理或 audit 輔助程式,supporting_or_audit,read_csv_rows; bool_csv; class_name_for; image_readable; grouped_annotations; load_image_paths; main; write_summary,PIL; __future__; collections; common; csv; pathlib; typing,data_dir,,須由輸出檔或正式 pipeline 引用判定,方法/系統實作：Full-image 多標籤與 Demo,medium,
src/data/audit_image_bbox_pairs.py,data_pipeline,ROI/full-image 資料處理或 audit 輔助程式,supporting_or_audit,main,__future__; collections; common; pathlib; typing,data_dir,,須由輸出檔或正式 pipeline 引用判定,方法/實驗結果：ROI 與 RAD-DINO 蒸餾,medium,
src/data/audit_model_inputs_224.py,data_pipeline,ROI/full-image 資料處理或 audit 輔助程式,supporting_or_audit,read_csv_rows; norm_path; bool_true; audit_outputs; expected_output_from_final; count_actual_pngs; error_row; blank_error; summarize_by_split_class; create_manual_review_sample; main,PIL; __future__; collections; common; csv; pathlib; random; sys; typing,data_dir; outputs.items,outputs.items,須由輸出檔或正式 pipeline 引用判定,,medium,
src/data/collect_raw_images.py,data_pipeline,ROI/full-image 資料處理或 audit 輔助程式,supporting_or_audit,copy_annotation_csvs; main,__future__; collections; common; pathlib; typing,data_dir,,須由輸出檔或正式 pipeline 引用判定,,medium,
src/data/common.py,data_pipeline,ROI/full-image 資料處理或 audit 輔助程式,supporting_or_audit,combined_annotation_path; raw_annotation_path; source_annotation_path; raw_image_dir; metadata_dir; overlay_root; crop_root; reports_dir; image_manifest_path; crop_manifest_path; read_csv_rows; write_csv_rows; parse_float; parse_int; bool_from_csv; normalize_source_annotation; _normalize_raw_annotation_row; load_raw_annotations; build_source_image_index; load_image_manifest; dicom_to_uint8; load_image; copy_or_convert_source_image; duplicate_key; clamp_bbox; validate_bbox; ensure_class_dirs; summarize_split_class,__future__; collections; csv; math; os; pathlib; shutil; typing,data_dir; data_handlers.util,,須由輸出檔或正式 pipeline 引用判定,,medium,
src/data/create_manual_crop_review.py,data_pipeline,ROI/full-image 資料處理或 audit 輔助程式,supporting_or_audit,read_manifest; main,__future__; collections; common; csv; random; typing,data_dir,,須由輸出檔或正式 pipeline 引用判定,,medium,
src/data/create_roi_224_master_dataset.py,source_code,建立 ROI 224 master dataset/manifest。,formal_or_supporting,parse_args; read_csv_rows; norm_path; bool_true; create_master_rows; error_row; copy_master_images; audit_master; write_class_counts; main,PIL; __future__; argparse; collections; common; csv; pathlib; shutil; sys; typing,data_dir; dataset; dataset.,,依正式輸出與/或 launcher/import 關聯判定,方法/實驗結果：ROI 與 RAD-DINO 蒸餾,high,"CLI args=""--model-input-manifest"", type=Path, default=metadata_dir(; ""--final-model-csv"", type=Path, default=metadata_dir(; ""--manual-224-review"", type=Path, default=metadata_dir(; ""--output-dir"", type=Path, default=PROJECT_ROOT / ""data"" / ""processed"" / ""bbox_crops_224_master""; ""--overwrite"", action=""store_true"""
src/data/crop_bbox_rois.py,source_code,根據 BBox annotation 裁切 ROI；資料處理而非訓練。,formal_or_supporting,read_valid_rows; parse_args; main,__future__; argparse; common; csv; pathlib; typing,data_dir,,依正式輸出與/或 launcher/import 關聯判定,方法/實驗結果：ROI 與 RAD-DINO 蒸餾,high,"CLI args=""--margin-ratio"", type=float, default=0.0; ""--allow-out-of-bounds-clamp"", action=""store_true"""
src/data/finalize_roi_224_dataset.py,data_pipeline,ROI/full-image 資料處理或 audit 輔助程式,supporting_or_audit,read_csv_with_fallback; norm_path; add_error; validate_manual_224; write_manual_reports; create_final_reports; main,PIL; __future__; collections; common; csv; datetime; json; pathlib; sys; typing,data_dir; dataset; dataset_final_summary.txt; dataset_final_summary_by_split_class.csv; dataset_name; dataset_version_roi_224_v1.json,,須由輸出檔或正式 pipeline 引用判定,方法/實驗結果：ROI 與 RAD-DINO 蒸餾,medium,
src/data/finalize_roi_224_folder_naming.py,data_pipeline,ROI/full-image 資料處理或 audit 輔助程式,supporting_or_audit,read_csv_rows; write_csv; norm_path; error_row; validate_folder; choose_backup_path; update_manifest_paths; update_version_json; write_validation_report; main,PIL; __future__; collections; common; csv; datetime; json; pathlib; shutil; sys; typing,data/processed/bbox_crops_224; data_dir; dataset_version_roi_224_master_v1.json,,須由輸出檔或正式 pipeline 引用判定,方法/實驗結果：ROI 與 RAD-DINO 蒸餾,medium,
src/data/prepare_final_annotations_for_crop.py,data_pipeline,ROI/full-image 資料處理或 audit 輔助程式,supporting_or_audit,read_csv; normalize_status; annotation_key; bbox_key; write_manual_review_summary; find_same_bbox_conflicts; add_exclusion; main,__future__; collections; common; csv; pathlib; typing,data_dir,,須由輸出檔或正式 pipeline 引用判定,,medium,
src/data/prepare_final_crops_for_model.py,data_pipeline,ROI/full-image 資料處理或 audit 輔助程式,supporting_or_audit,read_csv; normalize; normalize_status; parse_bbox_index_from_path; parse_int; add_error; write_review_summary; validate_manual_review; create_final_crops_for_model; main,__future__; collections; common; csv; pathlib; re; sys; typing,data_dir,,須由輸出檔或正式 pipeline 引用判定,,medium,
src/data/prepare_model_inputs_224.py,data_pipeline,ROI/full-image 資料處理或 audit 輔助程式,supporting_or_audit,parse_args; read_rows; bool_true; output_path_for; letterbox_grayscale; main,PIL; __future__; argparse; collections; common; csv; pathlib; sys; typing,data_dir; outputs.,outputs.,須由輸出檔或正式 pipeline 引用判定,,medium,"CLI args=""--input-csv"", type=Path, default=PROJECT_ROOT / ""data"" / ""metadata"" / ""final_crops_for_model.csv""; ""--output-dir"", type=Path, default=PROJECT_ROOT / ""data"" / ""processed"" / ""bbox_crops_224""; ""--image-size"", type=int, default=224; ""--padding-value"", type=int, default=0; ""--overwrite"", action=""store_true"", help=""Overwrite existing 224 PNG outputs."""
src/data/repair_manual_crop_review.py,data_pipeline,ROI/full-image 資料處理或 audit 輔助程式,supporting_or_audit,read_csv_with_fallback; normalize_path; bbox_index_from_path; backup_manual_file; build_clean_template; review_tuple; repair_reviews; validate_repaired; write_summary; main,__future__; collections; common; csv; pathlib; random; re; shutil; sys; typing,data_dir,,須由輸出檔或正式 pipeline 引用判定,,medium,
src/data/visualize_bbox_alignment.py,data_pipeline,ROI/full-image 資料處理或 audit 輔助程式,supporting_or_audit,read_valid_rows; draw_rows; main,PIL; __future__; collections; common; csv; pathlib; random; typing,data_dir,,須由輸出檔或正式 pipeline 引用判定,方法/實驗結果：ROI 與 RAD-DINO 蒸餾,medium,
src/full_image_multilabel_inference_service.py,source_code,正式 Full-image ConvNeXt-Tiny 多標籤推論服務；驗證 checkpoint/threshold/catalog，輸出 Sigmoid 機率與 GT 比對。,formal_or_supporting,_resolve_device; _hash_pil; _names; get_inference_service; create_probability_figure,PIL; __future__; csv; full_image_multilabel_report_prompt; hashlib; infer_full_image_224_multilabel_single; io; json; math; matplotlib; matplotlib.pyplot; numpy; pathlib; threading; time; torch; typing,outputs/full_image_224_multilabel_seed42/phase2_patch_transfer/; outputs/full_image_ground_truth_catalog/full_image_ground_truth_manifest.csv; weights_only,outputs/full_image_224_multilabel_seed42/phase2_patch_transfer/; outputs/full_image_ground_truth_catalog/full_image_ground_truth_manifest.csv,依正式輸出與/或 launcher/import 關聯判定,方法/系統實作：Full-image 多標籤與 Demo,high,
src/full_image_multilabel_ollama_service.py,source_code,本機 Ollama 說明服務；只接收單張模型結構化結果，驗證保守語氣與 disclaimer。,formal_or_supporting,,__future__; full_image_multilabel_report_prompt; hashlib; json; time; typing; urllib.error; urllib.parse; urllib.request,,,依正式輸出與/或 launcher/import 關聯判定,方法/系統實作：Full-image 多標籤與 Demo,high,
src/full_image_multilabel_report_prompt.py,source_code,Ollama prompt 單一來源；限制只能描述五類 probability、threshold 與模型結果。,formal_or_supporting,_clean; build_report_messages; prompt_schema_sha256,__future__; hashlib; json; typing,,,依正式輸出與/或 launcher/import 關聯判定,方法/系統實作：Full-image 多標籤與 Demo,high,
src/infer_full_image_224_multilabel_single.py,source_code,專案 Python 程式，功能由函式與輸出推定,test_or_audit,parse_args; utc_now; timestamp_slug; sha256_file; atomic_write_text; atomic_write_json; atomic_write_csv; normalize_mapping; resolve_model_path; resolve_threshold_path; load_thresholds; validate_preprocessing; validate_checkpoint; resolve_device; validate_ground_truth; validate_image; preprocess_image; sample_metrics; names; atomic_save_visualization; environment_payload; protected_paths; hash_protected; prediction_payload; csv_row; main,PIL; __future__; argparse; csv; datetime; hashlib; json; math; matplotlib; matplotlib.pyplot; numpy; os; pathlib; platform; shutil; sys; textwrap; time; torch; torchvision; train_full_image_224_multilabel_patch_transfer; typing,config.get; dataset; dataset_dir; weights_only,,需搭配輸出檔確認正式性,方法/系統實作：Full-image 多標籤與 Demo,medium,"CLI args=""--project-root"", type=Path, required=True; ""--model"", type=Path; ""--thresholds"", type=Path; ""--image"", type=Path, required=True; ""--output-dir"", type=Path; ""--device"", default=""auto"""
src/infer_patch_proposed_class2_class4_demo.py,source_code,專案 Python 程式，功能由函式與輸出推定,test_or_audit,read_csv; normalized_path; paired_key; validate_manifest; deterministic_sample; csv_bytes; json_bytes; figure_bytes; individual_visualization; confusion_matrix_rows; confusion_figure; probability_figure; confidence_figure; montage_figure; summarize; summary_markdown; atomic_write_tree; parse_args; main,PIL; __future__; argparse; collections; csv; infer_patch_proposed_single_roi; io; json; matplotlib; matplotlib.pyplot; numpy; os; pathlib; random; sys; time; torch; typing,,,需搭配輸出檔確認正式性,,medium,"CLI args=""--project-root"", type=Path, default=project_root; ""--model"", type=Path; ""--val-manifest"", type=Path; ""--output-dir"", type=Path; ""--samples-per-class"", type=int, default=10; ""--classes"", type=int, nargs=""+"", default=EXPECTED_CLASSES"
src/infer_patch_proposed_single_roi.py,source_code,專案 Python 程式，功能由函式與輸出推定,test_or_audit,utc_now; sha256_file; normalize_class_mapping; resolve_device; inspect_image; validate_checkpoint_metadata; load_export_model; environment_info; serialize_json; serialize_csv; visualization_bytes; atomic_write_bundle; parse_args; main,PIL; __future__; argparse; csv; datetime; hashlib; io; json; math; matplotlib; matplotlib.pyplot; numpy; os; pathlib; platform; sys; time; torch; torchvision; train_phase2_convnext_tiny_finetune; typing,config_sha256; data_checks; data_only; data_validation; weights_only,,需搭配輸出檔確認正式性,方法/實驗結果：ROI 與 RAD-DINO 蒸餾,medium,"CLI args=""--project-root"", type=Path, default=default_root; ""--model"", type=Path; ""--image"", type=Path, required=True; ""--output-dir"", type=Path; ""--device"", default=""auto"", choices=[""auto"", ""cpu"", ""cuda:0""]; ""--ground-truth-class-id"", type=int, choices=range(NUM_CLASSES"
src/ollama_report_service.py,source_code,專案 Python 程式，功能由函式與輸出推定,unknown_or_supporting,,__future__; json; os; patch_roi_report_prompt; pathlib; re; time; typing; urllib.error; urllib.request,configured; configured_models,,需搭配輸出檔確認正式性,方法/系統實作：Full-image 多標籤與 Demo,medium,
src/patch_roi_inference_service.py,source_code,專案 Python 程式，功能由函式與輸出推定,test_or_audit,_image_sha256; _coerce_image; validate_roi_image; get_inference_service,PIL; __future__; hashlib; infer_patch_proposed_single_roi; io; numpy; pathlib; threading; time; torch; typing,,,需搭配輸出檔確認正式性,方法/實驗結果：ROI 與 RAD-DINO 蒸餾,medium,
src/patch_roi_report_prompt.py,source_code,專案 Python 程式，功能由函式與輸出推定,unknown_or_supporting,prompt_sha256; build_report_messages,__future__; hashlib; json; typing,outputs.,outputs.,需搭配輸出檔確認正式性,方法/實驗結果：ROI 與 RAD-DINO 蒸餾,medium,
src/prepare_full_image_224_multilabel_dataset.py,source_code,建立 590 張 full-image 五類多標籤 manifest 與 multilabel split。,formal,utc_now; sha256_file; replace_atomic; atomic_write_text; atomic_write_json; atomic_write_csv; read_annotations; index_images; inspect_image; build_master; iterative_split; repair_split_sizes; audit_splits; parse_args; main,PIL; __future__; argparse; collections; csv; datetime; hashlib; iterstrat.ml_stratifiers; json; numpy; os; pathlib; sys; typing,dataset; dataset_integrity_audit.json; dataset_metadata; dataset_metadata.json,,依正式輸出與/或 launcher/import 關聯判定,方法/系統實作：Full-image 多標籤與 Demo,high,"CLI args=""--project-root"", type=Path, required=True; ""--images-dir"", type=Path, required=True; ""--annotations"", type=Path, required=True; ""--output-dir"", type=Path, required=True; ""--seed"", type=int, default=42; ""--image-size"", type=int, default=224"
src/prepare_full_image_224_single_label_dataset.py,source_code,專案 Python 程式，功能由函式與輸出推定,unknown_or_supporting,utc_now; normalized; bool_text; sha256_file; write_csv; write_json; read_csv; parse_class_id; parse_primary_label; discover_files; find_annotation_source; discover_primary_labels; index_images; inspect_images; annotation_labels; choose_primary; build_candidates; allocate_counts; stratified_split; create_previews; leakage_audit; parse_args; main,PIL; __future__; argparse; collections; csv; datetime; hashlib; json; math; pathlib; random; sys; typing,data_dir; dataset; dataset.; dataset_audit.json; dataset_summary.md; outputs.append; outputs.insert,outputs.append; outputs.insert,需搭配輸出檔確認正式性,方法/系統實作：Full-image 多標籤與 Demo,medium,"CLI args=""--project-root"", type=Path, required=True; ""--images-dir"", type=Path, required=True; ""--annotations-dir"", type=Path, required=True; ""--output-dir"", type=Path, required=True; ""--seed"", type=int, default=42; ""--train-ratio"", type=float, default=0.8"
src/smoke_test_raddino_patch_convnext_maps.py,source_code,專案 Python 程式，功能由函式與輸出推定,test_or_audit,utc_now; sha256_file; read_csv; parse_bool; json_default; atomic_write_text; atomic_write_json; atomic_write_csv; set_seed; validate_manifest; sample_records; sampled_csv_rows; open_rgb_images; tensor_summary; map_statistics; patch_dimensions; processor_audit; student_preprocessing_audit; environment_info; install_student_hooks; validate_stage_shapes; smoke_forward; write_text_report; run; build_parser; main,PIL; __future__; argparse; collections; csv; dataclasses; datetime; hashlib; json; math; numpy; os; pathlib; platform; random; sys; torch; torch.nn.functional; torchvision; torchvision.models; transformers; typing,config.hidden_size; config.patch_size; config_commit_hash; dataclass; dataclasses; outputs.last_hidden_state; weights.transforms; weights_enum,outputs.last_hidden_state,需搭配輸出檔確認正式性,方法/實驗結果：ROI 與 RAD-DINO 蒸餾,medium,"CLI args=""--project-root"", type=Path, default=root; ""--manifest"", type=Path, default=root / ""outputs"" / ""raddino_feature_cache"" / ""balanced_945_seed42"" / ""roi_manifest.csv""; ""--output-dir"", type=Path, default=root / ""outputs"" / ""raddino_convnext_tiny_patch_experiment_seed42"" / ""phase0_patch_shape_smoke_test""; ""--model-name"", default=""microsoft/rad-dino""; ""--batch-size"", type=int, default=2; ""--num-samples"", type=int, default=10"
src/train_convnext_tiny_phase1_distillation.py,source_code,Phase 1 CLS feature distillation：ConvNeXt-Tiny student 對齊 RAD-DINO CLS cache。,formal,utc_now; sha256_file; read_csv; atomic_write_text; atomic_write_json; atomic_write_csv; parse_bool; set_seed; seed_worker; get_random_states; restore_random_states; get_environment; validate_inputs; make_loader; make_optimizer; make_scaler; extract_teacher_batch; check_gradients; one_training_step; auto_probe_batch_size; stage0_smoke_test; create_augmentation_preview; create_directories; log_message; checkpoint_payload; atomic_save_checkpoint; validate_resume; save_plots; read_metrics; export_distilled_backbone; atomic_save_generic; train_one_epoch; write_summary; build_training_config; configure_runtime,PIL; __future__; argparse; collections; csv; datetime; hashlib; json; math; matplotlib; matplotlib.pyplot; numpy; os; pathlib; platform; random; subprocess; sys; time; torch; torch.nn; torch.nn.functional; torch.utils.data; torchvision; torchvision.models,config.json; configuration; configure_runtime; dataset; dataset_rows; weights_only; weights_transform; weights_transform.antialias; weights_transform.crop_size; weights_transform.interpolation; weights_transform.mean; weights_transform.resize_size,,依正式輸出與/或 launcher/import 關聯判定,方法/實驗結果：ROI 與 RAD-DINO 蒸餾,high,"CLI args=""--project-root"", default=str(default_root; ""--manifest"", default=str(cache_root / ""roi_manifest.csv""; ""--teacher-cache"", default=str(cache_root / ""teacher_features.pt"";  ""--output-dir"", default=str( default_root / ""outputs"" / ""raddino_convnext_tiny_experiment_seed42"" / ""phase1_distillation"" ; ""--epochs"", type=int, default=30; ""--batch-size"", default=""auto"""
src/train_convnext_tiny_phase1_patch_distillation.py,source_code,Phase 1 patch feature distillation：ConvNeXt-Tiny final map 對齊 RAD-DINO 7x7 patch map。,formal,utc_now; sha256_file; state_dict_sha256; read_csv; replace_with_retry; atomic_write_text; atomic_write_json; atomic_write_csv; atomic_save_checkpoint; atomic_save_figure; parse_bool; set_seed; seed_worker; rng_state; restore_rng_state; environment_info; configure_runtime; validate_manifest; validate_teacher_cache; make_loader; pretrained_weight_info; extract_teacher; patch_alignment; gradient_status; make_optimizer; make_scaler; training_config; protected_paths; hash_paths; compare_hashes; create_output_tree; augmentation_preview; initialization_audit; pass_batch; smoke_test,PIL; __future__; argparse; collections; csv; datetime; hashlib; io; json; math; matplotlib; matplotlib.pyplot; numpy; os; pathlib; platform; random; sys; time; torch; torch.nn; torch.nn.functional; torch.utils.data; torchvision; torchvision.models,config.json; config_path; configure_runtime; dataset; weights.url; weights_enum; weights_only,,依正式輸出與/或 launcher/import 關聯判定,方法/實驗結果：ROI 與 RAD-DINO 蒸餾,high,"CLI args=""--project-root"", type=Path, default=root;  ""--manifest"", type=Path, default=root / ""outputs"" / ""raddino_feature_cache"" / ""balanced_945_seed42"" / ""roi_manifest.csv"", ;  ""--teacher-cache"", type=Path, default=root / ""outputs"" / ""raddino_convnext_tiny_patch_experiment_seed42"" / ""phase0_patch_teacher_cache"" / ""teacher_patch_features_7x7.pt"", ;  ""--output-dir"", type=Path, default=root / ""outputs"" / ""raddino_convnext_tiny_patch_experiment_seed42"" / ""phase1_patch_distillation"", ; ""--epochs"", type=int, default=100; ""--minimum-epochs"", type=int, default=60"
src/train_full_image_224_multilabel_patch_transfer.py,source_code,以 ROI Patch Proposed ConvNeXt-Tiny 初始化 full-image 五類多標籤模型並 fine-tune。,formal,utc_now; sha256_file; replace_atomic; atomic_write_text; atomic_write_json; atomic_write_csv; atomic_save_checkpoint; atomic_save_figure; set_seed; seed_worker; initialize_from_roi_export; read_manifest; dataset_integrity; make_loader; shutdown_loader; build_optimizer; compute_threshold_free; evaluate; train_epoch; select_thresholds; threshold_metrics; environment_info; checkpoint_payload; plot_training; plot_test_results; run_smoke_test; parse_args; resolve_args; main,PIL; __future__; argparse; csv; datetime; hashlib; infer_patch_proposed_single_roi; json; math; matplotlib; matplotlib.pyplot; numpy; os; pathlib; platform; random; sklearn; sklearn.metrics; sys; time; torch; torch.utils.data; torchvision; torchvision.models; torchvision.transforms,config.json; data\\raw\\images; dataset; dataset_audit; dataset_integrity; dataset_integrity_audit.json; weights_only,,依正式輸出與/或 launcher/import 關聯判定,方法/系統實作：Full-image 多標籤與 Demo,high,"CLI args=""--project-root"", type=Path, required=True; ""--initialization-checkpoint"", type=Path, required=True; ""--train-manifest"", type=Path, required=True; ""--val-manifest"", type=Path, required=True; ""--test-manifest"", type=Path, required=True; ""--output-dir"", type=Path, required=True"
src/train_phase2_convnext_tiny_finetune.py,source_code,ROI 五類單標籤 Phase 2 fine-tuning；支援 ImageNet、CLS distilled、Patch distilled 初始化。,formal,utc_now; sha256_file; read_csv; parse_bool; replace_with_retry; atomic_write_text; atomic_write_json; atomic_write_csv; set_seed; seed_worker; random_states; restore_random_states; environment_info; imagenet_weights_audit; configure_runtime; resolve_device; make_loader; build_optimizer; build_scaler; validate_manifests; locked_config; validate_locked_runtime; ensure_locked_config; resolve_locked_batch; build_fairness_audit; create_output_directories; output_is_nonempty; log_message; create_augmentation_preview; class_metrics; finite_gradients; auto_probe_batch_size; run_smoke; checkpoint_payload; atomic_save_checkpoint,PIL; __future__; argparse; collections; csv; datetime; hashlib; json; math; matplotlib; matplotlib.pyplot; numpy; os; pathlib; platform; random; subprocess; sys; time; torch; torch.nn; torch.utils.data; torchvision; torchvision.models; torchvision.transforms,config.; config.json; config.parent; config.read_bytes; config_byte_identical; config_path; config_path.is_file; config_path.parents; config_path.read_text; config_sha256; configure_runtime; data_keys,,依正式輸出與/或 launcher/import 關聯判定,方法/實驗結果：ROI 與 RAD-DINO 蒸餾,high,"CLI args=""--project-root"", type=Path, default=default_root; ""--initialization"", choices=(""distilled"", ""patch_distilled"", ""imagenet""; ""--train-manifest"", type=Path, default=split_root / ""train_roi_manifest.csv""; ""--val-manifest"", type=Path, default=split_root / ""val_roi_manifest.csv""; ""--test-manifest"", type=Path, default=split_root / ""test_roi_manifest.csv""; ""--shared-protocol"", type=Path, default=split_root / ""shared_training_protocol.json"""
src/training/create_roi_grouped_split.py,source_code,早期/輔助 ROI grouped split；正式 phase2 使用 src/create_phase2_grouped_split.py。,formal_or_supporting,read_csv_rows; stable_hash; source_labels; targets; class_targets; assign_splits; write_split_manifests; audit; write_version; main,__future__; collections; common; csv; datetime; hashlib; json; pathlib; sys; typing,data_dir; dataset_name; dataset_version; dataset_version_roi_224_master_v1.json,,依正式輸出與/或 launcher/import 關聯判定,方法/實驗結果：ROI 與 RAD-DINO 蒸餾,high,
tools/cleanup_project3_for_submission.py,misc,未人工深讀的一般文字/config 檔,unknown,parse_args; project_root; now_slug; normalize_rel; rel_path; rel_str; is_relative_to; is_under_any; is_protected; is_formal_output; should_skip_dir; sha256_file; file_size; dir_size; snapshot; iter_project_files; iter_project_dirs; read_json; action_for_path; collect_cache_candidates; session_sort_key; collect_demo_sessions; collect_smoke_audits; matches_backup_pattern; collect_backup_files; collect_duplicate_files; collect_old_logs; collect_empty_dirs; collect_manual_reviews; dedupe_actions; build_plan; find_sha_in_dirs; count_raw_images; count_annotation_files; paths_exist,__future__; argparse; ast; csv; dataclasses; datetime; fnmatch; hashlib; json; os; pathlib; shutil; sys; typing,data.is_dir; data.rglob; data/final; data/metadata; data/processed/bbox_crops; data/processed/bbox_crops_224; data/processed/bbox_overlay; data/raw; dataclass; dataclasses; docs/project_cleanup_audit; outputs/full_image_224_multilabel_seed42,outputs/full_image_224_multilabel_seed42; outputs/full_image_224_multilabel_seed42/phase0_dataset/test_manifest.csv; outputs/full_image_224_multilabel_seed42/phase0_dataset/train_manifest.csv; outputs/full_image_224_multilabel_seed42/phase0_dataset/val_manifest.csv; outputs/full_image_224_multilabel_seed42/phase2_patch_transfer/; outputs/full_image_224_multilabel_seed42/phase2_patch_transfer/checkpoints/; outputs/full_image_multilabel_gradio_demo; outputs/full_image_multilabel_gradio_demo/sessions; outputs/raddino_convnext_tiny_patch_experiment_seed42; outputs/raddino_convnext_tiny_three_model_comparison_seed42,僅盤點,,low,"CLI args=""--apply"", action=""store_true"", help=""perform the planned cleanup"";  ""--audit-only"", action=""store_true"", help=""audit without writing, moving, or deleting files (default"
