file,line,match,text,in_quarantine
C:\Users\09688\thoracic-cxr-project-3\README.md,5,C:[\\/]Users[\\/]09688[\\/]thoracic-cxr-project(?!-3)(?:[\\/]|\b),"This project treats `C:\Users\09688\thoracic-cxr-yolo-project` and `C:\Users\09688\thoracic-cxr-project` as read-only sources. It copies annotation CSVs and raw full images into this project, then audits BBox alignment before producing ROI crops.",False
C:\Users\09688\thoracic-cxr-project-3\README.md,25,C:[\\/]Users[\\/]09688[\\/]thoracic-cxr-yolo-project(?:[\\/]|\b),- `C:\Users\09688\thoracic-cxr-yolo-project`,False
C:\Users\09688\thoracic-cxr-project-3\README.md,26,C:[\\/]Users[\\/]09688[\\/]thoracic-cxr-project(?!-3)(?:[\\/]|\b),- `C:\Users\09688\thoracic-cxr-project`,False
C:\Users\09688\thoracic-cxr-project-3\README.md,30,C:[\\/]Users[\\/]09688[\\/]thoracic-cxr-yolo-project(?:[\\/]|\b),- `C:\Users\09688\thoracic-cxr-yolo-project\data\splits\five_class_train_annotations.csv`,False
C:\Users\09688\thoracic-cxr-project-3\README.md,31,C:[\\/]Users[\\/]09688[\\/]thoracic-cxr-yolo-project(?:[\\/]|\b),- `C:\Users\09688\thoracic-cxr-yolo-project\data\splits\five_class_val_annotations.csv`,False
C:\Users\09688\thoracic-cxr-project-3\README.md,32,C:[\\/]Users[\\/]09688[\\/]thoracic-cxr-yolo-project(?:[\\/]|\b),- `C:\Users\09688\thoracic-cxr-yolo-project\data\splits\five_class_test_annotations.csv`,False
C:\Users\09688\thoracic-cxr-project-3\README.md,36,C:[\\/]Users[\\/]09688[\\/]thoracic-cxr-project(?!-3)(?:[\\/]|\b),"1. `C:\Users\09688\thoracic-cxr-project\data\raw\dicom_files` - exists, 3320 indexed files",False
C:\Users\09688\thoracic-cxr-project-3\README.md,37,C:[\\/]Users[\\/]09688[\\/]thoracic-cxr-project(?!-3)(?:[\\/]|\b),"2. `C:\Users\09688\thoracic-cxr-project\data\raw\train` - missing, 0 indexed files",False
C:\Users\09688\thoracic-cxr-project-3\README.md,38,C:[\\/]Users[\\/]09688[\\/]thoracic-cxr-project(?!-3)(?:[\\/]|\b),"3. `C:\Users\09688\thoracic-cxr-project\vindr_project\dicom_files` - missing, 0 indexed files",False
C:\Users\09688\thoracic-cxr-project-3\README.md,39,C:[\\/]Users[\\/]09688[\\/]thoracic-cxr-yolo-project(?:[\\/]|\b),"4. `C:\Users\09688\thoracic-cxr-yolo-project\data\raw` - exists, 0 indexed files",False
C:\Users\09688\thoracic-cxr-project-3\config\paths.yaml,2,C:[\\/]Users[\\/]09688[\\/]thoracic-cxr-yolo-project(?:[\\/]|\b),yolo_project_root: C:\Users\09688\thoracic-cxr-yolo-project,False
C:\Users\09688\thoracic-cxr-project-3\config\paths.yaml,3,C:[\\/]Users[\\/]09688[\\/]thoracic-cxr-project(?!-3)(?:[\\/]|\b),legacy_image_project_root: C:\Users\09688\thoracic-cxr-project,False
C:\Users\09688\thoracic-cxr-project-3\config\paths.yaml,5,C:[\\/]Users[\\/]09688[\\/]thoracic-cxr-yolo-project(?:[\\/]|\b),  train: C:\Users\09688\thoracic-cxr-yolo-project\data\splits\five_class_train_annotations.csv,False
C:\Users\09688\thoracic-cxr-project-3\config\paths.yaml,6,C:[\\/]Users[\\/]09688[\\/]thoracic-cxr-yolo-project(?:[\\/]|\b),  val: C:\Users\09688\thoracic-cxr-yolo-project\data\splits\five_class_val_annotations.csv,False
C:\Users\09688\thoracic-cxr-project-3\config\paths.yaml,7,C:[\\/]Users[\\/]09688[\\/]thoracic-cxr-yolo-project(?:[\\/]|\b),  test: C:\Users\09688\thoracic-cxr-yolo-project\data\splits\five_class_test_annotations.csv,False
C:\Users\09688\thoracic-cxr-project-3\config\paths.yaml,9,C:[\\/]Users[\\/]09688[\\/]thoracic-cxr-project(?!-3)(?:[\\/]|\b),  - C:\Users\09688\thoracic-cxr-project\data\raw\dicom_files,False
C:\Users\09688\thoracic-cxr-project-3\config\paths.yaml,10,C:[\\/]Users[\\/]09688[\\/]thoracic-cxr-project(?!-3)(?:[\\/]|\b),  - C:\Users\09688\thoracic-cxr-project\data\raw\train,False
C:\Users\09688\thoracic-cxr-project-3\config\paths.yaml,11,C:[\\/]Users[\\/]09688[\\/]thoracic-cxr-project(?!-3)(?:[\\/]|\b),  - C:\Users\09688\thoracic-cxr-project\vindr_project\dicom_files,False
C:\Users\09688\thoracic-cxr-project-3\config\paths.yaml,12,C:[\\/]Users[\\/]09688[\\/]thoracic-cxr-yolo-project(?:[\\/]|\b),  - C:\Users\09688\thoracic-cxr-yolo-project\data\raw,False
C:\Users\09688\thoracic-cxr-project-3\data\metadata\image_manifest.csv,2,C:[\\/]Users[\\/]09688[\\/]thoracic-cxr-project(?!-3)(?:[\\/]|\b),"0007d316f756b3fa0baea2ff514ce945,C:\Users\09688\thoracic-cxr-project\data\raw\dicom_files\0007d316f756b3fa0baea2ff514ce945.dicom,C:\Users\09688\thoracic-cxr-project-3\data\raw\images\0007d316f756b3fa0baea2ff514ce945.png,.dicom,2304,2880,formal_subset_promoted,",False
C:\Users\09688\thoracic-cxr-project-3\data\metadata\image_manifest.csv,3,C:[\\/]Users[\\/]09688[\\/]thoracic-cxr-project(?!-3)(?:[\\/]|\b),"00bcb82818ea83d6a86df241762cd7d0,C:\Users\09688\thoracic-cxr-project\data\raw\dicom_files\00bcb82818ea83d6a86df241762cd7d0.dicom,C:\Users\09688\thoracic-cxr-project-3\data\raw\images\00bcb82818ea83d6a86df241762cd7d0.png,.dicom,2048,2500,formal_subset_promoted,",False
C:\Users\09688\thoracic-cxr-project-3\data\metadata\image_manifest.csv,4,C:[\\/]Users[\\/]09688[\\/]thoracic-cxr-project(?!-3)(?:[\\/]|\b),"0108949daa13dc94634a7d650a05c0bb,C:\Users\09688\thoracic-cxr-project\data\raw\dicom_files\0108949daa13dc94634a7d650a05c0bb.dicom,C:\Users\09688\thoracic-cxr-project-3\data\raw\images\0108949daa13dc94634a7d650a05c0bb.png,.dicom,2304,2880,formal_subset_promoted,",False
C:\Users\09688\thoracic-cxr-project-3\data\metadata\image_manifest.csv,5,C:[\\/]Users[\\/]09688[\\/]thoracic-cxr-project(?!-3)(?:[\\/]|\b),"010a3dbb67bc37800a041866844861b1,C:\Users\09688\thoracic-cxr-project\data\raw\dicom_files\010a3dbb67bc37800a041866844861b1.dicom,C:\Users\09688\thoracic-cxr-project-3\data\raw\images\010a3dbb67bc37800a041866844861b1.png,.dicom,2540,3072,formal_subset_promoted,",False
C:\Users\09688\thoracic-cxr-project-3\data\metadata\image_manifest.csv,6,C:[\\/]Users[\\/]09688[\\/]thoracic-cxr-project(?!-3)(?:[\\/]|\b),"011ae9520e81f1efe71c9d954ec07d09,C:\Users\09688\thoracic-cxr-project\data\raw\dicom_files\011ae9520e81f1efe71c9d954ec07d09.dicom,C:\Users\09688\thoracic-cxr-project-3\data\raw\images\011ae9520e81f1efe71c9d954ec07d09.png,.dicom,3072,3072,formal_subset_promoted,",False
C:\Users\09688\thoracic-cxr-project-3\data\metadata\image_manifest.csv,7,C:[\\/]Users[\\/]09688[\\/]thoracic-cxr-project(?!-3)(?:[\\/]|\b),"01546d3e6175ceaabd7d92f0c566579d,C:\Users\09688\thoracic-cxr-project\data\raw\dicom_files\01546d3e6175ceaabd7d92f0c566579d.dicom,C:\Users\09688\thoracic-cxr-project-3\data\raw\images\01546d3e6175ceaabd7d92f0c566579d.png,.dicom,2733,3171,formal_subset_promoted,",False
C:\Users\09688\thoracic-cxr-project-3\data\metadata\image_manifest.csv,8,C:[\\/]Users[\\/]09688[\\/]thoracic-cxr-project(?!-3)(?:[\\/]|\b),"01a3c3d994d85ce5634d2d13c03fd4b0,C:\Users\09688\thoracic-cxr-project\data\raw\dicom_files\01a3c3d994d85ce5634d2d13c03fd4b0.dicom,C:\Users\09688\thoracic-cxr-project-3\data\raw\images\01a3c3d994d85ce5634d2d13c03fd4b0.png,.dicom,3072,3072,formal_subset_promoted,",False
C:\Users\09688\thoracic-cxr-project-3\data\metadata\image_manifest.csv,9,C:[\\/]Users[\\/]09688[\\/]thoracic-cxr-project(?!-3)(?:[\\/]|\b),"01c2b9fcb0384c84648ed76c736552a8,C:\Users\09688\thoracic-cxr-project\data\raw\dicom_files\01c2b9fcb0384c84648ed76c736552a8.dicom,C:\Users\09688\thoracic-cxr-project-3\data\raw\images\01c2b9fcb0384c84648ed76c736552a8.png,.dicom,2599,2329,formal_subset_promoted,",False
C:\Users\09688\thoracic-cxr-project-3\data\metadata\image_manifest.csv,10,C:[\\/]Users[\\/]09688[\\/]thoracic-cxr-project(?!-3)(?:[\\/]|\b),"0211f9fe31142ba1e25fb6a2ea3fea38,C:\Users\09688\thoracic-cxr-project\data\raw\dicom_files\0211f9fe31142ba1e25fb6a2ea3fea38.dicom,C:\Users\09688\thoracic-cxr-project-3\data\raw\images\0211f9fe31142ba1e25fb6a2ea3fea38.png,.dicom,2304,2880,formal_subset_promoted,",False
C:\Users\09688\thoracic-cxr-project-3\data\metadata\image_manifest.csv,11,C:[\\/]Users[\\/]09688[\\/]thoracic-cxr-project(?!-3)(?:[\\/]|\b),"028fcc44d3104099480e897541a1ecc3,C:\Users\09688\thoracic-cxr-project\data\raw\dicom_files\028fcc44d3104099480e897541a1ecc3.dicom,C:\Users\09688\thoracic-cxr-project-3\data\raw\images\028fcc44d3104099480e897541a1ecc3.png,.dicom,2721,3302,formal_subset_promoted,",False
C:\Users\09688\thoracic-cxr-project-3\data\metadata\image_manifest.csv,12,C:[\\/]Users[\\/]09688[\\/]thoracic-cxr-project(?!-3)(?:[\\/]|\b),"02cd1d17763c869ff3d4af5e28539456,C:\Users\09688\thoracic-cxr-project\data\raw\dicom_files\02cd1d17763c869ff3d4af5e28539456.dicom,C:\Users\09688\thoracic-cxr-project-3\data\raw\images\02cd1d17763c869ff3d4af5e28539456.png,.dicom,2304,2880,formal_subset_promoted,",False
C:\Users\09688\thoracic-cxr-project-3\data\metadata\image_manifest.csv,13,C:[\\/]Users[\\/]09688[\\/]thoracic-cxr-project(?!-3)(?:[\\/]|\b),"02efc4e2e6e71e024fbfecb404a008a4,C:\Users\09688\thoracic-cxr-project\data\raw\dicom_files\02efc4e2e6e71e024fbfecb404a008a4.dicom,C:\Users\09688\thoracic-cxr-project-3\data\raw\images\02efc4e2e6e71e024fbfecb404a008a4.png,.dicom,2800,3035,formal_subset_promoted,",False
C:\Users\09688\thoracic-cxr-project-3\data\metadata\image_manifest.csv,14,C:[\\/]Users[\\/]09688[\\/]thoracic-cxr-project(?!-3)(?:[\\/]|\b),"0339aac16e3dd93ee397315a224147a6,C:\Users\09688\thoracic-cxr-project\data\raw\dicom_files\0339aac16e3dd93ee397315a224147a6.dicom,C:\Users\09688\thoracic-cxr-project-3\data\raw\images\0339aac16e3dd93ee397315a224147a6.png,.dicom,2825,2725,formal_subset_promoted,",False
C:\Users\09688\thoracic-cxr-project-3\data\metadata\image_manifest.csv,15,C:[\\/]Users[\\/]09688[\\/]thoracic-cxr-project(?!-3)(?:[\\/]|\b),"03431b577d1ccf075e930c4c4913c079,C:\Users\09688\thoracic-cxr-project\data\raw\dicom_files\03431b577d1ccf075e930c4c4913c079.dicom,C:\Users\09688\thoracic-cxr-project-3\data\raw\images\03431b577d1ccf075e930c4c4913c079.png,.dicom,2560,2952,formal_subset_promoted,",False
C:\Users\09688\thoracic-cxr-project-3\data\metadata\image_manifest.csv,16,C:[\\/]Users[\\/]09688[\\/]thoracic-cxr-project(?!-3)(?:[\\/]|\b),"039c6997248b3a6ba3c909af35fce0eb,C:\Users\09688\thoracic-cxr-project\data\raw\dicom_files\039c6997248b3a6ba3c909af35fce0eb.dicom,C:\Users\09688\thoracic-cxr-project-3\data\raw\images\039c6997248b3a6ba3c909af35fce0eb.png,.dicom,1848,2032,formal_subset_promoted,",False
C:\Users\09688\thoracic-cxr-project-3\data\metadata\image_manifest.csv,17,C:[\\/]Users[\\/]09688[\\/]thoracic-cxr-project(?!-3)(?:[\\/]|\b),"03a6078c0c12fb076b50ae017e590e19,C:\Users\09688\thoracic-cxr-project\data\raw\dicom_files\03a6078c0c12fb076b50ae017e590e19.dicom,C:\Users\09688\thoracic-cxr-project-3\data\raw\images\03a6078c0c12fb076b50ae017e590e19.png,.dicom,2304,2880,formal_subset_promoted,",False
C:\Users\09688\thoracic-cxr-project-3\data\metadata\image_manifest.csv,18,C:[\\/]Users[\\/]09688[\\/]thoracic-cxr-project(?!-3)(?:[\\/]|\b),"03cd593a310656563a5aa3886ff30380,C:\Users\09688\thoracic-cxr-project\data\raw\dicom_files\03cd593a310656563a5aa3886ff30380.dicom,C:\Users\09688\thoracic-cxr-project-3\data\raw\images\03cd593a310656563a5aa3886ff30380.png,.dicom,2304,2880,formal_subset_promoted,",False
C:\Users\09688\thoracic-cxr-project-3\data\metadata\image_manifest.csv,19,C:[\\/]Users[\\/]09688[\\/]thoracic-cxr-project(?!-3)(?:[\\/]|\b),"0452d38f45e4e79f91821e88bb812608,C:\Users\09688\thoracic-cxr-project\data\raw\dicom_files\0452d38f45e4e79f91821e88bb812608.dicom,C:\Users\09688\thoracic-cxr-project-3\data\raw\images\0452d38f45e4e79f91821e88bb812608.png,.dicom,2694,2254,formal_subset_promoted,",False
C:\Users\09688\thoracic-cxr-project-3\data\metadata\image_manifest.csv,20,C:[\\/]Users[\\/]09688[\\/]thoracic-cxr-project(?!-3)(?:[\\/]|\b),"0501d62912b9a6ff04eae4ffc56affc2,C:\Users\09688\thoracic-cxr-project\data\raw\dicom_files\0501d62912b9a6ff04eae4ffc56affc2.dicom,C:\Users\09688\thoracic-cxr-project-3\data\raw\images\0501d62912b9a6ff04eae4ffc56affc2.png,.dicom,2304,2880,formal_subset_promoted,",False
C:\Users\09688\thoracic-cxr-project-3\data\metadata\image_manifest.csv,21,C:[\\/]Users[\\/]09688[\\/]thoracic-cxr-project(?!-3)(?:[\\/]|\b),"053700069ddf3c4f1f6c477a48337836,C:\Users\09688\thoracic-cxr-project\data\raw\dicom_files\053700069ddf3c4f1f6c477a48337836.dicom,C:\Users\09688\thoracic-cxr-project-3\data\raw\images\053700069ddf3c4f1f6c477a48337836.png,.dicom,3072,3072,formal_subset_promoted,",False
C:\Users\09688\thoracic-cxr-project-3\data\metadata\image_manifest.csv,22,C:[\\/]Users[\\/]09688[\\/]thoracic-cxr-project(?!-3)(?:[\\/]|\b),"053cf0f0a75926ebd53f0265bad6aee4,C:\Users\09688\thoracic-cxr-project\data\raw\dicom_files\053cf0f0a75926ebd53f0265bad6aee4.dicom,C:\Users\09688\thoracic-cxr-project-3\data\raw\images\053cf0f0a75926ebd53f0265bad6aee4.png,.dicom,2048,2500,formal_subset_promoted,",False
C:\Users\09688\thoracic-cxr-project-3\data\metadata\image_manifest.csv,23,C:[\\/]Users[\\/]09688[\\/]thoracic-cxr-project(?!-3)(?:[\\/]|\b),"05c0c802db4f100de8e2a9fa4aa62d14,C:\Users\09688\thoracic-cxr-project\data\raw\dicom_files\05c0c802db4f100de8e2a9fa4aa62d14.dicom,C:\Users\09688\thoracic-cxr-project-3\data\raw\images\05c0c802db4f100de8e2a9fa4aa62d14.png,.dicom,3072,3072,formal_subset_promoted,",False
C:\Users\09688\thoracic-cxr-project-3\data\metadata\image_manifest.csv,24,C:[\\/]Users[\\/]09688[\\/]thoracic-cxr-project(?!-3)(?:[\\/]|\b),"05e0b2465053b685ca37849eac3dd62f,C:\Users\09688\thoracic-cxr-project\data\raw\dicom_files\05e0b2465053b685ca37849eac3dd62f.dicom,C:\Users\09688\thoracic-cxr-project-3\data\raw\images\05e0b2465053b685ca37849eac3dd62f.png,.dicom,2048,2500,formal_subset_promoted,",False
C:\Users\09688\thoracic-cxr-project-3\data\metadata\image_manifest.csv,25,C:[\\/]Users[\\/]09688[\\/]thoracic-cxr-project(?!-3)(?:[\\/]|\b),"05f4911da872a51502a16e8807ee673f,C:\Users\09688\thoracic-cxr-project\data\raw\dicom_files\05f4911da872a51502a16e8807ee673f.dicom,C:\Users\09688\thoracic-cxr-project-3\data\raw\images\05f4911da872a51502a16e8807ee673f.png,.dicom,2304,2880,formal_subset_promoted,",False
C:\Users\09688\thoracic-cxr-project-3\data\metadata\image_manifest.csv,26,C:[\\/]Users[\\/]09688[\\/]thoracic-cxr-project(?!-3)(?:[\\/]|\b),"070d372757bfbb0cee7d68fd50369fc4,C:\Users\09688\thoracic-cxr-project\data\raw\dicom_files\070d372757bfbb0cee7d68fd50369fc4.dicom,C:\Users\09688\thoracic-cxr-project-3\data\raw\images\070d372757bfbb0cee7d68fd50369fc4.png,.dicom,2304,2880,formal_subset_promoted,",False
C:\Users\09688\thoracic-cxr-project-3\data\metadata\image_manifest.csv,27,C:[\\/]Users[\\/]09688[\\/]thoracic-cxr-project(?!-3)(?:[\\/]|\b),"0777120fdd60f6a3cf8eaf3b8cf3585a,C:\Users\09688\thoracic-cxr-project\data\raw\dicom_files\0777120fdd60f6a3cf8eaf3b8cf3585a.dicom,C:\Users\09688\thoracic-cxr-project-3\data\raw\images\0777120fdd60f6a3cf8eaf3b8cf3585a.png,.dicom,2415,2716,formal_subset_promoted,",False
C:\Users\09688\thoracic-cxr-project-3\data\metadata\image_manifest.csv,28,C:[\\/]Users[\\/]09688[\\/]thoracic-cxr-project(?!-3)(?:[\\/]|\b),"077c76dffde69c0b90c28d78ef2ac31e,C:\Users\09688\thoracic-cxr-project\data\raw\dicom_files\077c76dffde69c0b90c28d78ef2ac31e.dicom,C:\Users\09688\thoracic-cxr-project-3\data\raw\images\077c76dffde69c0b90c28d78ef2ac31e.png,.dicom,2358,2521,formal_subset_promoted,",False
C:\Users\09688\thoracic-cxr-project-3\data\metadata\image_manifest.csv,29,C:[\\/]Users[\\/]09688[\\/]thoracic-cxr-project(?!-3)(?:[\\/]|\b),"0797fa5e2725c9b801e6d01cfa9a09da,C:\Users\09688\thoracic-cxr-project\data\raw\dicom_files\0797fa5e2725c9b801e6d01cfa9a09da.dicom,C:\Users\09688\thoracic-cxr-project-3\data\raw\images\0797fa5e2725c9b801e6d01cfa9a09da.png,.dicom,2304,2880,formal_subset_promoted,",False
C:\Users\09688\thoracic-cxr-project-3\data\metadata\image_manifest.csv,30,C:[\\/]Users[\\/]09688[\\/]thoracic-cxr-project(?!-3)(?:[\\/]|\b),"07ab6d47d868962851d22d4d1249593d,C:\Users\09688\thoracic-cxr-project\data\raw\dicom_files\07ab6d47d868962851d22d4d1249593d.dicom,C:\Users\09688\thoracic-cxr-project-3\data\raw\images\07ab6d47d868962851d22d4d1249593d.png,.dicom,2048,2500,formal_subset_promoted,",False
C:\Users\09688\thoracic-cxr-project-3\data\metadata\image_manifest.csv,31,C:[\\/]Users[\\/]09688[\\/]thoracic-cxr-project(?!-3)(?:[\\/]|\b),"08726b7ba2f04a33ff1b878b75498776,C:\Users\09688\thoracic-cxr-project\data\raw\dicom_files\08726b7ba2f04a33ff1b878b75498776.dicom,C:\Users\09688\thoracic-cxr-project-3\data\raw\images\08726b7ba2f04a33ff1b878b75498776.png,.dicom,2304,2880,formal_subset_promoted,",False
C:\Users\09688\thoracic-cxr-project-3\data\metadata\image_manifest.csv,32,C:[\\/]Users[\\/]09688[\\/]thoracic-cxr-project(?!-3)(?:[\\/]|\b),"0905c0dc82fb8fe621c43f53719a55ca,C:\Users\09688\thoracic-cxr-project\data\raw\dicom_files\0905c0dc82fb8fe621c43f53719a55ca.dicom,C:\Users\09688\thoracic-cxr-project-3\data\raw\images\0905c0dc82fb8fe621c43f53719a55ca.png,.dicom,2304,2880,formal_subset_promoted,",False
C:\Users\09688\thoracic-cxr-project-3\data\metadata\image_manifest.csv,33,C:[\\/]Users[\\/]09688[\\/]thoracic-cxr-project(?!-3)(?:[\\/]|\b),"098d7923f09b8f6f163143ad97dacc12,C:\Users\09688\thoracic-cxr-project\data\raw\dicom_files\098d7923f09b8f6f163143ad97dacc12.dicom,C:\Users\09688\thoracic-cxr-project-3\data\raw\images\098d7923f09b8f6f163143ad97dacc12.png,.dicom,3072,3072,formal_subset_promoted,",False
C:\Users\09688\thoracic-cxr-project-3\data\metadata\image_manifest.csv,34,C:[\\/]Users[\\/]09688[\\/]thoracic-cxr-project(?!-3)(?:[\\/]|\b),"09f9a62fceffacc4d062a7fe24a626b8,C:\Users\09688\thoracic-cxr-project\data\raw\dicom_files\09f9a62fceffacc4d062a7fe24a626b8.dicom,C:\Users\09688\thoracic-cxr-project-3\data\raw\images\09f9a62fceffacc4d062a7fe24a626b8.png,.dicom,3046,3408,formal_subset_promoted,",False
C:\Users\09688\thoracic-cxr-project-3\data\metadata\image_manifest.csv,35,C:[\\/]Users[\\/]09688[\\/]thoracic-cxr-project(?!-3)(?:[\\/]|\b),"0a072917005494298d153c01bbd8f689,C:\Users\09688\thoracic-cxr-project\data\raw\dicom_files\0a072917005494298d153c01bbd8f689.dicom,C:\Users\09688\thoracic-cxr-project-3\data\raw\images\0a072917005494298d153c01bbd8f689.png,.dicom,2048,2500,formal_subset_promoted,",False
C:\Users\09688\thoracic-cxr-project-3\data\metadata\image_manifest.csv,36,C:[\\/]Users[\\/]09688[\\/]thoracic-cxr-project(?!-3)(?:[\\/]|\b),"0a2d01ecb9e01cf972c1e1d31ccacb98,C:\Users\09688\thoracic-cxr-project\data\raw\dicom_files\0a2d01ecb9e01cf972c1e1d31ccacb98.dicom,C:\Users\09688\thoracic-cxr-project-3\data\raw\images\0a2d01ecb9e01cf972c1e1d31ccacb98.png,.dicom,2304,2880,formal_subset_promoted,",False
C:\Users\09688\thoracic-cxr-project-3\data\metadata\image_manifest.csv,37,C:[\\/]Users[\\/]09688[\\/]thoracic-cxr-project(?!-3)(?:[\\/]|\b),"0a411e44ec67f3d5d80a5b3d5a3edca3,C:\Users\09688\thoracic-cxr-project\data\raw\dicom_files\0a411e44ec67f3d5d80a5b3d5a3edca3.dicom,C:\Users\09688\thoracic-cxr-project-3\data\raw\images\0a411e44ec67f3d5d80a5b3d5a3edca3.png,.dicom,2752,2852,formal_subset_promoted,",False
C:\Users\09688\thoracic-cxr-project-3\data\metadata\image_manifest.csv,38,C:[\\/]Users[\\/]09688[\\/]thoracic-cxr-project(?!-3)(?:[\\/]|\b),"0b22826cc68b8d3177c5be2f4e1ae720,C:\Users\09688\thoracic-cxr-project\data\raw\dicom_files\0b22826cc68b8d3177c5be2f4e1ae720.dicom,C:\Users\09688\thoracic-cxr-project-3\data\raw\images\0b22826cc68b8d3177c5be2f4e1ae720.png,.dicom,2736,3248,formal_subset_promoted,",False
C:\Users\09688\thoracic-cxr-project-3\data\metadata\image_manifest.csv,39,C:[\\/]Users[\\/]09688[\\/]thoracic-cxr-project(?!-3)(?:[\\/]|\b),"0c0e47b7e0ebd10209a81d01e3c889a6,C:\Users\09688\thoracic-cxr-project\data\raw\dicom_files\0c0e47b7e0ebd10209a81d01e3c889a6.dicom,C:\Users\09688\thoracic-cxr-project-3\data\raw\images\0c0e47b7e0ebd10209a81d01e3c889a6.png,.dicom,3072,3072,formal_subset_promoted,",False
C:\Users\09688\thoracic-cxr-project-3\data\metadata\image_manifest.csv,40,C:[\\/]Users[\\/]09688[\\/]thoracic-cxr-project(?!-3)(?:[\\/]|\b),"0c11bc2eb3de5bd737ae186aea0d0306,C:\Users\09688\thoracic-cxr-project\data\raw\dicom_files\0c11bc2eb3de5bd737ae186aea0d0306.dicom,C:\Users\09688\thoracic-cxr-project-3\data\raw\images\0c11bc2eb3de5bd737ae186aea0d0306.png,.dicom,2304,2880,formal_subset_promoted,",False
C:\Users\09688\thoracic-cxr-project-3\data\metadata\image_manifest.csv,41,C:[\\/]Users[\\/]09688[\\/]thoracic-cxr-project(?!-3)(?:[\\/]|\b),"0c2079e62ddfb06a8a5300cefaa3a970,C:\Users\09688\thoracic-cxr-project\data\raw\dicom_files\0c2079e62ddfb06a8a5300cefaa3a970.dicom,C:\Users\09688\thoracic-cxr-project-3\data\raw\images\0c2079e62ddfb06a8a5300cefaa3a970.png,.dicom,2048,2500,formal_subset_promoted,",False
C:\Users\09688\thoracic-cxr-project-3\data\metadata\image_manifest.csv,42,C:[\\/]Users[\\/]09688[\\/]thoracic-cxr-project(?!-3)(?:[\\/]|\b),"0c25b330d5b20498108b343c644f2a1c,C:\Users\09688\thoracic-cxr-project\data\raw\dicom_files\0c25b330d5b20498108b343c644f2a1c.dicom,C:\Users\09688\thoracic-cxr-project-3\data\raw\images\0c25b330d5b20498108b343c644f2a1c.png,.dicom,2304,2880,formal_subset_promoted,",False
C:\Users\09688\thoracic-cxr-project-3\data\metadata\image_manifest.csv,43,C:[\\/]Users[\\/]09688[\\/]thoracic-cxr-project(?!-3)(?:[\\/]|\b),"0c31081e8ada2990bcbef0f12ea60b07,C:\Users\09688\thoracic-cxr-project\data\raw\dicom_files\0c31081e8ada2990bcbef0f12ea60b07.dicom,C:\Users\09688\thoracic-cxr-project-3\data\raw\images\0c31081e8ada2990bcbef0f12ea60b07.png,.dicom,1856,2160,formal_subset_promoted,",False
C:\Users\09688\thoracic-cxr-project-3\data\metadata\image_manifest.csv,44,C:[\\/]Users[\\/]09688[\\/]thoracic-cxr-project(?!-3)(?:[\\/]|\b),"0c577dc6594dab44ebbd6964de673eaa,C:\Users\09688\thoracic-cxr-project\data\raw\dicom_files\0c577dc6594dab44ebbd6964de673eaa.dicom,C:\Users\09688\thoracic-cxr-project-3\data\raw\images\0c577dc6594dab44ebbd6964de673eaa.png,.dicom,3072,3072,formal_subset_promoted,",False
C:\Users\09688\thoracic-cxr-project-3\data\metadata\image_manifest.csv,45,C:[\\/]Users[\\/]09688[\\/]thoracic-cxr-project(?!-3)(?:[\\/]|\b),"0c6a7e3c733bd4f4d89443ca16615fc6,C:\Users\09688\thoracic-cxr-project\data\raw\dicom_files\0c6a7e3c733bd4f4d89443ca16615fc6.dicom,C:\Users\09688\thoracic-cxr-project-3\data\raw\images\0c6a7e3c733bd4f4d89443ca16615fc6.png,.dicom,2897,3404,formal_subset_promoted,",False
C:\Users\09688\thoracic-cxr-project-3\data\metadata\image_manifest.csv,46,C:[\\/]Users[\\/]09688[\\/]thoracic-cxr-project(?!-3)(?:[\\/]|\b),"0c76c19b3f015e0387dd2adcbef86182,C:\Users\09688\thoracic-cxr-project\data\raw\dicom_files\0c76c19b3f015e0387dd2adcbef86182.dicom,C:\Users\09688\thoracic-cxr-project-3\data\raw\images\0c76c19b3f015e0387dd2adcbef86182.png,.dicom,2316,3072,formal_subset_promoted,",False
C:\Users\09688\thoracic-cxr-project-3\data\metadata\image_manifest.csv,47,C:[\\/]Users[\\/]09688[\\/]thoracic-cxr-project(?!-3)(?:[\\/]|\b),"0c7d2e66dd63fca8b98c38146ba96f6c,C:\Users\09688\thoracic-cxr-project\data\raw\dicom_files\0c7d2e66dd63fca8b98c38146ba96f6c.dicom,C:\Users\09688\thoracic-cxr-project-3\data\raw\images\0c7d2e66dd63fca8b98c38146ba96f6c.png,.dicom,2304,2880,formal_subset_promoted,",False
C:\Users\09688\thoracic-cxr-project-3\data\metadata\image_manifest.csv,48,C:[\\/]Users[\\/]09688[\\/]thoracic-cxr-project(?!-3)(?:[\\/]|\b),"0ca7c951e2298b9aad37ae0deb4d2a92,C:\Users\09688\thoracic-cxr-project\data\raw\dicom_files\0ca7c951e2298b9aad37ae0deb4d2a92.dicom,C:\Users\09688\thoracic-cxr-project-3\data\raw\images\0ca7c951e2298b9aad37ae0deb4d2a92.png,.dicom,2728,2602,formal_subset_promoted,",False
C:\Users\09688\thoracic-cxr-project-3\data\metadata\image_manifest.csv,49,C:[\\/]Users[\\/]09688[\\/]thoracic-cxr-project(?!-3)(?:[\\/]|\b),"0d03df2e9ed557d0c9edcec777056c1f,C:\Users\09688\thoracic-cxr-project\data\raw\dicom_files\0d03df2e9ed557d0c9edcec777056c1f.dicom,C:\Users\09688\thoracic-cxr-project-3\data\raw\images\0d03df2e9ed557d0c9edcec777056c1f.png,.dicom,2540,3072,formal_subset_promoted,",False
C:\Users\09688\thoracic-cxr-project-3\data\metadata\image_manifest.csv,50,C:[\\/]Users[\\/]09688[\\/]thoracic-cxr-project(?!-3)(?:[\\/]|\b),"0dbdb924a9140849abd4ff650c5356da,C:\Users\09688\thoracic-cxr-project\data\raw\dicom_files\0dbdb924a9140849abd4ff650c5356da.dicom,C:\Users\09688\thoracic-cxr-project-3\data\raw\images\0dbdb924a9140849abd4ff650c5356da.png,.dicom,2420,2764,formal_subset_promoted,",False
C:\Users\09688\thoracic-cxr-project-3\data\metadata\image_manifest.csv,51,C:[\\/]Users[\\/]09688[\\/]thoracic-cxr-project(?!-3)(?:[\\/]|\b),"0dc30d30a14a6a68c9bec20ee32331c2,C:\Users\09688\thoracic-cxr-project\data\raw\dicom_files\0dc30d30a14a6a68c9bec20ee32331c2.dicom,C:\Users\09688\thoracic-cxr-project-3\data\raw\images\0dc30d30a14a6a68c9bec20ee32331c2.png,.dicom,2388,2836,formal_subset_promoted,",False
C:\Users\09688\thoracic-cxr-project-3\data\metadata\image_manifest.csv,52,C:[\\/]Users[\\/]09688[\\/]thoracic-cxr-project(?!-3)(?:[\\/]|\b),"0e6da52d629393b3bcf24d8e99c1ea3f,C:\Users\09688\thoracic-cxr-project\data\raw\dicom_files\0e6da52d629393b3bcf24d8e99c1ea3f.dicom,C:\Users\09688\thoracic-cxr-project-3\data\raw\images\0e6da52d629393b3bcf24d8e99c1ea3f.png,.dicom,2540,3072,formal_subset_promoted,",False
C:\Users\09688\thoracic-cxr-project-3\data\metadata\image_manifest.csv,53,C:[\\/]Users[\\/]09688[\\/]thoracic-cxr-project(?!-3)(?:[\\/]|\b),"0e8291c45a5ef61d2d9ecfcf3224899d,C:\Users\09688\thoracic-cxr-project\data\raw\dicom_files\0e8291c45a5ef61d2d9ecfcf3224899d.dicom,C:\Users\09688\thoracic-cxr-project-3\data\raw\images\0e8291c45a5ef61d2d9ecfcf3224899d.png,.dicom,2304,2880,formal_subset_promoted,",False
C:\Users\09688\thoracic-cxr-project-3\data\metadata\image_manifest.csv,54,C:[\\/]Users[\\/]09688[\\/]thoracic-cxr-project(?!-3)(?:[\\/]|\b),"0e8b19dc3af06aaed4718cd664a896bf,C:\Users\09688\thoracic-cxr-project\data\raw\dicom_files\0e8b19dc3af06aaed4718cd664a896bf.dicom,C:\Users\09688\thoracic-cxr-project-3\data\raw\images\0e8b19dc3af06aaed4718cd664a896bf.png,.dicom,2405,2716,formal_subset_promoted,",False
C:\Users\09688\thoracic-cxr-project-3\data\metadata\image_manifest.csv,55,C:[\\/]Users[\\/]09688[\\/]thoracic-cxr-project(?!-3)(?:[\\/]|\b),"0ee6114a53757f4531d42e8b19b4751c,C:\Users\09688\thoracic-cxr-project\data\raw\dicom_files\0ee6114a53757f4531d42e8b19b4751c.dicom,C:\Users\09688\thoracic-cxr-project-3\data\raw\images\0ee6114a53757f4531d42e8b19b4751c.png,.dicom,2651,2458,formal_subset_promoted,",False
C:\Users\09688\thoracic-cxr-project-3\data\metadata\image_manifest.csv,56,C:[\\/]Users[\\/]09688[\\/]thoracic-cxr-project(?!-3)(?:[\\/]|\b),"0f186e3eba8d9ebd51feed957204ddbf,C:\Users\09688\thoracic-cxr-project\data\raw\dicom_files\0f186e3eba8d9ebd51feed957204ddbf.dicom,C:\Users\09688\thoracic-cxr-project-3\data\raw\images\0f186e3eba8d9ebd51feed957204ddbf.png,.dicom,3072,3072,formal_subset_promoted,",False
C:\Users\09688\thoracic-cxr-project-3\data\metadata\image_manifest.csv,57,C:[\\/]Users[\\/]09688[\\/]thoracic-cxr-project(?!-3)(?:[\\/]|\b),"0f26e889539ff64afd23927ee40436b8,C:\Users\09688\thoracic-cxr-project\data\raw\dicom_files\0f26e889539ff64afd23927ee40436b8.dicom,C:\Users\09688\thoracic-cxr-project-3\data\raw\images\0f26e889539ff64afd23927ee40436b8.png,.dicom,3072,3072,formal_subset_promoted,",False
C:\Users\09688\thoracic-cxr-project-3\data\metadata\image_manifest.csv,58,C:[\\/]Users[\\/]09688[\\/]thoracic-cxr-project(?!-3)(?:[\\/]|\b),"0f5f23a027345ba0f0a63f1eca460b0c,C:\Users\09688\thoracic-cxr-project\data\raw\dicom_files\0f5f23a027345ba0f0a63f1eca460b0c.dicom,C:\Users\09688\thoracic-cxr-project-3\data\raw\images\0f5f23a027345ba0f0a63f1eca460b0c.png,.dicom,2112,2440,formal_subset_promoted,",False
C:\Users\09688\thoracic-cxr-project-3\data\metadata\image_manifest.csv,59,C:[\\/]Users[\\/]09688[\\/]thoracic-cxr-project(?!-3)(?:[\\/]|\b),"0f76d35a022a7188cad9a83e283fdc8f,C:\Users\09688\thoracic-cxr-project\data\raw\dicom_files\0f76d35a022a7188cad9a83e283fdc8f.dicom,C:\Users\09688\thoracic-cxr-project-3\data\raw\images\0f76d35a022a7188cad9a83e283fdc8f.png,.dicom,2304,2880,formal_subset_promoted,",False
C:\Users\09688\thoracic-cxr-project-3\data\metadata\image_manifest.csv,60,C:[\\/]Users[\\/]09688[\\/]thoracic-cxr-project(?!-3)(?:[\\/]|\b),"10e7dac260f11046164aa94f2d8add9f,C:\Users\09688\thoracic-cxr-project\data\raw\dicom_files\10e7dac260f11046164aa94f2d8add9f.dicom,C:\Users\09688\thoracic-cxr-project-3\data\raw\images\10e7dac260f11046164aa94f2d8add9f.png,.dicom,2571,2920,formal_subset_promoted,",False
C:\Users\09688\thoracic-cxr-project-3\data\metadata\image_manifest.csv,61,C:[\\/]Users[\\/]09688[\\/]thoracic-cxr-project(?!-3)(?:[\\/]|\b),"1138649f25528f0ab76c93ac60279ca3,C:\Users\09688\thoracic-cxr-project\data\raw\dicom_files\1138649f25528f0ab76c93ac60279ca3.dicom,C:\Users\09688\thoracic-cxr-project-3\data\raw\images\1138649f25528f0ab76c93ac60279ca3.png,.dicom,3072,3072,formal_subset_promoted,",False
C:\Users\09688\thoracic-cxr-project-3\data\metadata\image_manifest.csv,62,C:[\\/]Users[\\/]09688[\\/]thoracic-cxr-project(?!-3)(?:[\\/]|\b),"1148a27d6ea1ec7669de022fe2480890,C:\Users\09688\thoracic-cxr-project\data\raw\dicom_files\1148a27d6ea1ec7669de022fe2480890.dicom,C:\Users\09688\thoracic-cxr-project-3\data\raw\images\1148a27d6ea1ec7669de022fe2480890.png,.dicom,2304,2880,formal_subset_promoted,",False
C:\Users\09688\thoracic-cxr-project-3\data\metadata\image_manifest.csv,63,C:[\\/]Users[\\/]09688[\\/]thoracic-cxr-project(?!-3)(?:[\\/]|\b),"11d5cd186965cfe8e615157e492e34bb,C:\Users\09688\thoracic-cxr-project\data\raw\dicom_files\11d5cd186965cfe8e615157e492e34bb.dicom,C:\Users\09688\thoracic-cxr-project-3\data\raw\images\11d5cd186965cfe8e615157e492e34bb.png,.dicom,2304,2880,formal_subset_promoted,",False
C:\Users\09688\thoracic-cxr-project-3\data\metadata\image_manifest.csv,64,C:[\\/]Users[\\/]09688[\\/]thoracic-cxr-project(?!-3)(?:[\\/]|\b),"12268c1ea761140eafee75acabc44fb0,C:\Users\09688\thoracic-cxr-project\data\raw\dicom_files\12268c1ea761140eafee75acabc44fb0.dicom,C:\Users\09688\thoracic-cxr-project-3\data\raw\images\12268c1ea761140eafee75acabc44fb0.png,.dicom,2552,2980,formal_subset_promoted,",False
C:\Users\09688\thoracic-cxr-project-3\data\metadata\image_manifest.csv,65,C:[\\/]Users[\\/]09688[\\/]thoracic-cxr-project(?!-3)(?:[\\/]|\b),"1245f853816564c0ee3f1b9e93521ff0,C:\Users\09688\thoracic-cxr-project\data\raw\dicom_files\1245f853816564c0ee3f1b9e93521ff0.dicom,C:\Users\09688\thoracic-cxr-project-3\data\raw\images\1245f853816564c0ee3f1b9e93521ff0.png,.dicom,2304,2880,formal_subset_promoted,",False
C:\Users\09688\thoracic-cxr-project-3\data\metadata\image_manifest.csv,66,C:[\\/]Users[\\/]09688[\\/]thoracic-cxr-project(?!-3)(?:[\\/]|\b),"1280dc55c1ff852024be232c2942e3fd,C:\Users\09688\thoracic-cxr-project\data\raw\dicom_files\1280dc55c1ff852024be232c2942e3fd.dicom,C:\Users\09688\thoracic-cxr-project-3\data\raw\images\1280dc55c1ff852024be232c2942e3fd.png,.dicom,2978,3009,formal_subset_promoted,",False
C:\Users\09688\thoracic-cxr-project-3\data\metadata\image_manifest.csv,67,C:[\\/]Users[\\/]09688[\\/]thoracic-cxr-project(?!-3)(?:[\\/]|\b),"1283d5ba97663aef3b97ee4f1884e9f9,C:\Users\09688\thoracic-cxr-project\data\raw\dicom_files\1283d5ba97663aef3b97ee4f1884e9f9.dicom,C:\Users\09688\thoracic-cxr-project-3\data\raw\images\1283d5ba97663aef3b97ee4f1884e9f9.png,.dicom,2304,2880,formal_subset_promoted,",False
C:\Users\09688\thoracic-cxr-project-3\data\metadata\image_manifest.csv,68,C:[\\/]Users[\\/]09688[\\/]thoracic-cxr-project(?!-3)(?:[\\/]|\b),"128f55a981d4192a2990946431a7469b,C:\Users\09688\thoracic-cxr-project\data\raw\dicom_files\128f55a981d4192a2990946431a7469b.dicom,C:\Users\09688\thoracic-cxr-project-3\data\raw\images\128f55a981d4192a2990946431a7469b.png,.dicom,2644,3256,formal_subset_promoted,",False
C:\Users\09688\thoracic-cxr-project-3\data\metadata\image_manifest.csv,69,C:[\\/]Users[\\/]09688[\\/]thoracic-cxr-project(?!-3)(?:[\\/]|\b),"12bd4c85000b33c532fb9d57b5f2a08e,C:\Users\09688\thoracic-cxr-project\data\raw\dicom_files\12bd4c85000b33c532fb9d57b5f2a08e.dicom,C:\Users\09688\thoracic-cxr-project-3\data\raw\images\12bd4c85000b33c532fb9d57b5f2a08e.png,.dicom,2540,3072,formal_subset_promoted,",False
C:\Users\09688\thoracic-cxr-project-3\data\metadata\image_manifest.csv,70,C:[\\/]Users[\\/]09688[\\/]thoracic-cxr-project(?!-3)(?:[\\/]|\b),"12e0e910766f2d1b1ccda7c32051643f,C:\Users\09688\thoracic-cxr-project\data\raw\dicom_files\12e0e910766f2d1b1ccda7c32051643f.dicom,C:\Users\09688\thoracic-cxr-project-3\data\raw\images\12e0e910766f2d1b1ccda7c32051643f.png,.dicom,2540,3072,formal_subset_promoted,",False
C:\Users\09688\thoracic-cxr-project-3\data\metadata\image_manifest.csv,71,C:[\\/]Users[\\/]09688[\\/]thoracic-cxr-project(?!-3)(?:[\\/]|\b),"12ede510c82b53705e33fa758ff03131,C:\Users\09688\thoracic-cxr-project\data\raw\dicom_files\12ede510c82b53705e33fa758ff03131.dicom,C:\Users\09688\thoracic-cxr-project-3\data\raw\images\12ede510c82b53705e33fa758ff03131.png,.dicom,2596,2848,formal_subset_promoted,",False
C:\Users\09688\thoracic-cxr-project-3\data\metadata\image_manifest.csv,72,C:[\\/]Users[\\/]09688[\\/]thoracic-cxr-project(?!-3)(?:[\\/]|\b),"13088cbf40717bace59ef0961554c08f,C:\Users\09688\thoracic-cxr-project\data\raw\dicom_files\13088cbf40717bace59ef0961554c08f.dicom,C:\Users\09688\thoracic-cxr-project-3\data\raw\images\13088cbf40717bace59ef0961554c08f.png,.dicom,2876,3043,formal_subset_promoted,",False
C:\Users\09688\thoracic-cxr-project-3\data\metadata\image_manifest.csv,73,C:[\\/]Users[\\/]09688[\\/]thoracic-cxr-project(?!-3)(?:[\\/]|\b),"1374c483d258203eadf6c6a525899d51,C:\Users\09688\thoracic-cxr-project\data\raw\dicom_files\1374c483d258203eadf6c6a525899d51.dicom,C:\Users\09688\thoracic-cxr-project-3\data\raw\images\1374c483d258203eadf6c6a525899d51.png,.dicom,2304,2880,formal_subset_promoted,",False
C:\Users\09688\thoracic-cxr-project-3\data\metadata\image_manifest.csv,74,C:[\\/]Users[\\/]09688[\\/]thoracic-cxr-project(?!-3)(?:[\\/]|\b),"146584f4913fd351785bf9159fd17617,C:\Users\09688\thoracic-cxr-project\data\raw\dicom_files\146584f4913fd351785bf9159fd17617.dicom,C:\Users\09688\thoracic-cxr-project-3\data\raw\images\146584f4913fd351785bf9159fd17617.png,.dicom,3072,3072,formal_subset_promoted,",False
C:\Users\09688\thoracic-cxr-project-3\data\metadata\image_manifest.csv,75,C:[\\/]Users[\\/]09688[\\/]thoracic-cxr-project(?!-3)(?:[\\/]|\b),"14a097373f1e4e57878c3929fd2f3b4e,C:\Users\09688\thoracic-cxr-project\data\raw\dicom_files\14a097373f1e4e57878c3929fd2f3b4e.dicom,C:\Users\09688\thoracic-cxr-project-3\data\raw\images\14a097373f1e4e57878c3929fd2f3b4e.png,.dicom,2848,3044,formal_subset_promoted,",False
C:\Users\09688\thoracic-cxr-project-3\data\metadata\image_manifest.csv,76,C:[\\/]Users[\\/]09688[\\/]thoracic-cxr-project(?!-3)(?:[\\/]|\b),"150d9b226334d9f3471d088307cdc5fd,C:\Users\09688\thoracic-cxr-project\data\raw\dicom_files\150d9b226334d9f3471d088307cdc5fd.dicom,C:\Users\09688\thoracic-cxr-project-3\data\raw\images\150d9b226334d9f3471d088307cdc5fd.png,.dicom,2304,2880,formal_subset_promoted,",False
C:\Users\09688\thoracic-cxr-project-3\data\metadata\image_manifest.csv,77,C:[\\/]Users[\\/]09688[\\/]thoracic-cxr-project(?!-3)(?:[\\/]|\b),"1516651227a420f879b4cea1500ee7db,C:\Users\09688\thoracic-cxr-project\data\raw\dicom_files\1516651227a420f879b4cea1500ee7db.dicom,C:\Users\09688\thoracic-cxr-project-3\data\raw\images\1516651227a420f879b4cea1500ee7db.png,.dicom,2540,3072,formal_subset_promoted,",False
C:\Users\09688\thoracic-cxr-project-3\data\metadata\image_manifest.csv,78,C:[\\/]Users[\\/]09688[\\/]thoracic-cxr-project(?!-3)(?:[\\/]|\b),"151893dad65d5077f5a377fc9d0e6881,C:\Users\09688\thoracic-cxr-project\data\raw\dicom_files\151893dad65d5077f5a377fc9d0e6881.dicom,C:\Users\09688\thoracic-cxr-project-3\data\raw\images\151893dad65d5077f5a377fc9d0e6881.png,.dicom,2304,2880,formal_subset_promoted,",False
C:\Users\09688\thoracic-cxr-project-3\data\metadata\image_manifest.csv,79,C:[\\/]Users[\\/]09688[\\/]thoracic-cxr-project(?!-3)(?:[\\/]|\b),"151aade5871241a6deb39da83b9d2c47,C:\Users\09688\thoracic-cxr-project\data\raw\dicom_files\151aade5871241a6deb39da83b9d2c47.dicom,C:\Users\09688\thoracic-cxr-project-3\data\raw\images\151aade5871241a6deb39da83b9d2c47.png,.dicom,2668,2968,formal_subset_promoted,",False
C:\Users\09688\thoracic-cxr-project-3\data\metadata\image_manifest.csv,80,C:[\\/]Users[\\/]09688[\\/]thoracic-cxr-project(?!-3)(?:[\\/]|\b),"15a71d5f1e9a0221e14cde0e0d1a2ccd,C:\Users\09688\thoracic-cxr-project\data\raw\dicom_files\15a71d5f1e9a0221e14cde0e0d1a2ccd.dicom,C:\Users\09688\thoracic-cxr-project-3\data\raw\images\15a71d5f1e9a0221e14cde0e0d1a2ccd.png,.dicom,2056,2312,formal_subset_promoted,",False
C:\Users\09688\thoracic-cxr-project-3\data\metadata\image_manifest.csv,81,C:[\\/]Users[\\/]09688[\\/]thoracic-cxr-project(?!-3)(?:[\\/]|\b),"163898fbc57f00f58ad27e72031a541f,C:\Users\09688\thoracic-cxr-project\data\raw\dicom_files\163898fbc57f00f58ad27e72031a541f.dicom,C:\Users\09688\thoracic-cxr-project-3\data\raw\images\163898fbc57f00f58ad27e72031a541f.png,.dicom,2048,2500,formal_subset_promoted,",False
C:\Users\09688\thoracic-cxr-project-3\data\metadata\image_manifest.csv,82,C:[\\/]Users[\\/]09688[\\/]thoracic-cxr-project(?!-3)(?:[\\/]|\b),"1691ab3a82040297355b59a34c1e3fa9,C:\Users\09688\thoracic-cxr-project\data\raw\dicom_files\1691ab3a82040297355b59a34c1e3fa9.dicom,C:\Users\09688\thoracic-cxr-project-3\data\raw\images\1691ab3a82040297355b59a34c1e3fa9.png,.dicom,2152,2128,formal_subset_promoted,",False
C:\Users\09688\thoracic-cxr-project-3\data\metadata\image_manifest.csv,83,C:[\\/]Users[\\/]09688[\\/]thoracic-cxr-project(?!-3)(?:[\\/]|\b),"16b02dc3b4e8deb6c1cc686c9ef911dd,C:\Users\09688\thoracic-cxr-project\data\raw\dicom_files\16b02dc3b4e8deb6c1cc686c9ef911dd.dicom,C:\Users\09688\thoracic-cxr-project-3\data\raw\images\16b02dc3b4e8deb6c1cc686c9ef911dd.png,.dicom,2856,3216,formal_subset_promoted,",False
C:\Users\09688\thoracic-cxr-project-3\data\metadata\image_manifest.csv,84,C:[\\/]Users[\\/]09688[\\/]thoracic-cxr-project(?!-3)(?:[\\/]|\b),"16edfb76036ad3b10d9479e16ad7e92a,C:\Users\09688\thoracic-cxr-project\data\raw\dicom_files\16edfb76036ad3b10d9479e16ad7e92a.dicom,C:\Users\09688\thoracic-cxr-project-3\data\raw\images\16edfb76036ad3b10d9479e16ad7e92a.png,.dicom,3072,3072,formal_subset_promoted,",False
C:\Users\09688\thoracic-cxr-project-3\data\metadata\image_manifest.csv,85,C:[\\/]Users[\\/]09688[\\/]thoracic-cxr-project(?!-3)(?:[\\/]|\b),"16f1b7bb98b1a38f6fee5caf9460e4e1,C:\Users\09688\thoracic-cxr-project\data\raw\dicom_files\16f1b7bb98b1a38f6fee5caf9460e4e1.dicom,C:\Users\09688\thoracic-cxr-project-3\data\raw\images\16f1b7bb98b1a38f6fee5caf9460e4e1.png,.dicom,2048,2500,formal_subset_promoted,",False
C:\Users\09688\thoracic-cxr-project-3\data\metadata\image_manifest.csv,86,C:[\\/]Users[\\/]09688[\\/]thoracic-cxr-project(?!-3)(?:[\\/]|\b),"16fbd1b86994c47ddd120cf5d410033e,C:\Users\09688\thoracic-cxr-project\data\raw\dicom_files\16fbd1b86994c47ddd120cf5d410033e.dicom,C:\Users\09688\thoracic-cxr-project-3\data\raw\images\16fbd1b86994c47ddd120cf5d410033e.png,.dicom,2304,2880,formal_subset_promoted,",False
C:\Users\09688\thoracic-cxr-project-3\data\metadata\image_manifest.csv,87,C:[\\/]Users[\\/]09688[\\/]thoracic-cxr-project(?!-3)(?:[\\/]|\b),"1722c7262a821be25de56e351d641993,C:\Users\09688\thoracic-cxr-project\data\raw\dicom_files\1722c7262a821be25de56e351d641993.dicom,C:\Users\09688\thoracic-cxr-project-3\data\raw\images\1722c7262a821be25de56e351d641993.png,.dicom,2304,2880,formal_subset_promoted,",False
C:\Users\09688\thoracic-cxr-project-3\data\metadata\image_manifest.csv,88,C:[\\/]Users[\\/]09688[\\/]thoracic-cxr-project(?!-3)(?:[\\/]|\b),"181a28291c7bc0a6a721a5759c01fd34,C:\Users\09688\thoracic-cxr-project\data\raw\dicom_files\181a28291c7bc0a6a721a5759c01fd34.dicom,C:\Users\09688\thoracic-cxr-project-3\data\raw\images\181a28291c7bc0a6a721a5759c01fd34.png,.dicom,2304,2880,formal_subset_promoted,",False
C:\Users\09688\thoracic-cxr-project-3\data\metadata\image_manifest.csv,89,C:[\\/]Users[\\/]09688[\\/]thoracic-cxr-project(?!-3)(?:[\\/]|\b),"18a5c8860abc63dbef3627d3e5efd951,C:\Users\09688\thoracic-cxr-project\data\raw\dicom_files\18a5c8860abc63dbef3627d3e5efd951.dicom,C:\Users\09688\thoracic-cxr-project-3\data\raw\images\18a5c8860abc63dbef3627d3e5efd951.png,.dicom,2304,2880,formal_subset_promoted,",False
C:\Users\09688\thoracic-cxr-project-3\data\metadata\image_manifest.csv,90,C:[\\/]Users[\\/]09688[\\/]thoracic-cxr-project(?!-3)(?:[\\/]|\b),"1912296cce436028085697480121b4eb,C:\Users\09688\thoracic-cxr-project\data\raw\dicom_files\1912296cce436028085697480121b4eb.dicom,C:\Users\09688\thoracic-cxr-project-3\data\raw\images\1912296cce436028085697480121b4eb.png,.dicom,2304,2880,formal_subset_promoted,",False
C:\Users\09688\thoracic-cxr-project-3\data\metadata\image_manifest.csv,91,C:[\\/]Users[\\/]09688[\\/]thoracic-cxr-project(?!-3)(?:[\\/]|\b),"1915f70378cedb6947df0126db6e8aad,C:\Users\09688\thoracic-cxr-project\data\raw\dicom_files\1915f70378cedb6947df0126db6e8aad.dicom,C:\Users\09688\thoracic-cxr-project-3\data\raw\images\1915f70378cedb6947df0126db6e8aad.png,.dicom,2048,2500,formal_subset_promoted,",False
C:\Users\09688\thoracic-cxr-project-3\data\metadata\image_manifest.csv,92,C:[\\/]Users[\\/]09688[\\/]thoracic-cxr-project(?!-3)(?:[\\/]|\b),"19417bae94986e8c122ae6efd92e3997,C:\Users\09688\thoracic-cxr-project\data\raw\dicom_files\19417bae94986e8c122ae6efd92e3997.dicom,C:\Users\09688\thoracic-cxr-project-3\data\raw\images\19417bae94986e8c122ae6efd92e3997.png,.dicom,2428,2750,formal_subset_promoted,",False
C:\Users\09688\thoracic-cxr-project-3\data\metadata\image_manifest.csv,93,C:[\\/]Users[\\/]09688[\\/]thoracic-cxr-project(?!-3)(?:[\\/]|\b),"1951e0eba7c68aa1fbd6d723f19ee7c4,C:\Users\09688\thoracic-cxr-project\data\raw\dicom_files\1951e0eba7c68aa1fbd6d723f19ee7c4.dicom,C:\Users\09688\thoracic-cxr-project-3\data\raw\images\1951e0eba7c68aa1fbd6d723f19ee7c4.png,.dicom,2304,2880,formal_subset_promoted,",False
C:\Users\09688\thoracic-cxr-project-3\data\metadata\image_manifest.csv,94,C:[\\/]Users[\\/]09688[\\/]thoracic-cxr-project(?!-3)(?:[\\/]|\b),"1a414a1cb6b545c2ee4de4abede481c7,C:\Users\09688\thoracic-cxr-project\data\raw\dicom_files\1a414a1cb6b545c2ee4de4abede481c7.dicom,C:\Users\09688\thoracic-cxr-project-3\data\raw\images\1a414a1cb6b545c2ee4de4abede481c7.png,.dicom,2440,2560,formal_subset_promoted,",False
C:\Users\09688\thoracic-cxr-project-3\data\metadata\image_manifest.csv,95,C:[\\/]Users[\\/]09688[\\/]thoracic-cxr-project(?!-3)(?:[\\/]|\b),"1a4b73e47f99ce15af33427cc16ecc74,C:\Users\09688\thoracic-cxr-project\data\raw\dicom_files\1a4b73e47f99ce15af33427cc16ecc74.dicom,C:\Users\09688\thoracic-cxr-project-3\data\raw\images\1a4b73e47f99ce15af33427cc16ecc74.png,.dicom,2540,3072,formal_subset_promoted,",False
C:\Users\09688\thoracic-cxr-project-3\data\metadata\image_manifest.csv,96,C:[\\/]Users[\\/]09688[\\/]thoracic-cxr-project(?!-3)(?:[\\/]|\b),"1ad1420c6bf26f67e1f0d1140e938efd,C:\Users\09688\thoracic-cxr-project\data\raw\dicom_files\1ad1420c6bf26f67e1f0d1140e938efd.dicom,C:\Users\09688\thoracic-cxr-project-3\data\raw\images\1ad1420c6bf26f67e1f0d1140e938efd.png,.dicom,2540,3072,formal_subset_promoted,",False
C:\Users\09688\thoracic-cxr-project-3\data\metadata\image_manifest.csv,97,C:[\\/]Users[\\/]09688[\\/]thoracic-cxr-project(?!-3)(?:[\\/]|\b),"1b2a7adb5705d9e3f5b63939046d93c7,C:\Users\09688\thoracic-cxr-project\data\raw\dicom_files\1b2a7adb5705d9e3f5b63939046d93c7.dicom,C:\Users\09688\thoracic-cxr-project-3\data\raw\images\1b2a7adb5705d9e3f5b63939046d93c7.png,.dicom,2806,3072,formal_subset_promoted,",False
C:\Users\09688\thoracic-cxr-project-3\data\metadata\image_manifest.csv,98,C:[\\/]Users[\\/]09688[\\/]thoracic-cxr-project(?!-3)(?:[\\/]|\b),"1b420f79b18aeb2c7644d4998d313f37,C:\Users\09688\thoracic-cxr-project\data\raw\dicom_files\1b420f79b18aeb2c7644d4998d313f37.dicom,C:\Users\09688\thoracic-cxr-project-3\data\raw\images\1b420f79b18aeb2c7644d4998d313f37.png,.dicom,2566,3196,formal_subset_promoted,",False
C:\Users\09688\thoracic-cxr-project-3\data\metadata\image_manifest.csv,99,C:[\\/]Users[\\/]09688[\\/]thoracic-cxr-project(?!-3)(?:[\\/]|\b),"1bbd7232924e951e7fa87ffa0f62ec3d,C:\Users\09688\thoracic-cxr-project\data\raw\dicom_files\1bbd7232924e951e7fa87ffa0f62ec3d.dicom,C:\Users\09688\thoracic-cxr-project-3\data\raw\images\1bbd7232924e951e7fa87ffa0f62ec3d.png,.dicom,2353,2349,formal_subset_promoted,",False
C:\Users\09688\thoracic-cxr-project-3\data\metadata\image_manifest.csv,100,C:[\\/]Users[\\/]09688[\\/]thoracic-cxr-project(?!-3)(?:[\\/]|\b),"1be94a4e06067c5ecd66488cad60a087,C:\Users\09688\thoracic-cxr-project\data\raw\dicom_files\1be94a4e06067c5ecd66488cad60a087.dicom,C:\Users\09688\thoracic-cxr-project-3\data\raw\images\1be94a4e06067c5ecd66488cad60a087.png,.dicom,2745,2288,formal_subset_promoted,",False
C:\Users\09688\thoracic-cxr-project-3\data\metadata\image_manifest.csv,101,C:[\\/]Users[\\/]09688[\\/]thoracic-cxr-project(?!-3)(?:[\\/]|\b),"1c2621f624311e2ab55fb909b3b53d19,C:\Users\09688\thoracic-cxr-project\data\raw\dicom_files\1c2621f624311e2ab55fb909b3b53d19.dicom,C:\Users\09688\thoracic-cxr-project-3\data\raw\images\1c2621f624311e2ab55fb909b3b53d19.png,.dicom,2112,2344,formal_subset_promoted,",False
C:\Users\09688\thoracic-cxr-project-3\data\metadata\image_manifest.csv,102,C:[\\/]Users[\\/]09688[\\/]thoracic-cxr-project(?!-3)(?:[\\/]|\b),"1d0b8741c4689494aed1c1859eb891dc,C:\Users\09688\thoracic-cxr-project\data\raw\dicom_files\1d0b8741c4689494aed1c1859eb891dc.dicom,C:\Users\09688\thoracic-cxr-project-3\data\raw\images\1d0b8741c4689494aed1c1859eb891dc.png,.dicom,2846,2861,formal_subset_promoted,",False
C:\Users\09688\thoracic-cxr-project-3\data\metadata\image_manifest.csv,103,C:[\\/]Users[\\/]09688[\\/]thoracic-cxr-project(?!-3)(?:[\\/]|\b),"1d2cef0157f477b7b635a86a85b6f9e4,C:\Users\09688\thoracic-cxr-project\data\raw\dicom_files\1d2cef0157f477b7b635a86a85b6f9e4.dicom,C:\Users\09688\thoracic-cxr-project-3\data\raw\images\1d2cef0157f477b7b635a86a85b6f9e4.png,.dicom,2304,2880,formal_subset_promoted,",False
C:\Users\09688\thoracic-cxr-project-3\data\metadata\image_manifest.csv,104,C:[\\/]Users[\\/]09688[\\/]thoracic-cxr-project(?!-3)(?:[\\/]|\b),"1d378b37e94c96925d6e96d281825519,C:\Users\09688\thoracic-cxr-project\data\raw\dicom_files\1d378b37e94c96925d6e96d281825519.dicom,C:\Users\09688\thoracic-cxr-project-3\data\raw\images\1d378b37e94c96925d6e96d281825519.png,.dicom,2304,2880,formal_subset_promoted,",False
C:\Users\09688\thoracic-cxr-project-3\data\metadata\image_manifest.csv,105,C:[\\/]Users[\\/]09688[\\/]thoracic-cxr-project(?!-3)(?:[\\/]|\b),"1d74c92a1e6adfcb63162f9b72edfc56,C:\Users\09688\thoracic-cxr-project\data\raw\dicom_files\1d74c92a1e6adfcb63162f9b72edfc56.dicom,C:\Users\09688\thoracic-cxr-project-3\data\raw\images\1d74c92a1e6adfcb63162f9b72edfc56.png,.dicom,3072,3072,formal_subset_promoted,",False
C:\Users\09688\thoracic-cxr-project-3\data\metadata\image_manifest.csv,106,C:[\\/]Users[\\/]09688[\\/]thoracic-cxr-project(?!-3)(?:[\\/]|\b),"1d7ba4000ddf7f707822b2aab9ed4b36,C:\Users\09688\thoracic-cxr-project\data\raw\dicom_files\1d7ba4000ddf7f707822b2aab9ed4b36.dicom,C:\Users\09688\thoracic-cxr-project-3\data\raw\images\1d7ba4000ddf7f707822b2aab9ed4b36.png,.dicom,2304,2880,formal_subset_promoted,",False
C:\Users\09688\thoracic-cxr-project-3\data\metadata\image_manifest.csv,107,C:[\\/]Users[\\/]09688[\\/]thoracic-cxr-project(?!-3)(?:[\\/]|\b),"1d7f85337975dded50e1414cef194deb,C:\Users\09688\thoracic-cxr-project\data\raw\dicom_files\1d7f85337975dded50e1414cef194deb.dicom,C:\Users\09688\thoracic-cxr-project-3\data\raw\images\1d7f85337975dded50e1414cef194deb.png,.dicom,2048,2376,formal_subset_promoted,",False
C:\Users\09688\thoracic-cxr-project-3\data\metadata\image_manifest.csv,108,C:[\\/]Users[\\/]09688[\\/]thoracic-cxr-project(?!-3)(?:[\\/]|\b),"1dc3bbcc437933158a734f7e28547bb5,C:\Users\09688\thoracic-cxr-project\data\raw\dicom_files\1dc3bbcc437933158a734f7e28547bb5.dicom,C:\Users\09688\thoracic-cxr-project-3\data\raw\images\1dc3bbcc437933158a734f7e28547bb5.png,.dicom,2304,2880,formal_subset_promoted,",False
C:\Users\09688\thoracic-cxr-project-3\data\metadata\image_manifest.csv,109,C:[\\/]Users[\\/]09688[\\/]thoracic-cxr-project(?!-3)(?:[\\/]|\b),"1e1dcf1ea1d974a5fea81b7616a11723,C:\Users\09688\thoracic-cxr-project\data\raw\dicom_files\1e1dcf1ea1d974a5fea81b7616a11723.dicom,C:\Users\09688\thoracic-cxr-project-3\data\raw\images\1e1dcf1ea1d974a5fea81b7616a11723.png,.dicom,2446,2731,formal_subset_promoted,",False
C:\Users\09688\thoracic-cxr-project-3\data\metadata\image_manifest.csv,110,C:[\\/]Users[\\/]09688[\\/]thoracic-cxr-project(?!-3)(?:[\\/]|\b),"1e717af900c3f539f967ad27b1ce905f,C:\Users\09688\thoracic-cxr-project\data\raw\dicom_files\1e717af900c3f539f967ad27b1ce905f.dicom,C:\Users\09688\thoracic-cxr-project-3\data\raw\images\1e717af900c3f539f967ad27b1ce905f.png,.dicom,2540,3072,formal_subset_promoted,",False
C:\Users\09688\thoracic-cxr-project-3\data\metadata\image_manifest.csv,111,C:[\\/]Users[\\/]09688[\\/]thoracic-cxr-project(?!-3)(?:[\\/]|\b),"1e78773b772343629858fee07ab051ec,C:\Users\09688\thoracic-cxr-project\data\raw\dicom_files\1e78773b772343629858fee07ab051ec.dicom,C:\Users\09688\thoracic-cxr-project-3\data\raw\images\1e78773b772343629858fee07ab051ec.png,.dicom,2304,2880,formal_subset_promoted,",False
C:\Users\09688\thoracic-cxr-project-3\data\metadata\image_manifest.csv,112,C:[\\/]Users[\\/]09688[\\/]thoracic-cxr-project(?!-3)(?:[\\/]|\b),"1e8892e58834c2a38f8d0b574327ed81,C:\Users\09688\thoracic-cxr-project\data\raw\dicom_files\1e8892e58834c2a38f8d0b574327ed81.dicom,C:\Users\09688\thoracic-cxr-project-3\data\raw\images\1e8892e58834c2a38f8d0b574327ed81.png,.dicom,3072,2798,formal_subset_promoted,",False
C:\Users\09688\thoracic-cxr-project-3\data\metadata\image_manifest.csv,113,C:[\\/]Users[\\/]09688[\\/]thoracic-cxr-project(?!-3)(?:[\\/]|\b),"1e942d9666eb7b3cd0bf4e2bedae5fd6,C:\Users\09688\thoracic-cxr-project\data\raw\dicom_files\1e942d9666eb7b3cd0bf4e2bedae5fd6.dicom,C:\Users\09688\thoracic-cxr-project-3\data\raw\images\1e942d9666eb7b3cd0bf4e2bedae5fd6.png,.dicom,2048,2500,formal_subset_promoted,",False
C:\Users\09688\thoracic-cxr-project-3\data\metadata\image_manifest.csv,114,C:[\\/]Users[\\/]09688[\\/]thoracic-cxr-project(?!-3)(?:[\\/]|\b),"1e96e84ac07738cd2f019b1c1d1aac5c,C:\Users\09688\thoracic-cxr-project\data\raw\dicom_files\1e96e84ac07738cd2f019b1c1d1aac5c.dicom,C:\Users\09688\thoracic-cxr-project-3\data\raw\images\1e96e84ac07738cd2f019b1c1d1aac5c.png,.dicom,2304,2880,formal_subset_promoted,",False
C:\Users\09688\thoracic-cxr-project-3\data\metadata\image_manifest.csv,115,C:[\\/]Users[\\/]09688[\\/]thoracic-cxr-project(?!-3)(?:[\\/]|\b),"1ec44d3bc379cf915de2c69bcb325cc2,C:\Users\09688\thoracic-cxr-project\data\raw\dicom_files\1ec44d3bc379cf915de2c69bcb325cc2.dicom,C:\Users\09688\thoracic-cxr-project-3\data\raw\images\1ec44d3bc379cf915de2c69bcb325cc2.png,.dicom,2512,2648,formal_subset_promoted,",False
C:\Users\09688\thoracic-cxr-project-3\data\metadata\image_manifest.csv,116,C:[\\/]Users[\\/]09688[\\/]thoracic-cxr-project(?!-3)(?:[\\/]|\b),"1ed4cf45940bbfbcdc31cf4289c1c1e4,C:\Users\09688\thoracic-cxr-project\data\raw\dicom_files\1ed4cf45940bbfbcdc31cf4289c1c1e4.dicom,C:\Users\09688\thoracic-cxr-project-3\data\raw\images\1ed4cf45940bbfbcdc31cf4289c1c1e4.png,.dicom,3072,3072,formal_subset_promoted,",False
C:\Users\09688\thoracic-cxr-project-3\data\metadata\image_manifest.csv,117,C:[\\/]Users[\\/]09688[\\/]thoracic-cxr-project(?!-3)(?:[\\/]|\b),"1f80202df9f9ee45002ea22f2f29d31f,C:\Users\09688\thoracic-cxr-project\data\raw\dicom_files\1f80202df9f9ee45002ea22f2f29d31f.dicom,C:\Users\09688\thoracic-cxr-project-3\data\raw\images\1f80202df9f9ee45002ea22f2f29d31f.png,.dicom,2540,3072,formal_subset_promoted,",False
C:\Users\09688\thoracic-cxr-project-3\data\metadata\image_manifest.csv,118,C:[\\/]Users[\\/]09688[\\/]thoracic-cxr-project(?!-3)(?:[\\/]|\b),"1fec2347206230bc4721f66d8e90971a,C:\Users\09688\thoracic-cxr-project\data\raw\dicom_files\1fec2347206230bc4721f66d8e90971a.dicom,C:\Users\09688\thoracic-cxr-project-3\data\raw\images\1fec2347206230bc4721f66d8e90971a.png,.dicom,2540,3072,formal_subset_promoted,",False
C:\Users\09688\thoracic-cxr-project-3\data\metadata\image_manifest.csv,119,C:[\\/]Users[\\/]09688[\\/]thoracic-cxr-project(?!-3)(?:[\\/]|\b),"20e27597c972c6e7fdb4d1e7638e227e,C:\Users\09688\thoracic-cxr-project\data\raw\dicom_files\20e27597c972c6e7fdb4d1e7638e227e.dicom,C:\Users\09688\thoracic-cxr-project-3\data\raw\images\20e27597c972c6e7fdb4d1e7638e227e.png,.dicom,2304,2880,formal_subset_promoted,",False
C:\Users\09688\thoracic-cxr-project-3\data\metadata\image_manifest.csv,120,C:[\\/]Users[\\/]09688[\\/]thoracic-cxr-project(?!-3)(?:[\\/]|\b),"20eb3cf0d35e7ed1616139edbe04bcfc,C:\Users\09688\thoracic-cxr-project\data\raw\dicom_files\20eb3cf0d35e7ed1616139edbe04bcfc.dicom,C:\Users\09688\thoracic-cxr-project-3\data\raw\images\20eb3cf0d35e7ed1616139edbe04bcfc.png,.dicom,3072,3072,formal_subset_promoted,",False
C:\Users\09688\thoracic-cxr-project-3\data\metadata\image_manifest.csv,121,C:[\\/]Users[\\/]09688[\\/]thoracic-cxr-project(?!-3)(?:[\\/]|\b),"21042debbedcf41f16302df107a594a2,C:\Users\09688\thoracic-cxr-project\data\raw\dicom_files\21042debbedcf41f16302df107a594a2.dicom,C:\Users\09688\thoracic-cxr-project-3\data\raw\images\21042debbedcf41f16302df107a594a2.png,.dicom,2347,2318,formal_subset_promoted,",False
C:\Users\09688\thoracic-cxr-project-3\data\metadata\image_manifest.csv,122,C:[\\/]Users[\\/]09688[\\/]thoracic-cxr-project(?!-3)(?:[\\/]|\b),"2121782e288bb5fccf342938ce4faee2,C:\Users\09688\thoracic-cxr-project\data\raw\dicom_files\2121782e288bb5fccf342938ce4faee2.dicom,C:\Users\09688\thoracic-cxr-project-3\data\raw\images\2121782e288bb5fccf342938ce4faee2.png,.dicom,2304,2880,formal_subset_promoted,",False
C:\Users\09688\thoracic-cxr-project-3\data\metadata\image_manifest.csv,123,C:[\\/]Users[\\/]09688[\\/]thoracic-cxr-project(?!-3)(?:[\\/]|\b),"21d0e0bb639ebec0b2a2ce0c5c805344,C:\Users\09688\thoracic-cxr-project\data\raw\dicom_files\21d0e0bb639ebec0b2a2ce0c5c805344.dicom,C:\Users\09688\thoracic-cxr-project-3\data\raw\images\21d0e0bb639ebec0b2a2ce0c5c805344.png,.dicom,2984,3395,formal_subset_promoted,",False
C:\Users\09688\thoracic-cxr-project-3\data\metadata\image_manifest.csv,124,C:[\\/]Users[\\/]09688[\\/]thoracic-cxr-project(?!-3)(?:[\\/]|\b),"21f596b4f75fd3d0ff54f55ad760272b,C:\Users\09688\thoracic-cxr-project\data\raw\dicom_files\21f596b4f75fd3d0ff54f55ad760272b.dicom,C:\Users\09688\thoracic-cxr-project-3\data\raw\images\21f596b4f75fd3d0ff54f55ad760272b.png,.dicom,2596,2996,formal_subset_promoted,",False
C:\Users\09688\thoracic-cxr-project-3\data\metadata\image_manifest.csv,125,C:[\\/]Users[\\/]09688[\\/]thoracic-cxr-project(?!-3)(?:[\\/]|\b),"222cd825ec14127cfb030b84780c30d5,C:\Users\09688\thoracic-cxr-project\data\raw\dicom_files\222cd825ec14127cfb030b84780c30d5.dicom,C:\Users\09688\thoracic-cxr-project-3\data\raw\images\222cd825ec14127cfb030b84780c30d5.png,.dicom,3072,3072,formal_subset_promoted,",False
C:\Users\09688\thoracic-cxr-project-3\data\metadata\image_manifest.csv,126,C:[\\/]Users[\\/]09688[\\/]thoracic-cxr-project(?!-3)(?:[\\/]|\b),"226452107c14a6218e9c4d582025110b,C:\Users\09688\thoracic-cxr-project\data\raw\dicom_files\226452107c14a6218e9c4d582025110b.dicom,C:\Users\09688\thoracic-cxr-project-3\data\raw\images\226452107c14a6218e9c4d582025110b.png,.dicom,3072,3072,formal_subset_promoted,",False
C:\Users\09688\thoracic-cxr-project-3\data\metadata\image_manifest.csv,127,C:[\\/]Users[\\/]09688[\\/]thoracic-cxr-project(?!-3)(?:[\\/]|\b),"22672ab82c290c20b86863291e25ef6c,C:\Users\09688\thoracic-cxr-project\data\raw\dicom_files\22672ab82c290c20b86863291e25ef6c.dicom,C:\Users\09688\thoracic-cxr-project-3\data\raw\images\22672ab82c290c20b86863291e25ef6c.png,.dicom,2048,2500,formal_subset_promoted,",False
C:\Users\09688\thoracic-cxr-project-3\data\metadata\image_manifest.csv,128,C:[\\/]Users[\\/]09688[\\/]thoracic-cxr-project(?!-3)(?:[\\/]|\b),"231eceaec9e603e7cdb2021bd2ccbe02,C:\Users\09688\thoracic-cxr-project\data\raw\dicom_files\231eceaec9e603e7cdb2021bd2ccbe02.dicom,C:\Users\09688\thoracic-cxr-project-3\data\raw\images\231eceaec9e603e7cdb2021bd2ccbe02.png,.dicom,2304,2880,formal_subset_promoted,",False
C:\Users\09688\thoracic-cxr-project-3\data\metadata\image_manifest.csv,129,C:[\\/]Users[\\/]09688[\\/]thoracic-cxr-project(?!-3)(?:[\\/]|\b),"238b1299945de447d94124e14734edab,C:\Users\09688\thoracic-cxr-project\data\raw\dicom_files\238b1299945de447d94124e14734edab.dicom,C:\Users\09688\thoracic-cxr-project-3\data\raw\images\238b1299945de447d94124e14734edab.png,.dicom,2835,3221,formal_subset_promoted,",False
C:\Users\09688\thoracic-cxr-project-3\data\metadata\image_manifest.csv,130,C:[\\/]Users[\\/]09688[\\/]thoracic-cxr-project(?!-3)(?:[\\/]|\b),"23f267e42a7e9f496aa143fe11f241ff,C:\Users\09688\thoracic-cxr-project\data\raw\dicom_files\23f267e42a7e9f496aa143fe11f241ff.dicom,C:\Users\09688\thoracic-cxr-project-3\data\raw\images\23f267e42a7e9f496aa143fe11f241ff.png,.dicom,2304,2880,formal_subset_promoted,",False
C:\Users\09688\thoracic-cxr-project-3\data\metadata\image_manifest.csv,131,C:[\\/]Users[\\/]09688[\\/]thoracic-cxr-project(?!-3)(?:[\\/]|\b),"24dd3c2b634ac8b951b5aa1b24a536c8,C:\Users\09688\thoracic-cxr-project\data\raw\dicom_files\24dd3c2b634ac8b951b5aa1b24a536c8.dicom,C:\Users\09688\thoracic-cxr-project-3\data\raw\images\24dd3c2b634ac8b951b5aa1b24a536c8.png,.dicom,2540,3072,formal_subset_promoted,",False
C:\Users\09688\thoracic-cxr-project-3\data\metadata\image_manifest.csv,132,C:[\\/]Users[\\/]09688[\\/]thoracic-cxr-project(?!-3)(?:[\\/]|\b),"25207f1f73016eb9d84327860e5c9b49,C:\Users\09688\thoracic-cxr-project\data\raw\dicom_files\25207f1f73016eb9d84327860e5c9b49.dicom,C:\Users\09688\thoracic-cxr-project-3\data\raw\images\25207f1f73016eb9d84327860e5c9b49.png,.dicom,2304,2880,formal_subset_promoted,",False
C:\Users\09688\thoracic-cxr-project-3\data\metadata\image_manifest.csv,133,C:[\\/]Users[\\/]09688[\\/]thoracic-cxr-project(?!-3)(?:[\\/]|\b),"2583527ca7c4a6e278fb4506ba8637ab,C:\Users\09688\thoracic-cxr-project\data\raw\dicom_files\2583527ca7c4a6e278fb4506ba8637ab.dicom,C:\Users\09688\thoracic-cxr-project-3\data\raw\images\2583527ca7c4a6e278fb4506ba8637ab.png,.dicom,2763,3107,formal_subset_promoted,",False
C:\Users\09688\thoracic-cxr-project-3\data\metadata\image_manifest.csv,134,C:[\\/]Users[\\/]09688[\\/]thoracic-cxr-project(?!-3)(?:[\\/]|\b),"25c278c9f3eac8a0f53780aa5e615e23,C:\Users\09688\thoracic-cxr-project\data\raw\dicom_files\25c278c9f3eac8a0f53780aa5e615e23.dicom,C:\Users\09688\thoracic-cxr-project-3\data\raw\images\25c278c9f3eac8a0f53780aa5e615e23.png,.dicom,2304,2880,formal_subset_promoted,",False
C:\Users\09688\thoracic-cxr-project-3\data\metadata\image_manifest.csv,135,C:[\\/]Users[\\/]09688[\\/]thoracic-cxr-project(?!-3)(?:[\\/]|\b),"26814fc54bbb41c62e1fc2c2646f3288,C:\Users\09688\thoracic-cxr-project\data\raw\dicom_files\26814fc54bbb41c62e1fc2c2646f3288.dicom,C:\Users\09688\thoracic-cxr-project-3\data\raw\images\26814fc54bbb41c62e1fc2c2646f3288.png,.dicom,2304,2880,formal_subset_promoted,",False
C:\Users\09688\thoracic-cxr-project-3\data\metadata\image_manifest.csv,136,C:[\\/]Users[\\/]09688[\\/]thoracic-cxr-project(?!-3)(?:[\\/]|\b),"269fc38670939729787d740e47145028,C:\Users\09688\thoracic-cxr-project\data\raw\dicom_files\269fc38670939729787d740e47145028.dicom,C:\Users\09688\thoracic-cxr-project-3\data\raw\images\269fc38670939729787d740e47145028.png,.dicom,2541,2958,formal_subset_promoted,",False
C:\Users\09688\thoracic-cxr-project-3\data\metadata\image_manifest.csv,137,C:[\\/]Users[\\/]09688[\\/]thoracic-cxr-project(?!-3)(?:[\\/]|\b),"26d9a51c0e889911fadbfd7219c6540a,C:\Users\09688\thoracic-cxr-project\data\raw\dicom_files\26d9a51c0e889911fadbfd7219c6540a.dicom,C:\Users\09688\thoracic-cxr-project-3\data\raw\images\26d9a51c0e889911fadbfd7219c6540a.png,.dicom,3320,3408,formal_subset_promoted,",False
C:\Users\09688\thoracic-cxr-project-3\data\metadata\image_manifest.csv,138,C:[\\/]Users[\\/]09688[\\/]thoracic-cxr-project(?!-3)(?:[\\/]|\b),"27c2bfe6ab94022f4137c7e421af973c,C:\Users\09688\thoracic-cxr-project\data\raw\dicom_files\27c2bfe6ab94022f4137c7e421af973c.dicom,C:\Users\09688\thoracic-cxr-project-3\data\raw\images\27c2bfe6ab94022f4137c7e421af973c.png,.dicom,2598,3072,formal_subset_promoted,",False
C:\Users\09688\thoracic-cxr-project-3\data\metadata\image_manifest.csv,139,C:[\\/]Users[\\/]09688[\\/]thoracic-cxr-project(?!-3)(?:[\\/]|\b),"27e6678a92ac10ed461ddc9f04bd3fcf,C:\Users\09688\thoracic-cxr-project\data\raw\dicom_files\27e6678a92ac10ed461ddc9f04bd3fcf.dicom,C:\Users\09688\thoracic-cxr-project-3\data\raw\images\27e6678a92ac10ed461ddc9f04bd3fcf.png,.dicom,2928,2852,formal_subset_promoted,",False
C:\Users\09688\thoracic-cxr-project-3\data\metadata\image_manifest.csv,140,C:[\\/]Users[\\/]09688[\\/]thoracic-cxr-project(?!-3)(?:[\\/]|\b),"2860567dbd5d3f2597072e0b0e45ccd6,C:\Users\09688\thoracic-cxr-project\data\raw\dicom_files\2860567dbd5d3f2597072e0b0e45ccd6.dicom,C:\Users\09688\thoracic-cxr-project-3\data\raw\images\2860567dbd5d3f2597072e0b0e45ccd6.png,.dicom,2304,2880,formal_subset_promoted,",False
C:\Users\09688\thoracic-cxr-project-3\data\metadata\image_manifest.csv,141,C:[\\/]Users[\\/]09688[\\/]thoracic-cxr-project(?!-3)(?:[\\/]|\b),"2866813d0d8eeae54af11160adb68731,C:\Users\09688\thoracic-cxr-project\data\raw\dicom_files\2866813d0d8eeae54af11160adb68731.dicom,C:\Users\09688\thoracic-cxr-project-3\data\raw\images\2866813d0d8eeae54af11160adb68731.png,.dicom,3079,3256,formal_subset_promoted,",False
C:\Users\09688\thoracic-cxr-project-3\data\metadata\image_manifest.csv,142,C:[\\/]Users[\\/]09688[\\/]thoracic-cxr-project(?!-3)(?:[\\/]|\b),"28d769becacfbdeebab6d3fda7322cf7,C:\Users\09688\thoracic-cxr-project\data\raw\dicom_files\28d769becacfbdeebab6d3fda7322cf7.dicom,C:\Users\09688\thoracic-cxr-project-3\data\raw\images\28d769becacfbdeebab6d3fda7322cf7.png,.dicom,2540,3072,formal_subset_promoted,",False
C:\Users\09688\thoracic-cxr-project-3\data\metadata\image_manifest.csv,143,C:[\\/]Users[\\/]09688[\\/]thoracic-cxr-project(?!-3)(?:[\\/]|\b),"28ff3d4ede34ff71de27c9091b25fc44,C:\Users\09688\thoracic-cxr-project\data\raw\dicom_files\28ff3d4ede34ff71de27c9091b25fc44.dicom,C:\Users\09688\thoracic-cxr-project-3\data\raw\images\28ff3d4ede34ff71de27c9091b25fc44.png,.dicom,3072,3072,formal_subset_promoted,",False
C:\Users\09688\thoracic-cxr-project-3\data\metadata\image_manifest.csv,144,C:[\\/]Users[\\/]09688[\\/]thoracic-cxr-project(?!-3)(?:[\\/]|\b),"2954986a6bc846398d3cc9bc2297ed84,C:\Users\09688\thoracic-cxr-project\data\raw\dicom_files\2954986a6bc846398d3cc9bc2297ed84.dicom,C:\Users\09688\thoracic-cxr-project-3\data\raw\images\2954986a6bc846398d3cc9bc2297ed84.png,.dicom,2759,3255,formal_subset_promoted,",False
C:\Users\09688\thoracic-cxr-project-3\data\metadata\image_manifest.csv,145,C:[\\/]Users[\\/]09688[\\/]thoracic-cxr-project(?!-3)(?:[\\/]|\b),"2998cdc708e79055543eb95842261f57,C:\Users\09688\thoracic-cxr-project\data\raw\dicom_files\2998cdc708e79055543eb95842261f57.dicom,C:\Users\09688\thoracic-cxr-project-3\data\raw\images\2998cdc708e79055543eb95842261f57.png,.dicom,2314,2346,formal_subset_promoted,",False
C:\Users\09688\thoracic-cxr-project-3\data\metadata\image_manifest.csv,146,C:[\\/]Users[\\/]09688[\\/]thoracic-cxr-project(?!-3)(?:[\\/]|\b),"2a364dea24600221fb6208567bda008b,C:\Users\09688\thoracic-cxr-project\data\raw\dicom_files\2a364dea24600221fb6208567bda008b.dicom,C:\Users\09688\thoracic-cxr-project-3\data\raw\images\2a364dea24600221fb6208567bda008b.png,.dicom,2540,3072,formal_subset_promoted,",False
C:\Users\09688\thoracic-cxr-project-3\data\metadata\image_manifest.csv,147,C:[\\/]Users[\\/]09688[\\/]thoracic-cxr-project(?!-3)(?:[\\/]|\b),"2a6d1ced2d75a229ea936e5f2dbbbe32,C:\Users\09688\thoracic-cxr-project\data\raw\dicom_files\2a6d1ced2d75a229ea936e5f2dbbbe32.dicom,C:\Users\09688\thoracic-cxr-project-3\data\raw\images\2a6d1ced2d75a229ea936e5f2dbbbe32.png,.dicom,2304,2880,formal_subset_promoted,",False
C:\Users\09688\thoracic-cxr-project-3\data\metadata\image_manifest.csv,148,C:[\\/]Users[\\/]09688[\\/]thoracic-cxr-project(?!-3)(?:[\\/]|\b),"2a848e44e179f5e9b7d708835cfa5109,C:\Users\09688\thoracic-cxr-project\data\raw\dicom_files\2a848e44e179f5e9b7d708835cfa5109.dicom,C:\Users\09688\thoracic-cxr-project-3\data\raw\images\2a848e44e179f5e9b7d708835cfa5109.png,.dicom,2304,2880,formal_subset_promoted,",False
C:\Users\09688\thoracic-cxr-project-3\data\metadata\image_manifest.csv,149,C:[\\/]Users[\\/]09688[\\/]thoracic-cxr-project(?!-3)(?:[\\/]|\b),"2a96255deafcf2f24bf9f266e1c12633,C:\Users\09688\thoracic-cxr-project\data\raw\dicom_files\2a96255deafcf2f24bf9f266e1c12633.dicom,C:\Users\09688\thoracic-cxr-project-3\data\raw\images\2a96255deafcf2f24bf9f266e1c12633.png,.dicom,2343,2401,formal_subset_promoted,",False
C:\Users\09688\thoracic-cxr-project-3\data\metadata\image_manifest.csv,150,C:[\\/]Users[\\/]09688[\\/]thoracic-cxr-project(?!-3)(?:[\\/]|\b),"2b8a0c8760862e0bd6dbac062d421396,C:\Users\09688\thoracic-cxr-project\data\raw\dicom_files\2b8a0c8760862e0bd6dbac062d421396.dicom,C:\Users\09688\thoracic-cxr-project-3\data\raw\images\2b8a0c8760862e0bd6dbac062d421396.png,.dicom,3072,3072,formal_subset_promoted,",False
C:\Users\09688\thoracic-cxr-project-3\data\metadata\image_manifest.csv,151,C:[\\/]Users[\\/]09688[\\/]thoracic-cxr-project(?!-3)(?:[\\/]|\b),"2ba839f1e3d3c2d8760c11ccb7e3f01c,C:\Users\09688\thoracic-cxr-project\data\raw\dicom_files\2ba839f1e3d3c2d8760c11ccb7e3f01c.dicom,C:\Users\09688\thoracic-cxr-project-3\data\raw\images\2ba839f1e3d3c2d8760c11ccb7e3f01c.png,.dicom,2048,2448,formal_subset_promoted,",False
C:\Users\09688\thoracic-cxr-project-3\data\metadata\image_manifest.csv,152,C:[\\/]Users[\\/]09688[\\/]thoracic-cxr-project(?!-3)(?:[\\/]|\b),"2bcbeee6ac875c40fd3adc070a35f46b,C:\Users\09688\thoracic-cxr-project\data\raw\dicom_files\2bcbeee6ac875c40fd3adc070a35f46b.dicom,C:\Users\09688\thoracic-cxr-project-3\data\raw\images\2bcbeee6ac875c40fd3adc070a35f46b.png,.dicom,2661,2899,formal_subset_promoted,",False
C:\Users\09688\thoracic-cxr-project-3\data\metadata\image_manifest.csv,153,C:[\\/]Users[\\/]09688[\\/]thoracic-cxr-project(?!-3)(?:[\\/]|\b),"2c535167a6a1466c54bc62eb6100f577,C:\Users\09688\thoracic-cxr-project\data\raw\dicom_files\2c535167a6a1466c54bc62eb6100f577.dicom,C:\Users\09688\thoracic-cxr-project-3\data\raw\images\2c535167a6a1466c54bc62eb6100f577.png,.dicom,2304,2880,formal_subset_promoted,",False
C:\Users\09688\thoracic-cxr-project-3\data\metadata\image_manifest.csv,154,C:[\\/]Users[\\/]09688[\\/]thoracic-cxr-project(?!-3)(?:[\\/]|\b),"2c8015354af1a7509937c82f2979ba49,C:\Users\09688\thoracic-cxr-project\data\raw\dicom_files\2c8015354af1a7509937c82f2979ba49.dicom,C:\Users\09688\thoracic-cxr-project-3\data\raw\images\2c8015354af1a7509937c82f2979ba49.png,.dicom,3072,3072,formal_subset_promoted,",False
C:\Users\09688\thoracic-cxr-project-3\data\metadata\image_manifest.csv,155,C:[\\/]Users[\\/]09688[\\/]thoracic-cxr-project(?!-3)(?:[\\/]|\b),"2c892bb46e4187bddce8fe179d7225dc,C:\Users\09688\thoracic-cxr-project\data\raw\dicom_files\2c892bb46e4187bddce8fe179d7225dc.dicom,C:\Users\09688\thoracic-cxr-project-3\data\raw\images\2c892bb46e4187bddce8fe179d7225dc.png,.dicom,2648,2968,formal_subset_promoted,",False
C:\Users\09688\thoracic-cxr-project-3\data\metadata\image_manifest.csv,156,C:[\\/]Users[\\/]09688[\\/]thoracic-cxr-project(?!-3)(?:[\\/]|\b),"2cb59fe7e250f3e883c884e726719115,C:\Users\09688\thoracic-cxr-project\data\raw\dicom_files\2cb59fe7e250f3e883c884e726719115.dicom,C:\Users\09688\thoracic-cxr-project-3\data\raw\images\2cb59fe7e250f3e883c884e726719115.png,.dicom,3072,3072,formal_subset_promoted,",False
C:\Users\09688\thoracic-cxr-project-3\data\metadata\image_manifest.csv,157,C:[\\/]Users[\\/]09688[\\/]thoracic-cxr-project(?!-3)(?:[\\/]|\b),"2d063af5457785f5c76ae1e6c06c0037,C:\Users\09688\thoracic-cxr-project\data\raw\dicom_files\2d063af5457785f5c76ae1e6c06c0037.dicom,C:\Users\09688\thoracic-cxr-project-3\data\raw\images\2d063af5457785f5c76ae1e6c06c0037.png,.dicom,2048,2500,formal_subset_promoted,",False
C:\Users\09688\thoracic-cxr-project-3\data\metadata\image_manifest.csv,158,C:[\\/]Users[\\/]09688[\\/]thoracic-cxr-project(?!-3)(?:[\\/]|\b),"2d4a3f928bbd1cf6cec20fc617af2fa3,C:\Users\09688\thoracic-cxr-project\data\raw\dicom_files\2d4a3f928bbd1cf6cec20fc617af2fa3.dicom,C:\Users\09688\thoracic-cxr-project-3\data\raw\images\2d4a3f928bbd1cf6cec20fc617af2fa3.png,.dicom,2304,2880,formal_subset_promoted,",False
C:\Users\09688\thoracic-cxr-project-3\data\metadata\image_manifest.csv,159,C:[\\/]Users[\\/]09688[\\/]thoracic-cxr-project(?!-3)(?:[\\/]|\b),"2e37a70ea49570b31cb4b83e5a109a7e,C:\Users\09688\thoracic-cxr-project\data\raw\dicom_files\2e37a70ea49570b31cb4b83e5a109a7e.dicom,C:\Users\09688\thoracic-cxr-project-3\data\raw\images\2e37a70ea49570b31cb4b83e5a109a7e.png,.dicom,3072,3072,formal_subset_promoted,",False
C:\Users\09688\thoracic-cxr-project-3\data\metadata\image_manifest.csv,160,C:[\\/]Users[\\/]09688[\\/]thoracic-cxr-project(?!-3)(?:[\\/]|\b),"2f3bb25eb6ae1a19b982c6ba56f725e2,C:\Users\09688\thoracic-cxr-project\data\raw\dicom_files\2f3bb25eb6ae1a19b982c6ba56f725e2.dicom,C:\Users\09688\thoracic-cxr-project-3\data\raw\images\2f3bb25eb6ae1a19b982c6ba56f725e2.png,.dicom,2304,2880,formal_subset_promoted,",False
C:\Users\09688\thoracic-cxr-project-3\data\metadata\image_manifest.csv,161,C:[\\/]Users[\\/]09688[\\/]thoracic-cxr-project(?!-3)(?:[\\/]|\b),"2fa41afdcc3955d6ab0bdc5656caa0d1,C:\Users\09688\thoracic-cxr-project\data\raw\dicom_files\2fa41afdcc3955d6ab0bdc5656caa0d1.dicom,C:\Users\09688\thoracic-cxr-project-3\data\raw\images\2fa41afdcc3955d6ab0bdc5656caa0d1.png,.dicom,2304,2880,formal_subset_promoted,",False
C:\Users\09688\thoracic-cxr-project-3\data\metadata\image_manifest.csv,162,C:[\\/]Users[\\/]09688[\\/]thoracic-cxr-project(?!-3)(?:[\\/]|\b),"300f0557394e4f85b5704774106a2067,C:\Users\09688\thoracic-cxr-project\data\raw\dicom_files\300f0557394e4f85b5704774106a2067.dicom,C:\Users\09688\thoracic-cxr-project-3\data\raw\images\300f0557394e4f85b5704774106a2067.png,.dicom,2048,2500,formal_subset_promoted,",False
C:\Users\09688\thoracic-cxr-project-3\data\metadata\image_manifest.csv,163,C:[\\/]Users[\\/]09688[\\/]thoracic-cxr-project(?!-3)(?:[\\/]|\b),"305e4add9c72c91e9984305bf4e85aee,C:\Users\09688\thoracic-cxr-project\data\raw\dicom_files\305e4add9c72c91e9984305bf4e85aee.dicom,C:\Users\09688\thoracic-cxr-project-3\data\raw\images\305e4add9c72c91e9984305bf4e85aee.png,.dicom,2304,2880,formal_subset_promoted,",False
C:\Users\09688\thoracic-cxr-project-3\data\metadata\image_manifest.csv,164,C:[\\/]Users[\\/]09688[\\/]thoracic-cxr-project(?!-3)(?:[\\/]|\b),"30732ad387fb4f2429a6c5b965910869,C:\Users\09688\thoracic-cxr-project\data\raw\dicom_files\30732ad387fb4f2429a6c5b965910869.dicom,C:\Users\09688\thoracic-cxr-project-3\data\raw\images\30732ad387fb4f2429a6c5b965910869.png,.dicom,2540,3072,formal_subset_promoted,",False
C:\Users\09688\thoracic-cxr-project-3\data\metadata\image_manifest.csv,165,C:[\\/]Users[\\/]09688[\\/]thoracic-cxr-project(?!-3)(?:[\\/]|\b),"3105bf6d00f6c2164ea9285b20692df5,C:\Users\09688\thoracic-cxr-project\data\raw\dicom_files\3105bf6d00f6c2164ea9285b20692df5.dicom,C:\Users\09688\thoracic-cxr-project-3\data\raw\images\3105bf6d00f6c2164ea9285b20692df5.png,.dicom,2304,2880,formal_subset_promoted,",False
C:\Users\09688\thoracic-cxr-project-3\data\metadata\image_manifest.csv,166,C:[\\/]Users[\\/]09688[\\/]thoracic-cxr-project(?!-3)(?:[\\/]|\b),"3124a602cb56b2a41271a8b658410457,C:\Users\09688\thoracic-cxr-project\data\raw\dicom_files\3124a602cb56b2a41271a8b658410457.dicom,C:\Users\09688\thoracic-cxr-project-3\data\raw\images\3124a602cb56b2a41271a8b658410457.png,.dicom,2304,2880,formal_subset_promoted,",False
C:\Users\09688\thoracic-cxr-project-3\data\metadata\image_manifest.csv,167,C:[\\/]Users[\\/]09688[\\/]thoracic-cxr-project(?!-3)(?:[\\/]|\b),"3126f384167edfe4650413888feb60f1,C:\Users\09688\thoracic-cxr-project\data\raw\dicom_files\3126f384167edfe4650413888feb60f1.dicom,C:\Users\09688\thoracic-cxr-project-3\data\raw\images\3126f384167edfe4650413888feb60f1.png,.dicom,2304,2880,formal_subset_promoted,",False
C:\Users\09688\thoracic-cxr-project-3\data\metadata\image_manifest.csv,168,C:[\\/]Users[\\/]09688[\\/]thoracic-cxr-project(?!-3)(?:[\\/]|\b),"316b07c8233162f6c57b23d94b823ea8,C:\Users\09688\thoracic-cxr-project\data\raw\dicom_files\316b07c8233162f6c57b23d94b823ea8.dicom,C:\Users\09688\thoracic-cxr-project-3\data\raw\images\316b07c8233162f6c57b23d94b823ea8.png,.dicom,2540,3072,formal_subset_promoted,",False
C:\Users\09688\thoracic-cxr-project-3\data\metadata\image_manifest.csv,169,C:[\\/]Users[\\/]09688[\\/]thoracic-cxr-project(?!-3)(?:[\\/]|\b),"319781be30659abddca9230f0bca5311,C:\Users\09688\thoracic-cxr-project\data\raw\dicom_files\319781be30659abddca9230f0bca5311.dicom,C:\Users\09688\thoracic-cxr-project-3\data\raw\images\319781be30659abddca9230f0bca5311.png,.dicom,2392,2858,formal_subset_promoted,",False
C:\Users\09688\thoracic-cxr-project-3\data\metadata\image_manifest.csv,170,C:[\\/]Users[\\/]09688[\\/]thoracic-cxr-project(?!-3)(?:[\\/]|\b),"320ec834b1f64d745ebb19de0cfc184d,C:\Users\09688\thoracic-cxr-project\data\raw\dicom_files\320ec834b1f64d745ebb19de0cfc184d.dicom,C:\Users\09688\thoracic-cxr-project-3\data\raw\images\320ec834b1f64d745ebb19de0cfc184d.png,.dicom,2724,2980,formal_subset_promoted,",False
C:\Users\09688\thoracic-cxr-project-3\data\metadata\image_manifest.csv,171,C:[\\/]Users[\\/]09688[\\/]thoracic-cxr-project(?!-3)(?:[\\/]|\b),"324c908cb345ed14be7a468a56f1ceba,C:\Users\09688\thoracic-cxr-project\data\raw\dicom_files\324c908cb345ed14be7a468a56f1ceba.dicom,C:\Users\09688\thoracic-cxr-project-3\data\raw\images\324c908cb345ed14be7a468a56f1ceba.png,.dicom,2304,2880,formal_subset_promoted,",False
C:\Users\09688\thoracic-cxr-project-3\data\metadata\image_manifest.csv,172,C:[\\/]Users[\\/]09688[\\/]thoracic-cxr-project(?!-3)(?:[\\/]|\b),"328a03f1cf631960207c6f6f3026bdb1,C:\Users\09688\thoracic-cxr-project\data\raw\dicom_files\328a03f1cf631960207c6f6f3026bdb1.dicom,C:\Users\09688\thoracic-cxr-project-3\data\raw\images\328a03f1cf631960207c6f6f3026bdb1.png,.dicom,3072,3072,formal_subset_promoted,",False
C:\Users\09688\thoracic-cxr-project-3\data\metadata\image_manifest.csv,173,C:[\\/]Users[\\/]09688[\\/]thoracic-cxr-project(?!-3)(?:[\\/]|\b),"32c5e37a0c5d6cc1eb4b9d23c46dab55,C:\Users\09688\thoracic-cxr-project\data\raw\dicom_files\32c5e37a0c5d6cc1eb4b9d23c46dab55.dicom,C:\Users\09688\thoracic-cxr-project-3\data\raw\images\32c5e37a0c5d6cc1eb4b9d23c46dab55.png,.dicom,2048,2500,formal_subset_promoted,",False
C:\Users\09688\thoracic-cxr-project-3\data\metadata\image_manifest.csv,174,C:[\\/]Users[\\/]09688[\\/]thoracic-cxr-project(?!-3)(?:[\\/]|\b),"32ed4f132b9f0077a309b0d91fc944e2,C:\Users\09688\thoracic-cxr-project\data\raw\dicom_files\32ed4f132b9f0077a309b0d91fc944e2.dicom,C:\Users\09688\thoracic-cxr-project-3\data\raw\images\32ed4f132b9f0077a309b0d91fc944e2.png,.dicom,2838,3052,formal_subset_promoted,",False
C:\Users\09688\thoracic-cxr-project-3\data\metadata\image_manifest.csv,175,C:[\\/]Users[\\/]09688[\\/]thoracic-cxr-project(?!-3)(?:[\\/]|\b),"3349c0d8861ff59db82c4e6f1d10705a,C:\Users\09688\thoracic-cxr-project\data\raw\dicom_files\3349c0d8861ff59db82c4e6f1d10705a.dicom,C:\Users\09688\thoracic-cxr-project-3\data\raw\images\3349c0d8861ff59db82c4e6f1d10705a.png,.dicom,2056,2592,formal_subset_promoted,",False
C:\Users\09688\thoracic-cxr-project-3\data\metadata\image_manifest.csv,176,C:[\\/]Users[\\/]09688[\\/]thoracic-cxr-project(?!-3)(?:[\\/]|\b),"33cf3f2f72ca3c8480456091f6ccedfb,C:\Users\09688\thoracic-cxr-project\data\raw\dicom_files\33cf3f2f72ca3c8480456091f6ccedfb.dicom,C:\Users\09688\thoracic-cxr-project-3\data\raw\images\33cf3f2f72ca3c8480456091f6ccedfb.png,.dicom,2304,2880,formal_subset_promoted,",False
C:\Users\09688\thoracic-cxr-project-3\data\metadata\image_manifest.csv,177,C:[\\/]Users[\\/]09688[\\/]thoracic-cxr-project(?!-3)(?:[\\/]|\b),"34bc3d49ab74c913ee2517f5e0f4e09e,C:\Users\09688\thoracic-cxr-project\data\raw\dicom_files\34bc3d49ab74c913ee2517f5e0f4e09e.dicom,C:\Users\09688\thoracic-cxr-project-3\data\raw\images\34bc3d49ab74c913ee2517f5e0f4e09e.png,.dicom,2304,2880,formal_subset_promoted,",False
C:\Users\09688\thoracic-cxr-project-3\data\metadata\image_manifest.csv,178,C:[\\/]Users[\\/]09688[\\/]thoracic-cxr-project(?!-3)(?:[\\/]|\b),"35666a43bb8105a07d1020d9a4839f2f,C:\Users\09688\thoracic-cxr-project\data\raw\dicom_files\35666a43bb8105a07d1020d9a4839f2f.dicom,C:\Users\09688\thoracic-cxr-project-3\data\raw\images\35666a43bb8105a07d1020d9a4839f2f.png,.dicom,3072,3072,formal_subset_promoted,",False
C:\Users\09688\thoracic-cxr-project-3\data\metadata\image_manifest.csv,179,C:[\\/]Users[\\/]09688[\\/]thoracic-cxr-project(?!-3)(?:[\\/]|\b),"3583d368951a896ea95b498bb4efaec4,C:\Users\09688\thoracic-cxr-project\data\raw\dicom_files\3583d368951a896ea95b498bb4efaec4.dicom,C:\Users\09688\thoracic-cxr-project-3\data\raw\images\3583d368951a896ea95b498bb4efaec4.png,.dicom,2656,2793,formal_subset_promoted,",False
C:\Users\09688\thoracic-cxr-project-3\data\metadata\image_manifest.csv,180,C:[\\/]Users[\\/]09688[\\/]thoracic-cxr-project(?!-3)(?:[\\/]|\b),"3633b8a8cffa248a55bab4084f4ff5e9,C:\Users\09688\thoracic-cxr-project\data\raw\dicom_files\3633b8a8cffa248a55bab4084f4ff5e9.dicom,C:\Users\09688\thoracic-cxr-project-3\data\raw\images\3633b8a8cffa248a55bab4084f4ff5e9.png,.dicom,2304,2880,formal_subset_promoted,",False
C:\Users\09688\thoracic-cxr-project-3\data\metadata\image_manifest.csv,181,C:[\\/]Users[\\/]09688[\\/]thoracic-cxr-project(?!-3)(?:[\\/]|\b),"363999879bc614085397f192124c23b0,C:\Users\09688\thoracic-cxr-project\data\raw\dicom_files\363999879bc614085397f192124c23b0.dicom,C:\Users\09688\thoracic-cxr-project-3\data\raw\images\363999879bc614085397f192124c23b0.png,.dicom,2538,2661,formal_subset_promoted,",False
C:\Users\09688\thoracic-cxr-project-3\data\metadata\image_manifest.csv,182,C:[\\/]Users[\\/]09688[\\/]thoracic-cxr-project(?!-3)(?:[\\/]|\b),"36d12290ed702e358cabe1d85657dafb,C:\Users\09688\thoracic-cxr-project\data\raw\dicom_files\36d12290ed702e358cabe1d85657dafb.dicom,C:\Users\09688\thoracic-cxr-project-3\data\raw\images\36d12290ed702e358cabe1d85657dafb.png,.dicom,3072,3072,formal_subset_promoted,",False
C:\Users\09688\thoracic-cxr-project-3\data\metadata\image_manifest.csv,183,C:[\\/]Users[\\/]09688[\\/]thoracic-cxr-project(?!-3)(?:[\\/]|\b),"36fb9803c515de8b2b44028af25662ec,C:\Users\09688\thoracic-cxr-project\data\raw\dicom_files\36fb9803c515de8b2b44028af25662ec.dicom,C:\Users\09688\thoracic-cxr-project-3\data\raw\images\36fb9803c515de8b2b44028af25662ec.png,.dicom,2304,2880,formal_subset_promoted,",False
C:\Users\09688\thoracic-cxr-project-3\data\metadata\image_manifest.csv,184,C:[\\/]Users[\\/]09688[\\/]thoracic-cxr-project(?!-3)(?:[\\/]|\b),"37029ba2468f77989cae221948b772ae,C:\Users\09688\thoracic-cxr-project\data\raw\dicom_files\37029ba2468f77989cae221948b772ae.dicom,C:\Users\09688\thoracic-cxr-project-3\data\raw\images\37029ba2468f77989cae221948b772ae.png,.dicom,2048,2500,formal_subset_promoted,",False
C:\Users\09688\thoracic-cxr-project-3\data\metadata\image_manifest.csv,185,C:[\\/]Users[\\/]09688[\\/]thoracic-cxr-project(?!-3)(?:[\\/]|\b),"38ec375050f7c2bedcb4d1e1e7bb4e12,C:\Users\09688\thoracic-cxr-project\data\raw\dicom_files\38ec375050f7c2bedcb4d1e1e7bb4e12.dicom,C:\Users\09688\thoracic-cxr-project-3\data\raw\images\38ec375050f7c2bedcb4d1e1e7bb4e12.png,.dicom,2048,2500,formal_subset_promoted,",False
C:\Users\09688\thoracic-cxr-project-3\data\metadata\image_manifest.csv,186,C:[\\/]Users[\\/]09688[\\/]thoracic-cxr-project(?!-3)(?:[\\/]|\b),"3a6264c66e1ccad3f67960d50a152708,C:\Users\09688\thoracic-cxr-project\data\raw\dicom_files\3a6264c66e1ccad3f67960d50a152708.dicom,C:\Users\09688\thoracic-cxr-project-3\data\raw\images\3a6264c66e1ccad3f67960d50a152708.png,.dicom,2823,3069,formal_subset_promoted,",False
C:\Users\09688\thoracic-cxr-project-3\data\metadata\image_manifest.csv,187,C:[\\/]Users[\\/]09688[\\/]thoracic-cxr-project(?!-3)(?:[\\/]|\b),"3a9cdb601e0845a3e6b45c808fb75bc4,C:\Users\09688\thoracic-cxr-project\data\raw\dicom_files\3a9cdb601e0845a3e6b45c808fb75bc4.dicom,C:\Users\09688\thoracic-cxr-project-3\data\raw\images\3a9cdb601e0845a3e6b45c808fb75bc4.png,.dicom,3072,3072,formal_subset_promoted,",False
C:\Users\09688\thoracic-cxr-project-3\data\metadata\image_manifest.csv,188,C:[\\/]Users[\\/]09688[\\/]thoracic-cxr-project(?!-3)(?:[\\/]|\b),"3abc9bc2967d1891119ae82511e479b3,C:\Users\09688\thoracic-cxr-project\data\raw\dicom_files\3abc9bc2967d1891119ae82511e479b3.dicom,C:\Users\09688\thoracic-cxr-project-3\data\raw\images\3abc9bc2967d1891119ae82511e479b3.png,.dicom,3080,3319,formal_subset_promoted,",False
C:\Users\09688\thoracic-cxr-project-3\data\metadata\image_manifest.csv,189,C:[\\/]Users[\\/]09688[\\/]thoracic-cxr-project(?!-3)(?:[\\/]|\b),"3b8e32e6bb1f8849af9fde0925b2761a,C:\Users\09688\thoracic-cxr-project\data\raw\dicom_files\3b8e32e6bb1f8849af9fde0925b2761a.dicom,C:\Users\09688\thoracic-cxr-project-3\data\raw\images\3b8e32e6bb1f8849af9fde0925b2761a.png,.dicom,1872,2392,formal_subset_promoted,",False
C:\Users\09688\thoracic-cxr-project-3\data\metadata\image_manifest.csv,190,C:[\\/]Users[\\/]09688[\\/]thoracic-cxr-project(?!-3)(?:[\\/]|\b),"3c3050b54b5ffefafd7d144497cf04d4,C:\Users\09688\thoracic-cxr-project\data\raw\dicom_files\3c3050b54b5ffefafd7d144497cf04d4.dicom,C:\Users\09688\thoracic-cxr-project-3\data\raw\images\3c3050b54b5ffefafd7d144497cf04d4.png,.dicom,2540,3072,formal_subset_promoted,",False
C:\Users\09688\thoracic-cxr-project-3\data\metadata\image_manifest.csv,191,C:[\\/]Users[\\/]09688[\\/]thoracic-cxr-project(?!-3)(?:[\\/]|\b),"3c3977477c6ca3ea8a3d18ba0e4afed4,C:\Users\09688\thoracic-cxr-project\data\raw\dicom_files\3c3977477c6ca3ea8a3d18ba0e4afed4.dicom,C:\Users\09688\thoracic-cxr-project-3\data\raw\images\3c3977477c6ca3ea8a3d18ba0e4afed4.png,.dicom,2048,2500,formal_subset_promoted,",False
C:\Users\09688\thoracic-cxr-project-3\data\metadata\image_manifest.csv,192,C:[\\/]Users[\\/]09688[\\/]thoracic-cxr-project(?!-3)(?:[\\/]|\b),"3c58145fc5651bd028aaee3d5f3d6c40,C:\Users\09688\thoracic-cxr-project\data\raw\dicom_files\3c58145fc5651bd028aaee3d5f3d6c40.dicom,C:\Users\09688\thoracic-cxr-project-3\data\raw\images\3c58145fc5651bd028aaee3d5f3d6c40.png,.dicom,2532,3069,formal_subset_promoted,",False
C:\Users\09688\thoracic-cxr-project-3\data\metadata\image_manifest.csv,193,C:[\\/]Users[\\/]09688[\\/]thoracic-cxr-project(?!-3)(?:[\\/]|\b),"3cf29ab62dd4b9866c7e055c59098d3e,C:\Users\09688\thoracic-cxr-project\data\raw\dicom_files\3cf29ab62dd4b9866c7e055c59098d3e.dicom,C:\Users\09688\thoracic-cxr-project-3\data\raw\images\3cf29ab62dd4b9866c7e055c59098d3e.png,.dicom,2540,3072,formal_subset_promoted,",False
C:\Users\09688\thoracic-cxr-project-3\data\metadata\image_manifest.csv,194,C:[\\/]Users[\\/]09688[\\/]thoracic-cxr-project(?!-3)(?:[\\/]|\b),"3d6be0fd234f4be9a57ea0ec00d1e6b6,C:\Users\09688\thoracic-cxr-project\data\raw\dicom_files\3d6be0fd234f4be9a57ea0ec00d1e6b6.dicom,C:\Users\09688\thoracic-cxr-project-3\data\raw\images\3d6be0fd234f4be9a57ea0ec00d1e6b6.png,.dicom,3072,3072,formal_subset_promoted,",False
C:\Users\09688\thoracic-cxr-project-3\data\metadata\image_manifest.csv,195,C:[\\/]Users[\\/]09688[\\/]thoracic-cxr-project(?!-3)(?:[\\/]|\b),"3daa0e551477dbb5c10280fd744c4087,C:\Users\09688\thoracic-cxr-project\data\raw\dicom_files\3daa0e551477dbb5c10280fd744c4087.dicom,C:\Users\09688\thoracic-cxr-project-3\data\raw\images\3daa0e551477dbb5c10280fd744c4087.png,.dicom,2304,2880,formal_subset_promoted,",False
C:\Users\09688\thoracic-cxr-project-3\data\metadata\image_manifest.csv,196,C:[\\/]Users[\\/]09688[\\/]thoracic-cxr-project(?!-3)(?:[\\/]|\b),"3dae58e1cf69a2284f2a44ded5c7405a,C:\Users\09688\thoracic-cxr-project\data\raw\dicom_files\3dae58e1cf69a2284f2a44ded5c7405a.dicom,C:\Users\09688\thoracic-cxr-project-3\data\raw\images\3dae58e1cf69a2284f2a44ded5c7405a.png,.dicom,2571,3018,formal_subset_promoted,",False
C:\Users\09688\thoracic-cxr-project-3\data\metadata\image_manifest.csv,197,C:[\\/]Users[\\/]09688[\\/]thoracic-cxr-project(?!-3)(?:[\\/]|\b),"3dead8495b3fdcdde5912953e520b303,C:\Users\09688\thoracic-cxr-project\data\raw\dicom_files\3dead8495b3fdcdde5912953e520b303.dicom,C:\Users\09688\thoracic-cxr-project-3\data\raw\images\3dead8495b3fdcdde5912953e520b303.png,.dicom,2517,2530,formal_subset_promoted,",False
C:\Users\09688\thoracic-cxr-project-3\data\metadata\image_manifest.csv,198,C:[\\/]Users[\\/]09688[\\/]thoracic-cxr-project(?!-3)(?:[\\/]|\b),"3ee674202cc0887b7b43db270ca54555,C:\Users\09688\thoracic-cxr-project\data\raw\dicom_files\3ee674202cc0887b7b43db270ca54555.dicom,C:\Users\09688\thoracic-cxr-project-3\data\raw\images\3ee674202cc0887b7b43db270ca54555.png,.dicom,2304,2880,formal_subset_promoted,",False
C:\Users\09688\thoracic-cxr-project-3\data\metadata\image_manifest.csv,199,C:[\\/]Users[\\/]09688[\\/]thoracic-cxr-project(?!-3)(?:[\\/]|\b),"3f2673ee39dc21448dcf80ed2a6f128f,C:\Users\09688\thoracic-cxr-project\data\raw\dicom_files\3f2673ee39dc21448dcf80ed2a6f128f.dicom,C:\Users\09688\thoracic-cxr-project-3\data\raw\images\3f2673ee39dc21448dcf80ed2a6f128f.png,.dicom,2708,3056,formal_subset_promoted,",False
C:\Users\09688\thoracic-cxr-project-3\data\metadata\image_manifest.csv,200,C:[\\/]Users[\\/]09688[\\/]thoracic-cxr-project(?!-3)(?:[\\/]|\b),"3f444025d87aeacdc84c8cc7d0bf50f6,C:\Users\09688\thoracic-cxr-project\data\raw\dicom_files\3f444025d87aeacdc84c8cc7d0bf50f6.dicom,C:\Users\09688\thoracic-cxr-project-3\data\raw\images\3f444025d87aeacdc84c8cc7d0bf50f6.png,.dicom,1976,2352,formal_subset_promoted,",False
C:\Users\09688\thoracic-cxr-project-3\data\metadata\image_manifest.csv,201,C:[\\/]Users[\\/]09688[\\/]thoracic-cxr-project(?!-3)(?:[\\/]|\b),"3fad3a7c3d91d5d5eca2c522ac7df822,C:\Users\09688\thoracic-cxr-project\data\raw\dicom_files\3fad3a7c3d91d5d5eca2c522ac7df822.dicom,C:\Users\09688\thoracic-cxr-project-3\data\raw\images\3fad3a7c3d91d5d5eca2c522ac7df822.png,.dicom,2048,2500,formal_subset_promoted,",False
C:\Users\09688\thoracic-cxr-project-3\data\metadata\image_manifest.csv,202,C:[\\/]Users[\\/]09688[\\/]thoracic-cxr-project(?!-3)(?:[\\/]|\b),"3ff22a602b26d804863daaf6b7230d47,C:\Users\09688\thoracic-cxr-project\data\raw\dicom_files\3ff22a602b26d804863daaf6b7230d47.dicom,C:\Users\09688\thoracic-cxr-project-3\data\raw\images\3ff22a602b26d804863daaf6b7230d47.png,.dicom,2304,2880,formal_subset_promoted,",False
C:\Users\09688\thoracic-cxr-project-3\data\metadata\image_manifest.csv,203,C:[\\/]Users[\\/]09688[\\/]thoracic-cxr-project(?!-3)(?:[\\/]|\b),"4117133a86ed741c387d404a8ffe5581,C:\Users\09688\thoracic-cxr-project\data\raw\dicom_files\4117133a86ed741c387d404a8ffe5581.dicom,C:\Users\09688\thoracic-cxr-project-3\data\raw\images\4117133a86ed741c387d404a8ffe5581.png,.dicom,2304,2880,formal_subset_promoted,",False
C:\Users\09688\thoracic-cxr-project-3\data\metadata\image_manifest.csv,204,C:[\\/]Users[\\/]09688[\\/]thoracic-cxr-project(?!-3)(?:[\\/]|\b),"4127fa1e8bcb9931cc8b49367eecef78,C:\Users\09688\thoracic-cxr-project\data\raw\dicom_files\4127fa1e8bcb9931cc8b49367eecef78.dicom,C:\Users\09688\thoracic-cxr-project-3\data\raw\images\4127fa1e8bcb9931cc8b49367eecef78.png,.dicom,2304,2880,formal_subset_promoted,",False
C:\Users\09688\thoracic-cxr-project-3\data\metadata\image_manifest.csv,205,C:[\\/]Users[\\/]09688[\\/]thoracic-cxr-project(?!-3)(?:[\\/]|\b),"4134e5340d245866991f98a73310358f,C:\Users\09688\thoracic-cxr-project\data\raw\dicom_files\4134e5340d245866991f98a73310358f.dicom,C:\Users\09688\thoracic-cxr-project-3\data\raw\images\4134e5340d245866991f98a73310358f.png,.dicom,3188,2729,formal_subset_promoted,",False
C:\Users\09688\thoracic-cxr-project-3\data\metadata\image_manifest.csv,206,C:[\\/]Users[\\/]09688[\\/]thoracic-cxr-project(?!-3)(?:[\\/]|\b),"4170940c52599e7c3bb9b4088bb3d884,C:\Users\09688\thoracic-cxr-project\data\raw\dicom_files\4170940c52599e7c3bb9b4088bb3d884.dicom,C:\Users\09688\thoracic-cxr-project-3\data\raw\images\4170940c52599e7c3bb9b4088bb3d884.png,.dicom,2540,3072,formal_subset_promoted,",False
C:\Users\09688\thoracic-cxr-project-3\data\metadata\image_manifest.csv,207,C:[\\/]Users[\\/]09688[\\/]thoracic-cxr-project(?!-3)(?:[\\/]|\b),"41a3987fef185ed06ea962df3493f57a,C:\Users\09688\thoracic-cxr-project\data\raw\dicom_files\41a3987fef185ed06ea962df3493f57a.dicom,C:\Users\09688\thoracic-cxr-project-3\data\raw\images\41a3987fef185ed06ea962df3493f57a.png,.dicom,2064,2480,formal_subset_promoted,",False
C:\Users\09688\thoracic-cxr-project-3\data\metadata\image_manifest.csv,208,C:[\\/]Users[\\/]09688[\\/]thoracic-cxr-project(?!-3)(?:[\\/]|\b),"41cee81dbe9886a56b6c3ee56fb23448,C:\Users\09688\thoracic-cxr-project\data\raw\dicom_files\41cee81dbe9886a56b6c3ee56fb23448.dicom,C:\Users\09688\thoracic-cxr-project-3\data\raw\images\41cee81dbe9886a56b6c3ee56fb23448.png,.dicom,2540,3072,formal_subset_promoted,",False
C:\Users\09688\thoracic-cxr-project-3\data\metadata\image_manifest.csv,209,C:[\\/]Users[\\/]09688[\\/]thoracic-cxr-project(?!-3)(?:[\\/]|\b),"424c14b6f0a526ca2e8b4e9be9f70e03,C:\Users\09688\thoracic-cxr-project\data\raw\dicom_files\424c14b6f0a526ca2e8b4e9be9f70e03.dicom,C:\Users\09688\thoracic-cxr-project-3\data\raw\images\424c14b6f0a526ca2e8b4e9be9f70e03.png,.dicom,2304,2880,formal_subset_promoted,",False
C:\Users\09688\thoracic-cxr-project-3\data\metadata\image_manifest.csv,210,C:[\\/]Users[\\/]09688[\\/]thoracic-cxr-project(?!-3)(?:[\\/]|\b),"4268985caaa0bb4145dd056d5aa84b27,C:\Users\09688\thoracic-cxr-project\data\raw\dicom_files\4268985caaa0bb4145dd056d5aa84b27.dicom,C:\Users\09688\thoracic-cxr-project-3\data\raw\images\4268985caaa0bb4145dd056d5aa84b27.png,.dicom,2524,2504,formal_subset_promoted,",False
C:\Users\09688\thoracic-cxr-project-3\data\metadata\image_manifest.csv,211,C:[\\/]Users[\\/]09688[\\/]thoracic-cxr-project(?!-3)(?:[\\/]|\b),"427db646765e399ae43ccd98c50effdc,C:\Users\09688\thoracic-cxr-project\data\raw\dicom_files\427db646765e399ae43ccd98c50effdc.dicom,C:\Users\09688\thoracic-cxr-project-3\data\raw\images\427db646765e399ae43ccd98c50effdc.png,.dicom,2304,2880,formal_subset_promoted,",False
C:\Users\09688\thoracic-cxr-project-3\data\metadata\image_manifest.csv,212,C:[\\/]Users[\\/]09688[\\/]thoracic-cxr-project(?!-3)(?:[\\/]|\b),"42c049fd05428f7d606e9da4a95a8c3b,C:\Users\09688\thoracic-cxr-project\data\raw\dicom_files\42c049fd05428f7d606e9da4a95a8c3b.dicom,C:\Users\09688\thoracic-cxr-project-3\data\raw\images\42c049fd05428f7d606e9da4a95a8c3b.png,.dicom,2750,2789,formal_subset_promoted,",False
C:\Users\09688\thoracic-cxr-project-3\data\metadata\image_manifest.csv,213,C:[\\/]Users[\\/]09688[\\/]thoracic-cxr-project(?!-3)(?:[\\/]|\b),"4308b795084095f21117491e3b07f2a7,C:\Users\09688\thoracic-cxr-project\data\raw\dicom_files\4308b795084095f21117491e3b07f2a7.dicom,C:\Users\09688\thoracic-cxr-project-3\data\raw\images\4308b795084095f21117491e3b07f2a7.png,.dicom,2304,2880,formal_subset_promoted,",False
C:\Users\09688\thoracic-cxr-project-3\data\metadata\image_manifest.csv,214,C:[\\/]Users[\\/]09688[\\/]thoracic-cxr-project(?!-3)(?:[\\/]|\b),"430e3d75b2b3924e82d5fcf9bec84e8b,C:\Users\09688\thoracic-cxr-project\data\raw\dicom_files\430e3d75b2b3924e82d5fcf9bec84e8b.dicom,C:\Users\09688\thoracic-cxr-project-3\data\raw\images\430e3d75b2b3924e82d5fcf9bec84e8b.png,.dicom,2304,2880,formal_subset_promoted,",False
C:\Users\09688\thoracic-cxr-project-3\data\metadata\image_manifest.csv,215,C:[\\/]Users[\\/]09688[\\/]thoracic-cxr-project(?!-3)(?:[\\/]|\b),"4334f287e7a843348a24c4dfa9718d6f,C:\Users\09688\thoracic-cxr-project\data\raw\dicom_files\4334f287e7a843348a24c4dfa9718d6f.dicom,C:\Users\09688\thoracic-cxr-project-3\data\raw\images\4334f287e7a843348a24c4dfa9718d6f.png,.dicom,2540,3072,formal_subset_promoted,",False
C:\Users\09688\thoracic-cxr-project-3\data\metadata\image_manifest.csv,216,C:[\\/]Users[\\/]09688[\\/]thoracic-cxr-project(?!-3)(?:[\\/]|\b),"43b12f96beff0400ddc04da244e69983,C:\Users\09688\thoracic-cxr-project\data\raw\dicom_files\43b12f96beff0400ddc04da244e69983.dicom,C:\Users\09688\thoracic-cxr-project-3\data\raw\images\43b12f96beff0400ddc04da244e69983.png,.dicom,2304,2880,formal_subset_promoted,",False
C:\Users\09688\thoracic-cxr-project-3\data\metadata\image_manifest.csv,217,C:[\\/]Users[\\/]09688[\\/]thoracic-cxr-project(?!-3)(?:[\\/]|\b),"44227b3ea199ef4a06524f5c843e2608,C:\Users\09688\thoracic-cxr-project\data\raw\dicom_files\44227b3ea199ef4a06524f5c843e2608.dicom,C:\Users\09688\thoracic-cxr-project-3\data\raw\images\44227b3ea199ef4a06524f5c843e2608.png,.dicom,2876,2980,formal_subset_promoted,",False
C:\Users\09688\thoracic-cxr-project-3\data\metadata\image_manifest.csv,218,C:[\\/]Users[\\/]09688[\\/]thoracic-cxr-project(?!-3)(?:[\\/]|\b),"44ca3d27effe04ec7ac6e46ef63099b5,C:\Users\09688\thoracic-cxr-project\data\raw\dicom_files\44ca3d27effe04ec7ac6e46ef63099b5.dicom,C:\Users\09688\thoracic-cxr-project-3\data\raw\images\44ca3d27effe04ec7ac6e46ef63099b5.png,.dicom,3072,3072,formal_subset_promoted,",False
C:\Users\09688\thoracic-cxr-project-3\data\metadata\image_manifest.csv,219,C:[\\/]Users[\\/]09688[\\/]thoracic-cxr-project(?!-3)(?:[\\/]|\b),"44ff83f86f81c54ed2540ccddcc68263,C:\Users\09688\thoracic-cxr-project\data\raw\dicom_files\44ff83f86f81c54ed2540ccddcc68263.dicom,C:\Users\09688\thoracic-cxr-project-3\data\raw\images\44ff83f86f81c54ed2540ccddcc68263.png,.dicom,2604,2856,formal_subset_promoted,",False
C:\Users\09688\thoracic-cxr-project-3\data\metadata\image_manifest.csv,220,C:[\\/]Users[\\/]09688[\\/]thoracic-cxr-project(?!-3)(?:[\\/]|\b),"458c16f2648bd04054649d10a11b9fdf,C:\Users\09688\thoracic-cxr-project\data\raw\dicom_files\458c16f2648bd04054649d10a11b9fdf.dicom,C:\Users\09688\thoracic-cxr-project-3\data\raw\images\458c16f2648bd04054649d10a11b9fdf.png,.dicom,2304,2880,formal_subset_promoted,",False
C:\Users\09688\thoracic-cxr-project-3\data\metadata\image_manifest.csv,221,C:[\\/]Users[\\/]09688[\\/]thoracic-cxr-project(?!-3)(?:[\\/]|\b),"45fad4fe08460cf9aec10986ba13c582,C:\Users\09688\thoracic-cxr-project\data\raw\dicom_files\45fad4fe08460cf9aec10986ba13c582.dicom,C:\Users\09688\thoracic-cxr-project-3\data\raw\images\45fad4fe08460cf9aec10986ba13c582.png,.dicom,3072,3072,formal_subset_promoted,",False
C:\Users\09688\thoracic-cxr-project-3\data\metadata\image_manifest.csv,222,C:[\\/]Users[\\/]09688[\\/]thoracic-cxr-project(?!-3)(?:[\\/]|\b),"4652edceea12613caef68322a7fddec0,C:\Users\09688\thoracic-cxr-project\data\raw\dicom_files\4652edceea12613caef68322a7fddec0.dicom,C:\Users\09688\thoracic-cxr-project-3\data\raw\images\4652edceea12613caef68322a7fddec0.png,.dicom,3135,2980,formal_subset_promoted,",False
C:\Users\09688\thoracic-cxr-project-3\data\metadata\image_manifest.csv,223,C:[\\/]Users[\\/]09688[\\/]thoracic-cxr-project(?!-3)(?:[\\/]|\b),"474f5063494b22e24a8a4855b080a640,C:\Users\09688\thoracic-cxr-project\data\raw\dicom_files\474f5063494b22e24a8a4855b080a640.dicom,C:\Users\09688\thoracic-cxr-project-3\data\raw\images\474f5063494b22e24a8a4855b080a640.png,.dicom,2540,3072,formal_subset_promoted,",False
C:\Users\09688\thoracic-cxr-project-3\data\metadata\image_manifest.csv,224,C:[\\/]Users[\\/]09688[\\/]thoracic-cxr-project(?!-3)(?:[\\/]|\b),"48774729b8921e024731f773e541d248,C:\Users\09688\thoracic-cxr-project\data\raw\dicom_files\48774729b8921e024731f773e541d248.dicom,C:\Users\09688\thoracic-cxr-project-3\data\raw\images\48774729b8921e024731f773e541d248.png,.dicom,2304,2880,formal_subset_promoted,",False
C:\Users\09688\thoracic-cxr-project-3\data\metadata\image_manifest.csv,225,C:[\\/]Users[\\/]09688[\\/]thoracic-cxr-project(?!-3)(?:[\\/]|\b),"48c44319fb3ad32555821ee0c74e6719,C:\Users\09688\thoracic-cxr-project\data\raw\dicom_files\48c44319fb3ad32555821ee0c74e6719.dicom,C:\Users\09688\thoracic-cxr-project-3\data\raw\images\48c44319fb3ad32555821ee0c74e6719.png,.dicom,2304,2880,formal_subset_promoted,",False
C:\Users\09688\thoracic-cxr-project-3\data\metadata\image_manifest.csv,226,C:[\\/]Users[\\/]09688[\\/]thoracic-cxr-project(?!-3)(?:[\\/]|\b),"48e1b4c86146132c1e3b514ab99050d9,C:\Users\09688\thoracic-cxr-project\data\raw\dicom_files\48e1b4c86146132c1e3b514ab99050d9.dicom,C:\Users\09688\thoracic-cxr-project-3\data\raw\images\48e1b4c86146132c1e3b514ab99050d9.png,.dicom,3072,3072,formal_subset_promoted,",False
C:\Users\09688\thoracic-cxr-project-3\data\metadata\image_manifest.csv,227,C:[\\/]Users[\\/]09688[\\/]thoracic-cxr-project(?!-3)(?:[\\/]|\b),"48f3a35fcd6c76d5d0ee2d475b3f1f51,C:\Users\09688\thoracic-cxr-project\data\raw\dicom_files\48f3a35fcd6c76d5d0ee2d475b3f1f51.dicom,C:\Users\09688\thoracic-cxr-project-3\data\raw\images\48f3a35fcd6c76d5d0ee2d475b3f1f51.png,.dicom,3000,3000,formal_subset_promoted,",False
C:\Users\09688\thoracic-cxr-project-3\data\metadata\image_manifest.csv,228,C:[\\/]Users[\\/]09688[\\/]thoracic-cxr-project(?!-3)(?:[\\/]|\b),"492c436c00725c4c909ec6fbc9223b92,C:\Users\09688\thoracic-cxr-project\data\raw\dicom_files\492c436c00725c4c909ec6fbc9223b92.dicom,C:\Users\09688\thoracic-cxr-project-3\data\raw\images\492c436c00725c4c909ec6fbc9223b92.png,.dicom,2558,2733,formal_subset_promoted,",False
C:\Users\09688\thoracic-cxr-project-3\data\metadata\image_manifest.csv,229,C:[\\/]Users[\\/]09688[\\/]thoracic-cxr-project(?!-3)(?:[\\/]|\b),"4a2dec8f7163be64ef67f0d09056c921,C:\Users\09688\thoracic-cxr-project\data\raw\dicom_files\4a2dec8f7163be64ef67f0d09056c921.dicom,C:\Users\09688\thoracic-cxr-project-3\data\raw\images\4a2dec8f7163be64ef67f0d09056c921.png,.dicom,2704,3051,formal_subset_promoted,",False
C:\Users\09688\thoracic-cxr-project-3\data\metadata\image_manifest.csv,230,C:[\\/]Users[\\/]09688[\\/]thoracic-cxr-project(?!-3)(?:[\\/]|\b),"4b001bab36d94f73c1ead3ab74690dbc,C:\Users\09688\thoracic-cxr-project\data\raw\dicom_files\4b001bab36d94f73c1ead3ab74690dbc.dicom,C:\Users\09688\thoracic-cxr-project-3\data\raw\images\4b001bab36d94f73c1ead3ab74690dbc.png,.dicom,1936,2488,formal_subset_promoted,",False
C:\Users\09688\thoracic-cxr-project-3\data\metadata\image_manifest.csv,231,C:[\\/]Users[\\/]09688[\\/]thoracic-cxr-project(?!-3)(?:[\\/]|\b),"4b4502be77b11e64bf31e62dc098da41,C:\Users\09688\thoracic-cxr-project\data\raw\dicom_files\4b4502be77b11e64bf31e62dc098da41.dicom,C:\Users\09688\thoracic-cxr-project-3\data\raw\images\4b4502be77b11e64bf31e62dc098da41.png,.dicom,2304,2880,formal_subset_promoted,",False
C:\Users\09688\thoracic-cxr-project-3\data\metadata\image_manifest.csv,232,C:[\\/]Users[\\/]09688[\\/]thoracic-cxr-project(?!-3)(?:[\\/]|\b),"4b6ca2a1a046bd045ea254e6550c8b5c,C:\Users\09688\thoracic-cxr-project\data\raw\dicom_files\4b6ca2a1a046bd045ea254e6550c8b5c.dicom,C:\Users\09688\thoracic-cxr-project-3\data\raw\images\4b6ca2a1a046bd045ea254e6550c8b5c.png,.dicom,2634,2772,formal_subset_promoted,",False
C:\Users\09688\thoracic-cxr-project-3\data\metadata\image_manifest.csv,233,C:[\\/]Users[\\/]09688[\\/]thoracic-cxr-project(?!-3)(?:[\\/]|\b),"4ba255d801f2e52fd54a67d79bd3da8a,C:\Users\09688\thoracic-cxr-project\data\raw\dicom_files\4ba255d801f2e52fd54a67d79bd3da8a.dicom,C:\Users\09688\thoracic-cxr-project-3\data\raw\images\4ba255d801f2e52fd54a67d79bd3da8a.png,.dicom,2136,2464,formal_subset_promoted,",False
C:\Users\09688\thoracic-cxr-project-3\data\metadata\image_manifest.csv,234,C:[\\/]Users[\\/]09688[\\/]thoracic-cxr-project(?!-3)(?:[\\/]|\b),"4ba445edf32750faf59f06cb09f1ed93,C:\Users\09688\thoracic-cxr-project\data\raw\dicom_files\4ba445edf32750faf59f06cb09f1ed93.dicom,C:\Users\09688\thoracic-cxr-project-3\data\raw\images\4ba445edf32750faf59f06cb09f1ed93.png,.dicom,2304,2880,formal_subset_promoted,",False
C:\Users\09688\thoracic-cxr-project-3\data\metadata\image_manifest.csv,235,C:[\\/]Users[\\/]09688[\\/]thoracic-cxr-project(?!-3)(?:[\\/]|\b),"4bb91fbeec0e58edace928f8b991cdbb,C:\Users\09688\thoracic-cxr-project\data\raw\dicom_files\4bb91fbeec0e58edace928f8b991cdbb.dicom,C:\Users\09688\thoracic-cxr-project-3\data\raw\images\4bb91fbeec0e58edace928f8b991cdbb.png,.dicom,3072,3072,formal_subset_promoted,",False
C:\Users\09688\thoracic-cxr-project-3\data\metadata\image_manifest.csv,236,C:[\\/]Users[\\/]09688[\\/]thoracic-cxr-project(?!-3)(?:[\\/]|\b),"4c8b34b2b49560459f55016cc28a9b4e,C:\Users\09688\thoracic-cxr-project\data\raw\dicom_files\4c8b34b2b49560459f55016cc28a9b4e.dicom,C:\Users\09688\thoracic-cxr-project-3\data\raw\images\4c8b34b2b49560459f55016cc28a9b4e.png,.dicom,2304,2880,formal_subset_promoted,",False
C:\Users\09688\thoracic-cxr-project-3\data\metadata\image_manifest.csv,237,C:[\\/]Users[\\/]09688[\\/]thoracic-cxr-project(?!-3)(?:[\\/]|\b),"4ce311cd58824cdd3b6ca3e0878bb9c1,C:\Users\09688\thoracic-cxr-project\data\raw\dicom_files\4ce311cd58824cdd3b6ca3e0878bb9c1.dicom,C:\Users\09688\thoracic-cxr-project-3\data\raw\images\4ce311cd58824cdd3b6ca3e0878bb9c1.png,.dicom,2304,2880,formal_subset_promoted,",False
C:\Users\09688\thoracic-cxr-project-3\data\metadata\image_manifest.csv,238,C:[\\/]Users[\\/]09688[\\/]thoracic-cxr-project(?!-3)(?:[\\/]|\b),"4db7b12c1770b0aef3a1ea88bb95d97a,C:\Users\09688\thoracic-cxr-project\data\raw\dicom_files\4db7b12c1770b0aef3a1ea88bb95d97a.dicom,C:\Users\09688\thoracic-cxr-project-3\data\raw\images\4db7b12c1770b0aef3a1ea88bb95d97a.png,.dicom,3268,3268,formal_subset_promoted,",False
C:\Users\09688\thoracic-cxr-project-3\data\metadata\image_manifest.csv,239,C:[\\/]Users[\\/]09688[\\/]thoracic-cxr-project(?!-3)(?:[\\/]|\b),"4ef589fee1b30a47d9955e4613cf901c,C:\Users\09688\thoracic-cxr-project\data\raw\dicom_files\4ef589fee1b30a47d9955e4613cf901c.dicom,C:\Users\09688\thoracic-cxr-project-3\data\raw\images\4ef589fee1b30a47d9955e4613cf901c.png,.dicom,2995,2975,formal_subset_promoted,",False
C:\Users\09688\thoracic-cxr-project-3\data\metadata\image_manifest.csv,240,C:[\\/]Users[\\/]09688[\\/]thoracic-cxr-project(?!-3)(?:[\\/]|\b),"4f3f489a6b0257782ee57deaba29b0d8,C:\Users\09688\thoracic-cxr-project\data\raw\dicom_files\4f3f489a6b0257782ee57deaba29b0d8.dicom,C:\Users\09688\thoracic-cxr-project-3\data\raw\images\4f3f489a6b0257782ee57deaba29b0d8.png,.dicom,2987,3086,formal_subset_promoted,",False
C:\Users\09688\thoracic-cxr-project-3\data\metadata\image_manifest.csv,241,C:[\\/]Users[\\/]09688[\\/]thoracic-cxr-project(?!-3)(?:[\\/]|\b),"4fd945bbe2d065ec9f58c2e86de2e1f9,C:\Users\09688\thoracic-cxr-project\data\raw\dicom_files\4fd945bbe2d065ec9f58c2e86de2e1f9.dicom,C:\Users\09688\thoracic-cxr-project-3\data\raw\images\4fd945bbe2d065ec9f58c2e86de2e1f9.png,.dicom,2615,2203,formal_subset_promoted,",False
C:\Users\09688\thoracic-cxr-project-3\data\metadata\image_manifest.csv,242,C:[\\/]Users[\\/]09688[\\/]thoracic-cxr-project(?!-3)(?:[\\/]|\b),"50297e864bd40ca2a8102013e0a899cd,C:\Users\09688\thoracic-cxr-project\data\raw\dicom_files\50297e864bd40ca2a8102013e0a899cd.dicom,C:\Users\09688\thoracic-cxr-project-3\data\raw\images\50297e864bd40ca2a8102013e0a899cd.png,.dicom,2509,3131,formal_subset_promoted,",False
C:\Users\09688\thoracic-cxr-project-3\data\metadata\image_manifest.csv,243,C:[\\/]Users[\\/]09688[\\/]thoracic-cxr-project(?!-3)(?:[\\/]|\b),"511e8b50c9a7ecee4e1a8621f262e9ad,C:\Users\09688\thoracic-cxr-project\data\raw\dicom_files\511e8b50c9a7ecee4e1a8621f262e9ad.dicom,C:\Users\09688\thoracic-cxr-project-3\data\raw\images\511e8b50c9a7ecee4e1a8621f262e9ad.png,.dicom,2304,2880,formal_subset_promoted,",False
C:\Users\09688\thoracic-cxr-project-3\data\metadata\image_manifest.csv,244,C:[\\/]Users[\\/]09688[\\/]thoracic-cxr-project(?!-3)(?:[\\/]|\b),"5164a68ca025b37b2ee9525b66c01071,C:\Users\09688\thoracic-cxr-project\data\raw\dicom_files\5164a68ca025b37b2ee9525b66c01071.dicom,C:\Users\09688\thoracic-cxr-project-3\data\raw\images\5164a68ca025b37b2ee9525b66c01071.png,.dicom,3072,3072,formal_subset_promoted,",False
C:\Users\09688\thoracic-cxr-project-3\data\metadata\image_manifest.csv,245,C:[\\/]Users[\\/]09688[\\/]thoracic-cxr-project(?!-3)(?:[\\/]|\b),"522dea0833b59836405679f464299eac,C:\Users\09688\thoracic-cxr-project\data\raw\dicom_files\522dea0833b59836405679f464299eac.dicom,C:\Users\09688\thoracic-cxr-project-3\data\raw\images\522dea0833b59836405679f464299eac.png,.dicom,3072,3072,formal_subset_promoted,",False
C:\Users\09688\thoracic-cxr-project-3\data\metadata\image_manifest.csv,246,C:[\\/]Users[\\/]09688[\\/]thoracic-cxr-project(?!-3)(?:[\\/]|\b),"5260bd9fff6293f51f50232b2f0ebdcb,C:\Users\09688\thoracic-cxr-project\data\raw\dicom_files\5260bd9fff6293f51f50232b2f0ebdcb.dicom,C:\Users\09688\thoracic-cxr-project-3\data\raw\images\5260bd9fff6293f51f50232b2f0ebdcb.png,.dicom,3072,3072,formal_subset_promoted,",False
C:\Users\09688\thoracic-cxr-project-3\data\metadata\image_manifest.csv,247,C:[\\/]Users[\\/]09688[\\/]thoracic-cxr-project(?!-3)(?:[\\/]|\b),"52637c1cd09bb2655f4c08aaa698a270,C:\Users\09688\thoracic-cxr-project\data\raw\dicom_files\52637c1cd09bb2655f4c08aaa698a270.dicom,C:\Users\09688\thoracic-cxr-project-3\data\raw\images\52637c1cd09bb2655f4c08aaa698a270.png,.dicom,3072,3072,formal_subset_promoted,",False
C:\Users\09688\thoracic-cxr-project-3\data\metadata\image_manifest.csv,248,C:[\\/]Users[\\/]09688[\\/]thoracic-cxr-project(?!-3)(?:[\\/]|\b),"5268b1ff61505e50ac05fd430cc45276,C:\Users\09688\thoracic-cxr-project\data\raw\dicom_files\5268b1ff61505e50ac05fd430cc45276.dicom,C:\Users\09688\thoracic-cxr-project-3\data\raw\images\5268b1ff61505e50ac05fd430cc45276.png,.dicom,2547,3073,formal_subset_promoted,",False
C:\Users\09688\thoracic-cxr-project-3\data\metadata\image_manifest.csv,249,C:[\\/]Users[\\/]09688[\\/]thoracic-cxr-project(?!-3)(?:[\\/]|\b),"52951d7de2485aba8ed62629eee4d254,C:\Users\09688\thoracic-cxr-project\data\raw\dicom_files\52951d7de2485aba8ed62629eee4d254.dicom,C:\Users\09688\thoracic-cxr-project-3\data\raw\images\52951d7de2485aba8ed62629eee4d254.png,.dicom,2304,2880,formal_subset_promoted,",False
C:\Users\09688\thoracic-cxr-project-3\data\metadata\image_manifest.csv,250,C:[\\/]Users[\\/]09688[\\/]thoracic-cxr-project(?!-3)(?:[\\/]|\b),"52c85584532b1c23d447ab91ac1787ef,C:\Users\09688\thoracic-cxr-project\data\raw\dicom_files\52c85584532b1c23d447ab91ac1787ef.dicom,C:\Users\09688\thoracic-cxr-project-3\data\raw\images\52c85584532b1c23d447ab91ac1787ef.png,.dicom,2634,3064,formal_subset_promoted,",False
C:\Users\09688\thoracic-cxr-project-3\data\metadata\image_manifest.csv,251,C:[\\/]Users[\\/]09688[\\/]thoracic-cxr-project(?!-3)(?:[\\/]|\b),"52e2c09b396b3591287d7040a9df8177,C:\Users\09688\thoracic-cxr-project\data\raw\dicom_files\52e2c09b396b3591287d7040a9df8177.dicom,C:\Users\09688\thoracic-cxr-project-3\data\raw\images\52e2c09b396b3591287d7040a9df8177.png,.dicom,2850,3215,formal_subset_promoted,",False
C:\Users\09688\thoracic-cxr-project-3\data\metadata\image_manifest.csv,252,C:[\\/]Users[\\/]09688[\\/]thoracic-cxr-project(?!-3)(?:[\\/]|\b),"5308d2b6f06e98bd8e7c16ed6124aff1,C:\Users\09688\thoracic-cxr-project\data\raw\dicom_files\5308d2b6f06e98bd8e7c16ed6124aff1.dicom,C:\Users\09688\thoracic-cxr-project-3\data\raw\images\5308d2b6f06e98bd8e7c16ed6124aff1.png,.dicom,2804,2670,formal_subset_promoted,",False
C:\Users\09688\thoracic-cxr-project-3\data\metadata\image_manifest.csv,253,C:[\\/]Users[\\/]09688[\\/]thoracic-cxr-project(?!-3)(?:[\\/]|\b),"53385a96b1681676153e5e8900eaac66,C:\Users\09688\thoracic-cxr-project\data\raw\dicom_files\53385a96b1681676153e5e8900eaac66.dicom,C:\Users\09688\thoracic-cxr-project-3\data\raw\images\53385a96b1681676153e5e8900eaac66.png,.dicom,2304,2880,formal_subset_promoted,",False
C:\Users\09688\thoracic-cxr-project-3\data\metadata\image_manifest.csv,254,C:[\\/]Users[\\/]09688[\\/]thoracic-cxr-project(?!-3)(?:[\\/]|\b),"53b894bd3ec511ae4bec7b5b47ce260a,C:\Users\09688\thoracic-cxr-project\data\raw\dicom_files\53b894bd3ec511ae4bec7b5b47ce260a.dicom,C:\Users\09688\thoracic-cxr-project-3\data\raw\images\53b894bd3ec511ae4bec7b5b47ce260a.png,.dicom,2304,2880,formal_subset_promoted,",False
C:\Users\09688\thoracic-cxr-project-3\data\metadata\image_manifest.csv,255,C:[\\/]Users[\\/]09688[\\/]thoracic-cxr-project(?!-3)(?:[\\/]|\b),"54122627c6aeed581fde506562a73b2e,C:\Users\09688\thoracic-cxr-project\data\raw\dicom_files\54122627c6aeed581fde506562a73b2e.dicom,C:\Users\09688\thoracic-cxr-project-3\data\raw\images\54122627c6aeed581fde506562a73b2e.png,.dicom,2736,2649,formal_subset_promoted,",False
C:\Users\09688\thoracic-cxr-project-3\data\metadata\image_manifest.csv,256,C:[\\/]Users[\\/]09688[\\/]thoracic-cxr-project(?!-3)(?:[\\/]|\b),"54f9194379210945be0ed72fac357456,C:\Users\09688\thoracic-cxr-project\data\raw\dicom_files\54f9194379210945be0ed72fac357456.dicom,C:\Users\09688\thoracic-cxr-project-3\data\raw\images\54f9194379210945be0ed72fac357456.png,.dicom,2304,2880,formal_subset_promoted,",False
C:\Users\09688\thoracic-cxr-project-3\data\metadata\image_manifest.csv,257,C:[\\/]Users[\\/]09688[\\/]thoracic-cxr-project(?!-3)(?:[\\/]|\b),"551456e08a1327bdba41297c8ebb8c6f,C:\Users\09688\thoracic-cxr-project\data\raw\dicom_files\551456e08a1327bdba41297c8ebb8c6f.dicom,C:\Users\09688\thoracic-cxr-project-3\data\raw\images\551456e08a1327bdba41297c8ebb8c6f.png,.dicom,2676,2760,formal_subset_promoted,",False
C:\Users\09688\thoracic-cxr-project-3\data\metadata\image_manifest.csv,258,C:[\\/]Users[\\/]09688[\\/]thoracic-cxr-project(?!-3)(?:[\\/]|\b),"55a6f35d1fc71adbb833ae726a42e46e,C:\Users\09688\thoracic-cxr-project\data\raw\dicom_files\55a6f35d1fc71adbb833ae726a42e46e.dicom,C:\Users\09688\thoracic-cxr-project-3\data\raw\images\55a6f35d1fc71adbb833ae726a42e46e.png,.dicom,2513,2928,formal_subset_promoted,",False
C:\Users\09688\thoracic-cxr-project-3\data\metadata\image_manifest.csv,259,C:[\\/]Users[\\/]09688[\\/]thoracic-cxr-project(?!-3)(?:[\\/]|\b),"56e12dd250d23cb2199f1f90eb5a337f,C:\Users\09688\thoracic-cxr-project\data\raw\dicom_files\56e12dd250d23cb2199f1f90eb5a337f.dicom,C:\Users\09688\thoracic-cxr-project-3\data\raw\images\56e12dd250d23cb2199f1f90eb5a337f.png,.dicom,2987,2772,formal_subset_promoted,",False
C:\Users\09688\thoracic-cxr-project-3\data\metadata\image_manifest.csv,260,C:[\\/]Users[\\/]09688[\\/]thoracic-cxr-project(?!-3)(?:[\\/]|\b),"57036d99900dabe66e5294251e3f56de,C:\Users\09688\thoracic-cxr-project\data\raw\dicom_files\57036d99900dabe66e5294251e3f56de.dicom,C:\Users\09688\thoracic-cxr-project-3\data\raw\images\57036d99900dabe66e5294251e3f56de.png,.dicom,2540,3072,formal_subset_promoted,",False
C:\Users\09688\thoracic-cxr-project-3\data\metadata\image_manifest.csv,261,C:[\\/]Users[\\/]09688[\\/]thoracic-cxr-project(?!-3)(?:[\\/]|\b),"570f86fa3c8923ee5476ac1b1e7485e0,C:\Users\09688\thoracic-cxr-project\data\raw\dicom_files\570f86fa3c8923ee5476ac1b1e7485e0.dicom,C:\Users\09688\thoracic-cxr-project-3\data\raw\images\570f86fa3c8923ee5476ac1b1e7485e0.png,.dicom,2304,2880,formal_subset_promoted,",False
C:\Users\09688\thoracic-cxr-project-3\data\metadata\image_manifest.csv,262,C:[\\/]Users[\\/]09688[\\/]thoracic-cxr-project(?!-3)(?:[\\/]|\b),"5714aea8b5a2d9b030196646842a6d47,C:\Users\09688\thoracic-cxr-project\data\raw\dicom_files\5714aea8b5a2d9b030196646842a6d47.dicom,C:\Users\09688\thoracic-cxr-project-3\data\raw\images\5714aea8b5a2d9b030196646842a6d47.png,.dicom,2304,2880,formal_subset_promoted,",False
C:\Users\09688\thoracic-cxr-project-3\data\metadata\image_manifest.csv,263,C:[\\/]Users[\\/]09688[\\/]thoracic-cxr-project(?!-3)(?:[\\/]|\b),"57a083a3936273d9308af1bb7c83791b,C:\Users\09688\thoracic-cxr-project\data\raw\dicom_files\57a083a3936273d9308af1bb7c83791b.dicom,C:\Users\09688\thoracic-cxr-project-3\data\raw\images\57a083a3936273d9308af1bb7c83791b.png,.dicom,2674,2390,formal_subset_promoted,",False
C:\Users\09688\thoracic-cxr-project-3\data\metadata\image_manifest.csv,264,C:[\\/]Users[\\/]09688[\\/]thoracic-cxr-project(?!-3)(?:[\\/]|\b),"582b7c53ef97d1107d527bf23879353f,C:\Users\09688\thoracic-cxr-project\data\raw\dicom_files\582b7c53ef97d1107d527bf23879353f.dicom,C:\Users\09688\thoracic-cxr-project-3\data\raw\images\582b7c53ef97d1107d527bf23879353f.png,.dicom,3072,3072,formal_subset_promoted,",False
C:\Users\09688\thoracic-cxr-project-3\data\metadata\image_manifest.csv,265,C:[\\/]Users[\\/]09688[\\/]thoracic-cxr-project(?!-3)(?:[\\/]|\b),"5879d22d9f6aec0ba5d682bcc6131e22,C:\Users\09688\thoracic-cxr-project\data\raw\dicom_files\5879d22d9f6aec0ba5d682bcc6131e22.dicom,C:\Users\09688\thoracic-cxr-project-3\data\raw\images\5879d22d9f6aec0ba5d682bcc6131e22.png,.dicom,2664,2817,formal_subset_promoted,",False
C:\Users\09688\thoracic-cxr-project-3\data\metadata\image_manifest.csv,266,C:[\\/]Users[\\/]09688[\\/]thoracic-cxr-project(?!-3)(?:[\\/]|\b),"58e1820f96aa84a141c9e217c46dfe71,C:\Users\09688\thoracic-cxr-project\data\raw\dicom_files\58e1820f96aa84a141c9e217c46dfe71.dicom,C:\Users\09688\thoracic-cxr-project-3\data\raw\images\58e1820f96aa84a141c9e217c46dfe71.png,.dicom,2304,2880,formal_subset_promoted,",False
C:\Users\09688\thoracic-cxr-project-3\data\metadata\image_manifest.csv,267,C:[\\/]Users[\\/]09688[\\/]thoracic-cxr-project(?!-3)(?:[\\/]|\b),"5933a74d7c042ba8801e604b79c64933,C:\Users\09688\thoracic-cxr-project\data\raw\dicom_files\5933a74d7c042ba8801e604b79c64933.dicom,C:\Users\09688\thoracic-cxr-project-3\data\raw\images\5933a74d7c042ba8801e604b79c64933.png,.dicom,2521,2483,formal_subset_promoted,",False
C:\Users\09688\thoracic-cxr-project-3\data\metadata\image_manifest.csv,268,C:[\\/]Users[\\/]09688[\\/]thoracic-cxr-project(?!-3)(?:[\\/]|\b),"5955a4d3f94e8125db08141bd25a6824,C:\Users\09688\thoracic-cxr-project\data\raw\dicom_files\5955a4d3f94e8125db08141bd25a6824.dicom,C:\Users\09688\thoracic-cxr-project-3\data\raw\images\5955a4d3f94e8125db08141bd25a6824.png,.dicom,3072,3072,formal_subset_promoted,",False
C:\Users\09688\thoracic-cxr-project-3\data\metadata\image_manifest.csv,269,C:[\\/]Users[\\/]09688[\\/]thoracic-cxr-project(?!-3)(?:[\\/]|\b),"5999f46a39109c9af7dc63e3b580a1ba,C:\Users\09688\thoracic-cxr-project\data\raw\dicom_files\5999f46a39109c9af7dc63e3b580a1ba.dicom,C:\Users\09688\thoracic-cxr-project-3\data\raw\images\5999f46a39109c9af7dc63e3b580a1ba.png,.dicom,2120,2376,formal_subset_promoted,",False
C:\Users\09688\thoracic-cxr-project-3\data\metadata\image_manifest.csv,270,C:[\\/]Users[\\/]09688[\\/]thoracic-cxr-project(?!-3)(?:[\\/]|\b),"59b1dc77610f1c18cf6524b476128321,C:\Users\09688\thoracic-cxr-project\data\raw\dicom_files\59b1dc77610f1c18cf6524b476128321.dicom,C:\Users\09688\thoracic-cxr-project-3\data\raw\images\59b1dc77610f1c18cf6524b476128321.png,.dicom,3072,3072,formal_subset_promoted,",False
C:\Users\09688\thoracic-cxr-project-3\data\metadata\image_manifest.csv,271,C:[\\/]Users[\\/]09688[\\/]thoracic-cxr-project(?!-3)(?:[\\/]|\b),"59e13a6fecb4e883dee11ec8cbefe478,C:\Users\09688\thoracic-cxr-project\data\raw\dicom_files\59e13a6fecb4e883dee11ec8cbefe478.dicom,C:\Users\09688\thoracic-cxr-project-3\data\raw\images\59e13a6fecb4e883dee11ec8cbefe478.png,.dicom,2048,2500,formal_subset_promoted,",False
C:\Users\09688\thoracic-cxr-project-3\data\metadata\image_manifest.csv,272,C:[\\/]Users[\\/]09688[\\/]thoracic-cxr-project(?!-3)(?:[\\/]|\b),"5aa1078fe0601b8d13d779ecf83badac,C:\Users\09688\thoracic-cxr-project\data\raw\dicom_files\5aa1078fe0601b8d13d779ecf83badac.dicom,C:\Users\09688\thoracic-cxr-project-3\data\raw\images\5aa1078fe0601b8d13d779ecf83badac.png,.dicom,2304,2880,formal_subset_promoted,",False
C:\Users\09688\thoracic-cxr-project-3\data\metadata\image_manifest.csv,273,C:[\\/]Users[\\/]09688[\\/]thoracic-cxr-project(?!-3)(?:[\\/]|\b),"5b50aaeb4070f03384ce3173afe0bdcd,C:\Users\09688\thoracic-cxr-project\data\raw\dicom_files\5b50aaeb4070f03384ce3173afe0bdcd.dicom,C:\Users\09688\thoracic-cxr-project-3\data\raw\images\5b50aaeb4070f03384ce3173afe0bdcd.png,.dicom,2913,2982,formal_subset_promoted,",False
C:\Users\09688\thoracic-cxr-project-3\data\metadata\image_manifest.csv,274,C:[\\/]Users[\\/]09688[\\/]thoracic-cxr-project(?!-3)(?:[\\/]|\b),"5c10838d84f0c6a1bf21c375100a1e7d,C:\Users\09688\thoracic-cxr-project\data\raw\dicom_files\5c10838d84f0c6a1bf21c375100a1e7d.dicom,C:\Users\09688\thoracic-cxr-project-3\data\raw\images\5c10838d84f0c6a1bf21c375100a1e7d.png,.dicom,2304,2880,formal_subset_promoted,",False
C:\Users\09688\thoracic-cxr-project-3\data\metadata\image_manifest.csv,275,C:[\\/]Users[\\/]09688[\\/]thoracic-cxr-project(?!-3)(?:[\\/]|\b),"5ca166e3c183eed19a435a0db42d9939,C:\Users\09688\thoracic-cxr-project\data\raw\dicom_files\5ca166e3c183eed19a435a0db42d9939.dicom,C:\Users\09688\thoracic-cxr-project-3\data\raw\images\5ca166e3c183eed19a435a0db42d9939.png,.dicom,2048,2500,formal_subset_promoted,",False
C:\Users\09688\thoracic-cxr-project-3\data\metadata\image_manifest.csv,276,C:[\\/]Users[\\/]09688[\\/]thoracic-cxr-project(?!-3)(?:[\\/]|\b),"5e7edf8a5f636b67a2a854b284360cfa,C:\Users\09688\thoracic-cxr-project\data\raw\dicom_files\5e7edf8a5f636b67a2a854b284360cfa.dicom,C:\Users\09688\thoracic-cxr-project-3\data\raw\images\5e7edf8a5f636b67a2a854b284360cfa.png,.dicom,2540,3072,formal_subset_promoted,",False
C:\Users\09688\thoracic-cxr-project-3\data\metadata\image_manifest.csv,277,C:[\\/]Users[\\/]09688[\\/]thoracic-cxr-project(?!-3)(?:[\\/]|\b),"5f565b018973e7c70aad47a92a5c14ea,C:\Users\09688\thoracic-cxr-project\data\raw\dicom_files\5f565b018973e7c70aad47a92a5c14ea.dicom,C:\Users\09688\thoracic-cxr-project-3\data\raw\images\5f565b018973e7c70aad47a92a5c14ea.png,.dicom,2048,2500,formal_subset_promoted,",False
C:\Users\09688\thoracic-cxr-project-3\data\metadata\image_manifest.csv,278,C:[\\/]Users[\\/]09688[\\/]thoracic-cxr-project(?!-3)(?:[\\/]|\b),"5f6d317d6ef78eb1f66b9cf0f0bd8555,C:\Users\09688\thoracic-cxr-project\data\raw\dicom_files\5f6d317d6ef78eb1f66b9cf0f0bd8555.dicom,C:\Users\09688\thoracic-cxr-project-3\data\raw\images\5f6d317d6ef78eb1f66b9cf0f0bd8555.png,.dicom,2048,2500,formal_subset_promoted,",False
C:\Users\09688\thoracic-cxr-project-3\data\metadata\image_manifest.csv,279,C:[\\/]Users[\\/]09688[\\/]thoracic-cxr-project(?!-3)(?:[\\/]|\b),"5ffa2d8c4717aa06a6cdec9f74e775c9,C:\Users\09688\thoracic-cxr-project\data\raw\dicom_files\5ffa2d8c4717aa06a6cdec9f74e775c9.dicom,C:\Users\09688\thoracic-cxr-project-3\data\raw\images\5ffa2d8c4717aa06a6cdec9f74e775c9.png,.dicom,2304,2880,formal_subset_promoted,",False
C:\Users\09688\thoracic-cxr-project-3\data\metadata\image_manifest.csv,280,C:[\\/]Users[\\/]09688[\\/]thoracic-cxr-project(?!-3)(?:[\\/]|\b),"60679b51d403a3a1fc020a0a86fedd8d,C:\Users\09688\thoracic-cxr-project\data\raw\dicom_files\60679b51d403a3a1fc020a0a86fedd8d.dicom,C:\Users\09688\thoracic-cxr-project-3\data\raw\images\60679b51d403a3a1fc020a0a86fedd8d.png,.dicom,3000,3000,formal_subset_promoted,",False
C:\Users\09688\thoracic-cxr-project-3\data\metadata\image_manifest.csv,281,C:[\\/]Users[\\/]09688[\\/]thoracic-cxr-project(?!-3)(?:[\\/]|\b),"60ef7a89da46636e62b8351d15bff6c6,C:\Users\09688\thoracic-cxr-project\data\raw\dicom_files\60ef7a89da46636e62b8351d15bff6c6.dicom,C:\Users\09688\thoracic-cxr-project-3\data\raw\images\60ef7a89da46636e62b8351d15bff6c6.png,.dicom,2048,2500,formal_subset_promoted,",False
C:\Users\09688\thoracic-cxr-project-3\data\metadata\image_manifest.csv,282,C:[\\/]Users[\\/]09688[\\/]thoracic-cxr-project(?!-3)(?:[\\/]|\b),"610d69d7787f995a196a5d8ea8ed1be5,C:\Users\09688\thoracic-cxr-project\data\raw\dicom_files\610d69d7787f995a196a5d8ea8ed1be5.dicom,C:\Users\09688\thoracic-cxr-project-3\data\raw\images\610d69d7787f995a196a5d8ea8ed1be5.png,.dicom,2974,2920,formal_subset_promoted,",False
C:\Users\09688\thoracic-cxr-project-3\data\metadata\image_manifest.csv,283,C:[\\/]Users[\\/]09688[\\/]thoracic-cxr-project(?!-3)(?:[\\/]|\b),"611310e3e1ec37e73e74f1a756b3bb69,C:\Users\09688\thoracic-cxr-project\data\raw\dicom_files\611310e3e1ec37e73e74f1a756b3bb69.dicom,C:\Users\09688\thoracic-cxr-project-3\data\raw\images\611310e3e1ec37e73e74f1a756b3bb69.png,.dicom,2304,2880,formal_subset_promoted,",False
C:\Users\09688\thoracic-cxr-project-3\data\metadata\image_manifest.csv,284,C:[\\/]Users[\\/]09688[\\/]thoracic-cxr-project(?!-3)(?:[\\/]|\b),"613fd7f3a8b48248d4027c90a414ff9a,C:\Users\09688\thoracic-cxr-project\data\raw\dicom_files\613fd7f3a8b48248d4027c90a414ff9a.dicom,C:\Users\09688\thoracic-cxr-project-3\data\raw\images\613fd7f3a8b48248d4027c90a414ff9a.png,.dicom,2282,2613,formal_subset_promoted,",False
C:\Users\09688\thoracic-cxr-project-3\data\metadata\image_manifest.csv,285,C:[\\/]Users[\\/]09688[\\/]thoracic-cxr-project(?!-3)(?:[\\/]|\b),"6257b0277b6dc697985febc707d83011,C:\Users\09688\thoracic-cxr-project\data\raw\dicom_files\6257b0277b6dc697985febc707d83011.dicom,C:\Users\09688\thoracic-cxr-project-3\data\raw\images\6257b0277b6dc697985febc707d83011.png,.dicom,2728,2687,formal_subset_promoted,",False
C:\Users\09688\thoracic-cxr-project-3\data\metadata\image_manifest.csv,286,C:[\\/]Users[\\/]09688[\\/]thoracic-cxr-project(?!-3)(?:[\\/]|\b),"633a915d9f92edf4edc1c4a85548201f,C:\Users\09688\thoracic-cxr-project\data\raw\dicom_files\633a915d9f92edf4edc1c4a85548201f.dicom,C:\Users\09688\thoracic-cxr-project-3\data\raw\images\633a915d9f92edf4edc1c4a85548201f.png,.dicom,2304,2880,formal_subset_promoted,",False
C:\Users\09688\thoracic-cxr-project-3\data\metadata\image_manifest.csv,287,C:[\\/]Users[\\/]09688[\\/]thoracic-cxr-project(?!-3)(?:[\\/]|\b),"6398a304dcec08b7e3f31d0bdd6358a5,C:\Users\09688\thoracic-cxr-project\data\raw\dicom_files\6398a304dcec08b7e3f31d0bdd6358a5.dicom,C:\Users\09688\thoracic-cxr-project-3\data\raw\images\6398a304dcec08b7e3f31d0bdd6358a5.png,.dicom,2674,2907,formal_subset_promoted,",False
C:\Users\09688\thoracic-cxr-project-3\data\metadata\image_manifest.csv,288,C:[\\/]Users[\\/]09688[\\/]thoracic-cxr-project(?!-3)(?:[\\/]|\b),"654957991bdf2ede340cc5335285be5f,C:\Users\09688\thoracic-cxr-project\data\raw\dicom_files\654957991bdf2ede340cc5335285be5f.dicom,C:\Users\09688\thoracic-cxr-project-3\data\raw\images\654957991bdf2ede340cc5335285be5f.png,.dicom,2214,2986,formal_subset_promoted,",False
C:\Users\09688\thoracic-cxr-project-3\data\metadata\image_manifest.csv,289,C:[\\/]Users[\\/]09688[\\/]thoracic-cxr-project(?!-3)(?:[\\/]|\b),"659c6031ed4b7d875e5e14662eb50bf2,C:\Users\09688\thoracic-cxr-project\data\raw\dicom_files\659c6031ed4b7d875e5e14662eb50bf2.dicom,C:\Users\09688\thoracic-cxr-project-3\data\raw\images\659c6031ed4b7d875e5e14662eb50bf2.png,.dicom,2792,3264,formal_subset_promoted,",False
C:\Users\09688\thoracic-cxr-project-3\data\metadata\image_manifest.csv,290,C:[\\/]Users[\\/]09688[\\/]thoracic-cxr-project(?!-3)(?:[\\/]|\b),"65ea8c1976e3b9d6da2bd3f377a89519,C:\Users\09688\thoracic-cxr-project\data\raw\dicom_files\65ea8c1976e3b9d6da2bd3f377a89519.dicom,C:\Users\09688\thoracic-cxr-project-3\data\raw\images\65ea8c1976e3b9d6da2bd3f377a89519.png,.dicom,3072,3072,formal_subset_promoted,",False
C:\Users\09688\thoracic-cxr-project-3\data\metadata\image_manifest.csv,291,C:[\\/]Users[\\/]09688[\\/]thoracic-cxr-project(?!-3)(?:[\\/]|\b),"660d934ad8ecf6701af7eb703e1cb4c8,C:\Users\09688\thoracic-cxr-project\data\raw\dicom_files\660d934ad8ecf6701af7eb703e1cb4c8.dicom,C:\Users\09688\thoracic-cxr-project-3\data\raw\images\660d934ad8ecf6701af7eb703e1cb4c8.png,.dicom,2048,2500,formal_subset_promoted,",False
C:\Users\09688\thoracic-cxr-project-3\data\metadata\image_manifest.csv,292,C:[\\/]Users[\\/]09688[\\/]thoracic-cxr-project(?!-3)(?:[\\/]|\b),"66332eb5425bcdc6854aae970cc656b9,C:\Users\09688\thoracic-cxr-project\data\raw\dicom_files\66332eb5425bcdc6854aae970cc656b9.dicom,C:\Users\09688\thoracic-cxr-project-3\data\raw\images\66332eb5425bcdc6854aae970cc656b9.png,.dicom,2936,2963,formal_subset_promoted,",False
C:\Users\09688\thoracic-cxr-project-3\data\metadata\image_manifest.csv,293,C:[\\/]Users[\\/]09688[\\/]thoracic-cxr-project(?!-3)(?:[\\/]|\b),"6692df8a8c5f641eff181a2f589bfe80,C:\Users\09688\thoracic-cxr-project\data\raw\dicom_files\6692df8a8c5f641eff181a2f589bfe80.dicom,C:\Users\09688\thoracic-cxr-project-3\data\raw\images\6692df8a8c5f641eff181a2f589bfe80.png,.dicom,2576,2876,formal_subset_promoted,",False
C:\Users\09688\thoracic-cxr-project-3\data\metadata\image_manifest.csv,294,C:[\\/]Users[\\/]09688[\\/]thoracic-cxr-project(?!-3)(?:[\\/]|\b),"66cc79784846f7ec74c4ced47c244b24,C:\Users\09688\thoracic-cxr-project\data\raw\dicom_files\66cc79784846f7ec74c4ced47c244b24.dicom,C:\Users\09688\thoracic-cxr-project-3\data\raw\images\66cc79784846f7ec74c4ced47c244b24.png,.dicom,2304,2880,formal_subset_promoted,",False
C:\Users\09688\thoracic-cxr-project-3\data\metadata\image_manifest.csv,295,C:[\\/]Users[\\/]09688[\\/]thoracic-cxr-project(?!-3)(?:[\\/]|\b),"678219cc34c08e4b184dbe73ef52a680,C:\Users\09688\thoracic-cxr-project\data\raw\dicom_files\678219cc34c08e4b184dbe73ef52a680.dicom,C:\Users\09688\thoracic-cxr-project-3\data\raw\images\678219cc34c08e4b184dbe73ef52a680.png,.dicom,2540,3072,formal_subset_promoted,",False
C:\Users\09688\thoracic-cxr-project-3\data\metadata\image_manifest.csv,296,C:[\\/]Users[\\/]09688[\\/]thoracic-cxr-project(?!-3)(?:[\\/]|\b),"68122971781f688cce53b8700e0da080,C:\Users\09688\thoracic-cxr-project\data\raw\dicom_files\68122971781f688cce53b8700e0da080.dicom,C:\Users\09688\thoracic-cxr-project-3\data\raw\images\68122971781f688cce53b8700e0da080.png,.dicom,2304,2880,formal_subset_promoted,",False
C:\Users\09688\thoracic-cxr-project-3\data\metadata\image_manifest.csv,297,C:[\\/]Users[\\/]09688[\\/]thoracic-cxr-project(?!-3)(?:[\\/]|\b),"68389e585575ff6e536f3fbff8101474,C:\Users\09688\thoracic-cxr-project\data\raw\dicom_files\68389e585575ff6e536f3fbff8101474.dicom,C:\Users\09688\thoracic-cxr-project-3\data\raw\images\68389e585575ff6e536f3fbff8101474.png,.dicom,2304,2880,formal_subset_promoted,",False
C:\Users\09688\thoracic-cxr-project-3\data\metadata\image_manifest.csv,298,C:[\\/]Users[\\/]09688[\\/]thoracic-cxr-project(?!-3)(?:[\\/]|\b),"68fcd04c343c408db5acce03b38c2e1e,C:\Users\09688\thoracic-cxr-project\data\raw\dicom_files\68fcd04c343c408db5acce03b38c2e1e.dicom,C:\Users\09688\thoracic-cxr-project-3\data\raw\images\68fcd04c343c408db5acce03b38c2e1e.png,.dicom,2304,2880,formal_subset_promoted,",False
C:\Users\09688\thoracic-cxr-project-3\data\metadata\image_manifest.csv,299,C:[\\/]Users[\\/]09688[\\/]thoracic-cxr-project(?!-3)(?:[\\/]|\b),"6a0da094696816e8ccc92c81602173d1,C:\Users\09688\thoracic-cxr-project\data\raw\dicom_files\6a0da094696816e8ccc92c81602173d1.dicom,C:\Users\09688\thoracic-cxr-project-3\data\raw\images\6a0da094696816e8ccc92c81602173d1.png,.dicom,2008,2112,formal_subset_promoted,",False
C:\Users\09688\thoracic-cxr-project-3\data\metadata\image_manifest.csv,300,C:[\\/]Users[\\/]09688[\\/]thoracic-cxr-project(?!-3)(?:[\\/]|\b),"6a53a62b736fb59c4e2c35f99778656f,C:\Users\09688\thoracic-cxr-project\data\raw\dicom_files\6a53a62b736fb59c4e2c35f99778656f.dicom,C:\Users\09688\thoracic-cxr-project-3\data\raw\images\6a53a62b736fb59c4e2c35f99778656f.png,.dicom,2367,2551,formal_subset_promoted,",False
C:\Users\09688\thoracic-cxr-project-3\data\metadata\image_manifest.csv,301,C:[\\/]Users[\\/]09688[\\/]thoracic-cxr-project(?!-3)(?:[\\/]|\b),"6ada6149fec45a9046dbfe15e3459ec8,C:\Users\09688\thoracic-cxr-project\data\raw\dicom_files\6ada6149fec45a9046dbfe15e3459ec8.dicom,C:\Users\09688\thoracic-cxr-project-3\data\raw\images\6ada6149fec45a9046dbfe15e3459ec8.png,.dicom,2304,2880,formal_subset_promoted,",False
C:\Users\09688\thoracic-cxr-project-3\data\metadata\image_manifest.csv,302,C:[\\/]Users[\\/]09688[\\/]thoracic-cxr-project(?!-3)(?:[\\/]|\b),"6b49f9a611fb606933242b3409569497,C:\Users\09688\thoracic-cxr-project\data\raw\dicom_files\6b49f9a611fb606933242b3409569497.dicom,C:\Users\09688\thoracic-cxr-project-3\data\raw\images\6b49f9a611fb606933242b3409569497.png,.dicom,2486,3120,formal_subset_promoted,",False
C:\Users\09688\thoracic-cxr-project-3\data\metadata\image_manifest.csv,303,C:[\\/]Users[\\/]09688[\\/]thoracic-cxr-project(?!-3)(?:[\\/]|\b),"6bb053f269fb54485e70eb65424578f3,C:\Users\09688\thoracic-cxr-project\data\raw\dicom_files\6bb053f269fb54485e70eb65424578f3.dicom,C:\Users\09688\thoracic-cxr-project-3\data\raw\images\6bb053f269fb54485e70eb65424578f3.png,.dicom,2517,3028,formal_subset_promoted,",False
C:\Users\09688\thoracic-cxr-project-3\data\metadata\image_manifest.csv,304,C:[\\/]Users[\\/]09688[\\/]thoracic-cxr-project(?!-3)(?:[\\/]|\b),"6bfb85750420c5ee853ad5372dcfbd76,C:\Users\09688\thoracic-cxr-project\data\raw\dicom_files\6bfb85750420c5ee853ad5372dcfbd76.dicom,C:\Users\09688\thoracic-cxr-project-3\data\raw\images\6bfb85750420c5ee853ad5372dcfbd76.png,.dicom,2048,2500,formal_subset_promoted,",False
C:\Users\09688\thoracic-cxr-project-3\data\metadata\image_manifest.csv,305,C:[\\/]Users[\\/]09688[\\/]thoracic-cxr-project(?!-3)(?:[\\/]|\b),"6c45f970e82a55ffca6f7259d82197e7,C:\Users\09688\thoracic-cxr-project\data\raw\dicom_files\6c45f970e82a55ffca6f7259d82197e7.dicom,C:\Users\09688\thoracic-cxr-project-3\data\raw\images\6c45f970e82a55ffca6f7259d82197e7.png,.dicom,2680,3045,formal_subset_promoted,",False
C:\Users\09688\thoracic-cxr-project-3\data\metadata\image_manifest.csv,306,C:[\\/]Users[\\/]09688[\\/]thoracic-cxr-project(?!-3)(?:[\\/]|\b),"6c52edbfaea1be8334fd862161a8f4e4,C:\Users\09688\thoracic-cxr-project\data\raw\dicom_files\6c52edbfaea1be8334fd862161a8f4e4.dicom,C:\Users\09688\thoracic-cxr-project-3\data\raw\images\6c52edbfaea1be8334fd862161a8f4e4.png,.dicom,2571,3086,formal_subset_promoted,",False
C:\Users\09688\thoracic-cxr-project-3\data\metadata\image_manifest.csv,307,C:[\\/]Users[\\/]09688[\\/]thoracic-cxr-project(?!-3)(?:[\\/]|\b),"6c7235e58f45b35fa517bb1a855f7504,C:\Users\09688\thoracic-cxr-project\data\raw\dicom_files\6c7235e58f45b35fa517bb1a855f7504.dicom,C:\Users\09688\thoracic-cxr-project-3\data\raw\images\6c7235e58f45b35fa517bb1a855f7504.png,.dicom,2704,3408,formal_subset_promoted,",False
C:\Users\09688\thoracic-cxr-project-3\data\metadata\image_manifest.csv,308,C:[\\/]Users[\\/]09688[\\/]thoracic-cxr-project(?!-3)(?:[\\/]|\b),"6d3cd7503968e1d95d46dccb35e6b617,C:\Users\09688\thoracic-cxr-project\data\raw\dicom_files\6d3cd7503968e1d95d46dccb35e6b617.dicom,C:\Users\09688\thoracic-cxr-project-3\data\raw\images\6d3cd7503968e1d95d46dccb35e6b617.png,.dicom,2724,3256,formal_subset_promoted,",False
C:\Users\09688\thoracic-cxr-project-3\data\metadata\image_manifest.csv,309,C:[\\/]Users[\\/]09688[\\/]thoracic-cxr-project(?!-3)(?:[\\/]|\b),"6d5acf3f8a973a26844d617fffe72998,C:\Users\09688\thoracic-cxr-project\data\raw\dicom_files\6d5acf3f8a973a26844d617fffe72998.dicom,C:\Users\09688\thoracic-cxr-project-3\data\raw\images\6d5acf3f8a973a26844d617fffe72998.png,.dicom,2304,2880,formal_subset_promoted,",False
C:\Users\09688\thoracic-cxr-project-3\data\metadata\image_manifest.csv,310,C:[\\/]Users[\\/]09688[\\/]thoracic-cxr-project(?!-3)(?:[\\/]|\b),"6db88a54762f5e34ce31d2f43deb812d,C:\Users\09688\thoracic-cxr-project\data\raw\dicom_files\6db88a54762f5e34ce31d2f43deb812d.dicom,C:\Users\09688\thoracic-cxr-project-3\data\raw\images\6db88a54762f5e34ce31d2f43deb812d.png,.dicom,2304,2880,formal_subset_promoted,",False
C:\Users\09688\thoracic-cxr-project-3\data\metadata\image_manifest.csv,311,C:[\\/]Users[\\/]09688[\\/]thoracic-cxr-project(?!-3)(?:[\\/]|\b),"6e224b4caf02b51618bda425011636f2,C:\Users\09688\thoracic-cxr-project\data\raw\dicom_files\6e224b4caf02b51618bda425011636f2.dicom,C:\Users\09688\thoracic-cxr-project-3\data\raw\images\6e224b4caf02b51618bda425011636f2.png,.dicom,3320,2848,formal_subset_promoted,",False
C:\Users\09688\thoracic-cxr-project-3\data\metadata\image_manifest.csv,312,C:[\\/]Users[\\/]09688[\\/]thoracic-cxr-project(?!-3)(?:[\\/]|\b),"6f8e0af5fff2c4c45f6eb841a4221235,C:\Users\09688\thoracic-cxr-project\data\raw\dicom_files\6f8e0af5fff2c4c45f6eb841a4221235.dicom,C:\Users\09688\thoracic-cxr-project-3\data\raw\images\6f8e0af5fff2c4c45f6eb841a4221235.png,.dicom,2472,2844,formal_subset_promoted,",False
C:\Users\09688\thoracic-cxr-project-3\data\metadata\image_manifest.csv,313,C:[\\/]Users[\\/]09688[\\/]thoracic-cxr-project(?!-3)(?:[\\/]|\b),"70050ec61a0f61030b7ce001eab0fefa,C:\Users\09688\thoracic-cxr-project\data\raw\dicom_files\70050ec61a0f61030b7ce001eab0fefa.dicom,C:\Users\09688\thoracic-cxr-project-3\data\raw\images\70050ec61a0f61030b7ce001eab0fefa.png,.dicom,2652,2972,formal_subset_promoted,",False
C:\Users\09688\thoracic-cxr-project-3\data\metadata\image_manifest.csv,314,C:[\\/]Users[\\/]09688[\\/]thoracic-cxr-project(?!-3)(?:[\\/]|\b),"70485d0ffe6e2b1d90b6127c5c023f18,C:\Users\09688\thoracic-cxr-project\data\raw\dicom_files\70485d0ffe6e2b1d90b6127c5c023f18.dicom,C:\Users\09688\thoracic-cxr-project-3\data\raw\images\70485d0ffe6e2b1d90b6127c5c023f18.png,.dicom,2812,2816,formal_subset_promoted,",False
C:\Users\09688\thoracic-cxr-project-3\data\metadata\image_manifest.csv,315,C:[\\/]Users[\\/]09688[\\/]thoracic-cxr-project(?!-3)(?:[\\/]|\b),"717b848dae42dc6c33d6d3a5754e690b,C:\Users\09688\thoracic-cxr-project\data\raw\dicom_files\717b848dae42dc6c33d6d3a5754e690b.dicom,C:\Users\09688\thoracic-cxr-project-3\data\raw\images\717b848dae42dc6c33d6d3a5754e690b.png,.dicom,2817,3383,formal_subset_promoted,",False
C:\Users\09688\thoracic-cxr-project-3\data\metadata\image_manifest.csv,316,C:[\\/]Users[\\/]09688[\\/]thoracic-cxr-project(?!-3)(?:[\\/]|\b),"71cfb66b2166800fae0283d2f28b0902,C:\Users\09688\thoracic-cxr-project\data\raw\dicom_files\71cfb66b2166800fae0283d2f28b0902.dicom,C:\Users\09688\thoracic-cxr-project-3\data\raw\images\71cfb66b2166800fae0283d2f28b0902.png,.dicom,2304,2880,formal_subset_promoted,",False
C:\Users\09688\thoracic-cxr-project-3\data\metadata\image_manifest.csv,317,C:[\\/]Users[\\/]09688[\\/]thoracic-cxr-project(?!-3)(?:[\\/]|\b),"72a03107b8c5fffea70fb4d36ebeecb8,C:\Users\09688\thoracic-cxr-project\data\raw\dicom_files\72a03107b8c5fffea70fb4d36ebeecb8.dicom,C:\Users\09688\thoracic-cxr-project-3\data\raw\images\72a03107b8c5fffea70fb4d36ebeecb8.png,.dicom,1936,2080,formal_subset_promoted,",False
C:\Users\09688\thoracic-cxr-project-3\data\metadata\image_manifest.csv,318,C:[\\/]Users[\\/]09688[\\/]thoracic-cxr-project(?!-3)(?:[\\/]|\b),"74292e695d6b5868b89acf26363ee93e,C:\Users\09688\thoracic-cxr-project\data\raw\dicom_files\74292e695d6b5868b89acf26363ee93e.dicom,C:\Users\09688\thoracic-cxr-project-3\data\raw\images\74292e695d6b5868b89acf26363ee93e.png,.dicom,2304,2880,formal_subset_promoted,",False
C:\Users\09688\thoracic-cxr-project-3\data\metadata\image_manifest.csv,319,C:[\\/]Users[\\/]09688[\\/]thoracic-cxr-project(?!-3)(?:[\\/]|\b),"7444ecc98d1984f4e864b265857bda11,C:\Users\09688\thoracic-cxr-project\data\raw\dicom_files\7444ecc98d1984f4e864b265857bda11.dicom,C:\Users\09688\thoracic-cxr-project-3\data\raw\images\7444ecc98d1984f4e864b265857bda11.png,.dicom,2540,3072,formal_subset_promoted,",False
C:\Users\09688\thoracic-cxr-project-3\data\metadata\image_manifest.csv,320,C:[\\/]Users[\\/]09688[\\/]thoracic-cxr-project(?!-3)(?:[\\/]|\b),"7486840374f87cde690928d1b33aa97c,C:\Users\09688\thoracic-cxr-project\data\raw\dicom_files\7486840374f87cde690928d1b33aa97c.dicom,C:\Users\09688\thoracic-cxr-project-3\data\raw\images\7486840374f87cde690928d1b33aa97c.png,.dicom,2304,2880,formal_subset_promoted,",False
C:\Users\09688\thoracic-cxr-project-3\data\metadata\image_manifest.csv,321,C:[\\/]Users[\\/]09688[\\/]thoracic-cxr-project(?!-3)(?:[\\/]|\b),"7540b357c67f2049cc0b8808fa2b91fc,C:\Users\09688\thoracic-cxr-project\data\raw\dicom_files\7540b357c67f2049cc0b8808fa2b91fc.dicom,C:\Users\09688\thoracic-cxr-project-3\data\raw\images\7540b357c67f2049cc0b8808fa2b91fc.png,.dicom,2476,2916,formal_subset_promoted,",False
C:\Users\09688\thoracic-cxr-project-3\data\metadata\image_manifest.csv,322,C:[\\/]Users[\\/]09688[\\/]thoracic-cxr-project(?!-3)(?:[\\/]|\b),"75de97fbdf15aa3e1927a97ff9479327,C:\Users\09688\thoracic-cxr-project\data\raw\dicom_files\75de97fbdf15aa3e1927a97ff9479327.dicom,C:\Users\09688\thoracic-cxr-project-3\data\raw\images\75de97fbdf15aa3e1927a97ff9479327.png,.dicom,3072,3072,formal_subset_promoted,",False
C:\Users\09688\thoracic-cxr-project-3\data\metadata\image_manifest.csv,323,C:[\\/]Users[\\/]09688[\\/]thoracic-cxr-project(?!-3)(?:[\\/]|\b),"7664d4a022c8ca9a94c0bb8adb48209c,C:\Users\09688\thoracic-cxr-project\data\raw\dicom_files\7664d4a022c8ca9a94c0bb8adb48209c.dicom,C:\Users\09688\thoracic-cxr-project-3\data\raw\images\7664d4a022c8ca9a94c0bb8adb48209c.png,.dicom,3003,3115,formal_subset_promoted,",False
C:\Users\09688\thoracic-cxr-project-3\data\metadata\image_manifest.csv,324,C:[\\/]Users[\\/]09688[\\/]thoracic-cxr-project(?!-3)(?:[\\/]|\b),"76a8a1a491e23dc44e0c33654f10c632,C:\Users\09688\thoracic-cxr-project\data\raw\dicom_files\76a8a1a491e23dc44e0c33654f10c632.dicom,C:\Users\09688\thoracic-cxr-project-3\data\raw\images\76a8a1a491e23dc44e0c33654f10c632.png,.dicom,2048,2500,formal_subset_promoted,",False
C:\Users\09688\thoracic-cxr-project-3\data\metadata\image_manifest.csv,325,C:[\\/]Users[\\/]09688[\\/]thoracic-cxr-project(?!-3)(?:[\\/]|\b),"76daa0fd9fc0346e09cbcc7ac90c9fb1,C:\Users\09688\thoracic-cxr-project\data\raw\dicom_files\76daa0fd9fc0346e09cbcc7ac90c9fb1.dicom,C:\Users\09688\thoracic-cxr-project-3\data\raw\images\76daa0fd9fc0346e09cbcc7ac90c9fb1.png,.dicom,2048,2500,formal_subset_promoted,",False
C:\Users\09688\thoracic-cxr-project-3\data\metadata\image_manifest.csv,326,C:[\\/]Users[\\/]09688[\\/]thoracic-cxr-project(?!-3)(?:[\\/]|\b),"7705b3f3b2a3a2de67e579119f53466e,C:\Users\09688\thoracic-cxr-project\data\raw\dicom_files\7705b3f3b2a3a2de67e579119f53466e.dicom,C:\Users\09688\thoracic-cxr-project-3\data\raw\images\7705b3f3b2a3a2de67e579119f53466e.png,.dicom,3072,3072,formal_subset_promoted,",False
C:\Users\09688\thoracic-cxr-project-3\data\metadata\image_manifest.csv,327,C:[\\/]Users[\\/]09688[\\/]thoracic-cxr-project(?!-3)(?:[\\/]|\b),"77721a660a5784c2b244167443f1bc26,C:\Users\09688\thoracic-cxr-project\data\raw\dicom_files\77721a660a5784c2b244167443f1bc26.dicom,C:\Users\09688\thoracic-cxr-project-3\data\raw\images\77721a660a5784c2b244167443f1bc26.png,.dicom,2593,3018,formal_subset_promoted,",False
C:\Users\09688\thoracic-cxr-project-3\data\metadata\image_manifest.csv,328,C:[\\/]Users[\\/]09688[\\/]thoracic-cxr-project(?!-3)(?:[\\/]|\b),"77a86229631c04f92af02336b28db006,C:\Users\09688\thoracic-cxr-project\data\raw\dicom_files\77a86229631c04f92af02336b28db006.dicom,C:\Users\09688\thoracic-cxr-project-3\data\raw\images\77a86229631c04f92af02336b28db006.png,.dicom,2048,2500,formal_subset_promoted,",False
C:\Users\09688\thoracic-cxr-project-3\data\metadata\image_manifest.csv,329,C:[\\/]Users[\\/]09688[\\/]thoracic-cxr-project(?!-3)(?:[\\/]|\b),"77f4f19048695b17ba4194ae3b9bea8a,C:\Users\09688\thoracic-cxr-project\data\raw\dicom_files\77f4f19048695b17ba4194ae3b9bea8a.dicom,C:\Users\09688\thoracic-cxr-project-3\data\raw\images\77f4f19048695b17ba4194ae3b9bea8a.png,.dicom,2304,2880,formal_subset_promoted,",False
C:\Users\09688\thoracic-cxr-project-3\data\metadata\image_manifest.csv,330,C:[\\/]Users[\\/]09688[\\/]thoracic-cxr-project(?!-3)(?:[\\/]|\b),"79af351d135ae05867a85d509082f530,C:\Users\09688\thoracic-cxr-project\data\raw\dicom_files\79af351d135ae05867a85d509082f530.dicom,C:\Users\09688\thoracic-cxr-project-3\data\raw\images\79af351d135ae05867a85d509082f530.png,.dicom,2540,3072,formal_subset_promoted,",False
C:\Users\09688\thoracic-cxr-project-3\data\metadata\image_manifest.csv,331,C:[\\/]Users[\\/]09688[\\/]thoracic-cxr-project(?!-3)(?:[\\/]|\b),"79e8d10895b6cd7b1fca87139719b63a,C:\Users\09688\thoracic-cxr-project\data\raw\dicom_files\79e8d10895b6cd7b1fca87139719b63a.dicom,C:\Users\09688\thoracic-cxr-project-3\data\raw\images\79e8d10895b6cd7b1fca87139719b63a.png,.dicom,3072,3072,formal_subset_promoted,",False
C:\Users\09688\thoracic-cxr-project-3\data\metadata\image_manifest.csv,332,C:[\\/]Users[\\/]09688[\\/]thoracic-cxr-project(?!-3)(?:[\\/]|\b),"7b30d37b73be405bfd91ed5e2d46c473,C:\Users\09688\thoracic-cxr-project\data\raw\dicom_files\7b30d37b73be405bfd91ed5e2d46c473.dicom,C:\Users\09688\thoracic-cxr-project-3\data\raw\images\7b30d37b73be405bfd91ed5e2d46c473.png,.dicom,2304,2880,formal_subset_promoted,",False
C:\Users\09688\thoracic-cxr-project-3\data\metadata\image_manifest.csv,333,C:[\\/]Users[\\/]09688[\\/]thoracic-cxr-project(?!-3)(?:[\\/]|\b),"7c3eb59ae4e838ad4632fe96c25bcdf4,C:\Users\09688\thoracic-cxr-project\data\raw\dicom_files\7c3eb59ae4e838ad4632fe96c25bcdf4.dicom,C:\Users\09688\thoracic-cxr-project-3\data\raw\images\7c3eb59ae4e838ad4632fe96c25bcdf4.png,.dicom,2208,2688,formal_subset_promoted,",False
C:\Users\09688\thoracic-cxr-project-3\data\metadata\image_manifest.csv,334,C:[\\/]Users[\\/]09688[\\/]thoracic-cxr-project(?!-3)(?:[\\/]|\b),"7cf206f4cfa9f72eb70cd9d5d9200185,C:\Users\09688\thoracic-cxr-project\data\raw\dicom_files\7cf206f4cfa9f72eb70cd9d5d9200185.dicom,C:\Users\09688\thoracic-cxr-project-3\data\raw\images\7cf206f4cfa9f72eb70cd9d5d9200185.png,.dicom,2436,2865,formal_subset_promoted,",False
C:\Users\09688\thoracic-cxr-project-3\data\metadata\image_manifest.csv,335,C:[\\/]Users[\\/]09688[\\/]thoracic-cxr-project(?!-3)(?:[\\/]|\b),"7d3e79d32d233140b7e30880739a42c4,C:\Users\09688\thoracic-cxr-project\data\raw\dicom_files\7d3e79d32d233140b7e30880739a42c4.dicom,C:\Users\09688\thoracic-cxr-project-3\data\raw\images\7d3e79d32d233140b7e30880739a42c4.png,.dicom,2460,2330,formal_subset_promoted,",False
C:\Users\09688\thoracic-cxr-project-3\data\metadata\image_manifest.csv,336,C:[\\/]Users[\\/]09688[\\/]thoracic-cxr-project(?!-3)(?:[\\/]|\b),"7d610aae49bf4f979e16c2d8859f5f87,C:\Users\09688\thoracic-cxr-project\data\raw\dicom_files\7d610aae49bf4f979e16c2d8859f5f87.dicom,C:\Users\09688\thoracic-cxr-project-3\data\raw\images\7d610aae49bf4f979e16c2d8859f5f87.png,.dicom,2304,2880,formal_subset_promoted,",False
C:\Users\09688\thoracic-cxr-project-3\data\metadata\image_manifest.csv,337,C:[\\/]Users[\\/]09688[\\/]thoracic-cxr-project(?!-3)(?:[\\/]|\b),"7e86aee54688699519f47582c4d44bf3,C:\Users\09688\thoracic-cxr-project\data\raw\dicom_files\7e86aee54688699519f47582c4d44bf3.dicom,C:\Users\09688\thoracic-cxr-project-3\data\raw\images\7e86aee54688699519f47582c4d44bf3.png,.dicom,2593,3018,formal_subset_promoted,",False
C:\Users\09688\thoracic-cxr-project-3\data\metadata\image_manifest.csv,338,C:[\\/]Users[\\/]09688[\\/]thoracic-cxr-project(?!-3)(?:[\\/]|\b),"7e9efb8ee0bae7af280f5ea091f8d245,C:\Users\09688\thoracic-cxr-project\data\raw\dicom_files\7e9efb8ee0bae7af280f5ea091f8d245.dicom,C:\Users\09688\thoracic-cxr-project-3\data\raw\images\7e9efb8ee0bae7af280f5ea091f8d245.png,.dicom,3072,3072,formal_subset_promoted,",False
C:\Users\09688\thoracic-cxr-project-3\data\metadata\image_manifest.csv,339,C:[\\/]Users[\\/]09688[\\/]thoracic-cxr-project(?!-3)(?:[\\/]|\b),"7eda1e28e4cee7d8016276c87b76259f,C:\Users\09688\thoracic-cxr-project\data\raw\dicom_files\7eda1e28e4cee7d8016276c87b76259f.dicom,C:\Users\09688\thoracic-cxr-project-3\data\raw\images\7eda1e28e4cee7d8016276c87b76259f.png,.dicom,1912,2256,formal_subset_promoted,",False
C:\Users\09688\thoracic-cxr-project-3\data\metadata\image_manifest.csv,340,C:[\\/]Users[\\/]09688[\\/]thoracic-cxr-project(?!-3)(?:[\\/]|\b),"7f5eab5de5307d4ae8e2a0fa99c0b41a,C:\Users\09688\thoracic-cxr-project\data\raw\dicom_files\7f5eab5de5307d4ae8e2a0fa99c0b41a.dicom,C:\Users\09688\thoracic-cxr-project-3\data\raw\images\7f5eab5de5307d4ae8e2a0fa99c0b41a.png,.dicom,2211,2882,formal_subset_promoted,",False
C:\Users\09688\thoracic-cxr-project-3\data\metadata\image_manifest.csv,341,C:[\\/]Users[\\/]09688[\\/]thoracic-cxr-project(?!-3)(?:[\\/]|\b),"8004676ecf95af8cee446cbcd139a938,C:\Users\09688\thoracic-cxr-project\data\raw\dicom_files\8004676ecf95af8cee446cbcd139a938.dicom,C:\Users\09688\thoracic-cxr-project-3\data\raw\images\8004676ecf95af8cee446cbcd139a938.png,.dicom,2304,2880,formal_subset_promoted,",False
C:\Users\09688\thoracic-cxr-project-3\data\metadata\image_manifest.csv,342,C:[\\/]Users[\\/]09688[\\/]thoracic-cxr-project(?!-3)(?:[\\/]|\b),"8036ddc6d564439af50497faef05eec3,C:\Users\09688\thoracic-cxr-project\data\raw\dicom_files\8036ddc6d564439af50497faef05eec3.dicom,C:\Users\09688\thoracic-cxr-project-3\data\raw\images\8036ddc6d564439af50497faef05eec3.png,.dicom,2558,3026,formal_subset_promoted,",False
C:\Users\09688\thoracic-cxr-project-3\data\metadata\image_manifest.csv,343,C:[\\/]Users[\\/]09688[\\/]thoracic-cxr-project(?!-3)(?:[\\/]|\b),"80566fdc49f6da7e1a3e5f69bda6d299,C:\Users\09688\thoracic-cxr-project\data\raw\dicom_files\80566fdc49f6da7e1a3e5f69bda6d299.dicom,C:\Users\09688\thoracic-cxr-project-3\data\raw\images\80566fdc49f6da7e1a3e5f69bda6d299.png,.dicom,3292,3332,formal_subset_promoted,",False
C:\Users\09688\thoracic-cxr-project-3\data\metadata\image_manifest.csv,344,C:[\\/]Users[\\/]09688[\\/]thoracic-cxr-project(?!-3)(?:[\\/]|\b),"80caa435b6ab5edaff4a0a758ffaec6e,C:\Users\09688\thoracic-cxr-project\data\raw\dicom_files\80caa435b6ab5edaff4a0a758ffaec6e.dicom,C:\Users\09688\thoracic-cxr-project-3\data\raw\images\80caa435b6ab5edaff4a0a758ffaec6e.png,.dicom,3001,3107,formal_subset_promoted,",False
C:\Users\09688\thoracic-cxr-project-3\data\metadata\image_manifest.csv,345,C:[\\/]Users[\\/]09688[\\/]thoracic-cxr-project(?!-3)(?:[\\/]|\b),"80f2bd216bbb01b56cf50c9a85f79233,C:\Users\09688\thoracic-cxr-project\data\raw\dicom_files\80f2bd216bbb01b56cf50c9a85f79233.dicom,C:\Users\09688\thoracic-cxr-project-3\data\raw\images\80f2bd216bbb01b56cf50c9a85f79233.png,.dicom,3241,3132,formal_subset_promoted,",False
C:\Users\09688\thoracic-cxr-project-3\data\metadata\image_manifest.csv,346,C:[\\/]Users[\\/]09688[\\/]thoracic-cxr-project(?!-3)(?:[\\/]|\b),"810491951571933b11959743e41a704b,C:\Users\09688\thoracic-cxr-project\data\raw\dicom_files\810491951571933b11959743e41a704b.dicom,C:\Users\09688\thoracic-cxr-project-3\data\raw\images\810491951571933b11959743e41a704b.png,.dicom,2686,2615,formal_subset_promoted,",False
C:\Users\09688\thoracic-cxr-project-3\data\metadata\image_manifest.csv,347,C:[\\/]Users[\\/]09688[\\/]thoracic-cxr-project(?!-3)(?:[\\/]|\b),"816008f1b6e1fd740b3b52bb9e258377,C:\Users\09688\thoracic-cxr-project\data\raw\dicom_files\816008f1b6e1fd740b3b52bb9e258377.dicom,C:\Users\09688\thoracic-cxr-project-3\data\raw\images\816008f1b6e1fd740b3b52bb9e258377.png,.dicom,2304,2880,formal_subset_promoted,",False
C:\Users\09688\thoracic-cxr-project-3\data\metadata\image_manifest.csv,348,C:[\\/]Users[\\/]09688[\\/]thoracic-cxr-project(?!-3)(?:[\\/]|\b),"828c239be4afbb409fc1c190360a73c9,C:\Users\09688\thoracic-cxr-project\data\raw\dicom_files\828c239be4afbb409fc1c190360a73c9.dicom,C:\Users\09688\thoracic-cxr-project-3\data\raw\images\828c239be4afbb409fc1c190360a73c9.png,.dicom,2016,2264,formal_subset_promoted,",False
C:\Users\09688\thoracic-cxr-project-3\data\metadata\image_manifest.csv,349,C:[\\/]Users[\\/]09688[\\/]thoracic-cxr-project(?!-3)(?:[\\/]|\b),"82d5f09eac7d3abea784450255fddc78,C:\Users\09688\thoracic-cxr-project\data\raw\dicom_files\82d5f09eac7d3abea784450255fddc78.dicom,C:\Users\09688\thoracic-cxr-project-3\data\raw\images\82d5f09eac7d3abea784450255fddc78.png,.dicom,2048,2500,formal_subset_promoted,",False
C:\Users\09688\thoracic-cxr-project-3\data\metadata\image_manifest.csv,350,C:[\\/]Users[\\/]09688[\\/]thoracic-cxr-project(?!-3)(?:[\\/]|\b),"82f62718d5385a45eb2b328b3a90fbdd,C:\Users\09688\thoracic-cxr-project\data\raw\dicom_files\82f62718d5385a45eb2b328b3a90fbdd.dicom,C:\Users\09688\thoracic-cxr-project-3\data\raw\images\82f62718d5385a45eb2b328b3a90fbdd.png,.dicom,2632,3383,formal_subset_promoted,",False
C:\Users\09688\thoracic-cxr-project-3\data\metadata\image_manifest.csv,351,C:[\\/]Users[\\/]09688[\\/]thoracic-cxr-project(?!-3)(?:[\\/]|\b),"83e7cd905776606181931c7b695db12f,C:\Users\09688\thoracic-cxr-project\data\raw\dicom_files\83e7cd905776606181931c7b695db12f.dicom,C:\Users\09688\thoracic-cxr-project-3\data\raw\images\83e7cd905776606181931c7b695db12f.png,.dicom,3268,3268,formal_subset_promoted,",False
C:\Users\09688\thoracic-cxr-project-3\data\metadata\image_manifest.csv,352,C:[\\/]Users[\\/]09688[\\/]thoracic-cxr-project(?!-3)(?:[\\/]|\b),"84a27b87601b81cd39889ced2d489f70,C:\Users\09688\thoracic-cxr-project\data\raw\dicom_files\84a27b87601b81cd39889ced2d489f70.dicom,C:\Users\09688\thoracic-cxr-project-3\data\raw\images\84a27b87601b81cd39889ced2d489f70.png,.dicom,2842,2602,formal_subset_promoted,",False
C:\Users\09688\thoracic-cxr-project-3\data\metadata\image_manifest.csv,353,C:[\\/]Users[\\/]09688[\\/]thoracic-cxr-project(?!-3)(?:[\\/]|\b),"84c87b7beb63b5b3ac76ed9da17c7033,C:\Users\09688\thoracic-cxr-project\data\raw\dicom_files\84c87b7beb63b5b3ac76ed9da17c7033.dicom,C:\Users\09688\thoracic-cxr-project-3\data\raw\images\84c87b7beb63b5b3ac76ed9da17c7033.png,.dicom,2337,2615,formal_subset_promoted,",False
C:\Users\09688\thoracic-cxr-project-3\data\metadata\image_manifest.csv,354,C:[\\/]Users[\\/]09688[\\/]thoracic-cxr-project(?!-3)(?:[\\/]|\b),"84c887e039ef9c6f05eac4a7920a3bab,C:\Users\09688\thoracic-cxr-project\data\raw\dicom_files\84c887e039ef9c6f05eac4a7920a3bab.dicom,C:\Users\09688\thoracic-cxr-project-3\data\raw\images\84c887e039ef9c6f05eac4a7920a3bab.png,.dicom,2373,3408,formal_subset_promoted,",False
C:\Users\09688\thoracic-cxr-project-3\data\metadata\image_manifest.csv,355,C:[\\/]Users[\\/]09688[\\/]thoracic-cxr-project(?!-3)(?:[\\/]|\b),"861788e0e73283c8872552da6e6a4b7f,C:\Users\09688\thoracic-cxr-project\data\raw\dicom_files\861788e0e73283c8872552da6e6a4b7f.dicom,C:\Users\09688\thoracic-cxr-project-3\data\raw\images\861788e0e73283c8872552da6e6a4b7f.png,.dicom,2626,3081,formal_subset_promoted,",False
C:\Users\09688\thoracic-cxr-project-3\data\metadata\image_manifest.csv,356,C:[\\/]Users[\\/]09688[\\/]thoracic-cxr-project(?!-3)(?:[\\/]|\b),"8649d84b0796e9deccdd4f6bd8d4e998,C:\Users\09688\thoracic-cxr-project\data\raw\dicom_files\8649d84b0796e9deccdd4f6bd8d4e998.dicom,C:\Users\09688\thoracic-cxr-project-3\data\raw\images\8649d84b0796e9deccdd4f6bd8d4e998.png,.dicom,2304,2880,formal_subset_promoted,",False
C:\Users\09688\thoracic-cxr-project-3\data\metadata\image_manifest.csv,357,C:[\\/]Users[\\/]09688[\\/]thoracic-cxr-project(?!-3)(?:[\\/]|\b),"865a0a1a1781b55fa40887566aa9cd67,C:\Users\09688\thoracic-cxr-project\data\raw\dicom_files\865a0a1a1781b55fa40887566aa9cd67.dicom,C:\Users\09688\thoracic-cxr-project-3\data\raw\images\865a0a1a1781b55fa40887566aa9cd67.png,.dicom,2661,2882,formal_subset_promoted,",False
C:\Users\09688\thoracic-cxr-project-3\data\metadata\image_manifest.csv,358,C:[\\/]Users[\\/]09688[\\/]thoracic-cxr-project(?!-3)(?:[\\/]|\b),"86ea362edec93fb69697ad8e6920d0d7,C:\Users\09688\thoracic-cxr-project\data\raw\dicom_files\86ea362edec93fb69697ad8e6920d0d7.dicom,C:\Users\09688\thoracic-cxr-project-3\data\raw\images\86ea362edec93fb69697ad8e6920d0d7.png,.dicom,1880,2088,formal_subset_promoted,",False
C:\Users\09688\thoracic-cxr-project-3\data\metadata\image_manifest.csv,359,C:[\\/]Users[\\/]09688[\\/]thoracic-cxr-project(?!-3)(?:[\\/]|\b),"8708b2d996ae54a106918d7b115ecfea,C:\Users\09688\thoracic-cxr-project\data\raw\dicom_files\8708b2d996ae54a106918d7b115ecfea.dicom,C:\Users\09688\thoracic-cxr-project-3\data\raw\images\8708b2d996ae54a106918d7b115ecfea.png,.dicom,2906,2780,formal_subset_promoted,",False
C:\Users\09688\thoracic-cxr-project-3\data\metadata\image_manifest.csv,360,C:[\\/]Users[\\/]09688[\\/]thoracic-cxr-project(?!-3)(?:[\\/]|\b),"87a516c6446958f3f56cf3e4ab8a0c5f,C:\Users\09688\thoracic-cxr-project\data\raw\dicom_files\87a516c6446958f3f56cf3e4ab8a0c5f.dicom,C:\Users\09688\thoracic-cxr-project-3\data\raw\images\87a516c6446958f3f56cf3e4ab8a0c5f.png,.dicom,3003,3379,formal_subset_promoted,",False
C:\Users\09688\thoracic-cxr-project-3\data\metadata\image_manifest.csv,361,C:[\\/]Users[\\/]09688[\\/]thoracic-cxr-project(?!-3)(?:[\\/]|\b),"87a8df2f22475c7200ebe891d0f25b88,C:\Users\09688\thoracic-cxr-project\data\raw\dicom_files\87a8df2f22475c7200ebe891d0f25b88.dicom,C:\Users\09688\thoracic-cxr-project-3\data\raw\images\87a8df2f22475c7200ebe891d0f25b88.png,.dicom,2407,2865,formal_subset_promoted,",False
C:\Users\09688\thoracic-cxr-project-3\data\metadata\image_manifest.csv,362,C:[\\/]Users[\\/]09688[\\/]thoracic-cxr-project(?!-3)(?:[\\/]|\b),"886159a41e7589ba0d0713980591e27d,C:\Users\09688\thoracic-cxr-project\data\raw\dicom_files\886159a41e7589ba0d0713980591e27d.dicom,C:\Users\09688\thoracic-cxr-project-3\data\raw\images\886159a41e7589ba0d0713980591e27d.png,.dicom,2504,2372,formal_subset_promoted,",False
C:\Users\09688\thoracic-cxr-project-3\data\metadata\image_manifest.csv,363,C:[\\/]Users[\\/]09688[\\/]thoracic-cxr-project(?!-3)(?:[\\/]|\b),"8900e436ef9c73811c793b32127de1b8,C:\Users\09688\thoracic-cxr-project\data\raw\dicom_files\8900e436ef9c73811c793b32127de1b8.dicom,C:\Users\09688\thoracic-cxr-project-3\data\raw\images\8900e436ef9c73811c793b32127de1b8.png,.dicom,2472,2980,formal_subset_promoted,",False
C:\Users\09688\thoracic-cxr-project-3\data\metadata\image_manifest.csv,364,C:[\\/]Users[\\/]09688[\\/]thoracic-cxr-project(?!-3)(?:[\\/]|\b),"892e41c7ed24db564a46d384de10c99c,C:\Users\09688\thoracic-cxr-project\data\raw\dicom_files\892e41c7ed24db564a46d384de10c99c.dicom,C:\Users\09688\thoracic-cxr-project-3\data\raw\images\892e41c7ed24db564a46d384de10c99c.png,.dicom,2540,3072,formal_subset_promoted,",False
C:\Users\09688\thoracic-cxr-project-3\data\metadata\image_manifest.csv,365,C:[\\/]Users[\\/]09688[\\/]thoracic-cxr-project(?!-3)(?:[\\/]|\b),"8933f5b721da3ab96e2a6b7efa61fc24,C:\Users\09688\thoracic-cxr-project\data\raw\dicom_files\8933f5b721da3ab96e2a6b7efa61fc24.dicom,C:\Users\09688\thoracic-cxr-project-3\data\raw\images\8933f5b721da3ab96e2a6b7efa61fc24.png,.dicom,2480,2960,formal_subset_promoted,",False
C:\Users\09688\thoracic-cxr-project-3\data\metadata\image_manifest.csv,366,C:[\\/]Users[\\/]09688[\\/]thoracic-cxr-project(?!-3)(?:[\\/]|\b),"89e503ac5a54714d03b313b1a6fac252,C:\Users\09688\thoracic-cxr-project\data\raw\dicom_files\89e503ac5a54714d03b313b1a6fac252.dicom,C:\Users\09688\thoracic-cxr-project-3\data\raw\images\89e503ac5a54714d03b313b1a6fac252.png,.dicom,2772,3052,formal_subset_promoted,",False
C:\Users\09688\thoracic-cxr-project-3\data\metadata\image_manifest.csv,367,C:[\\/]Users[\\/]09688[\\/]thoracic-cxr-project(?!-3)(?:[\\/]|\b),"89e6ab133f587191383608ee04cea79a,C:\Users\09688\thoracic-cxr-project\data\raw\dicom_files\89e6ab133f587191383608ee04cea79a.dicom,C:\Users\09688\thoracic-cxr-project-3\data\raw\images\89e6ab133f587191383608ee04cea79a.png,.dicom,2304,2880,formal_subset_promoted,",False
C:\Users\09688\thoracic-cxr-project-3\data\metadata\image_manifest.csv,368,C:[\\/]Users[\\/]09688[\\/]thoracic-cxr-project(?!-3)(?:[\\/]|\b),"8a482be3ab941b8b011bd9badcb6c094,C:\Users\09688\thoracic-cxr-project\data\raw\dicom_files\8a482be3ab941b8b011bd9badcb6c094.dicom,C:\Users\09688\thoracic-cxr-project-3\data\raw\images\8a482be3ab941b8b011bd9badcb6c094.png,.dicom,2048,2500,formal_subset_promoted,",False
C:\Users\09688\thoracic-cxr-project-3\data\metadata\image_manifest.csv,369,C:[\\/]Users[\\/]09688[\\/]thoracic-cxr-project(?!-3)(?:[\\/]|\b),"8a81e64b8258068648760ba016d0d3a6,C:\Users\09688\thoracic-cxr-project\data\raw\dicom_files\8a81e64b8258068648760ba016d0d3a6.dicom,C:\Users\09688\thoracic-cxr-project-3\data\raw\images\8a81e64b8258068648760ba016d0d3a6.png,.dicom,2800,2890,formal_subset_promoted,",False
C:\Users\09688\thoracic-cxr-project-3\data\metadata\image_manifest.csv,370,C:[\\/]Users[\\/]09688[\\/]thoracic-cxr-project(?!-3)(?:[\\/]|\b),"8a9f6de8179f600733be50c16c7b929e,C:\Users\09688\thoracic-cxr-project\data\raw\dicom_files\8a9f6de8179f600733be50c16c7b929e.dicom,C:\Users\09688\thoracic-cxr-project-3\data\raw\images\8a9f6de8179f600733be50c16c7b929e.png,.dicom,2040,2368,formal_subset_promoted,",False
C:\Users\09688\thoracic-cxr-project-3\data\metadata\image_manifest.csv,371,C:[\\/]Users[\\/]09688[\\/]thoracic-cxr-project(?!-3)(?:[\\/]|\b),"8ac12a69ad57ca73535e04b6cfba5edb,C:\Users\09688\thoracic-cxr-project\data\raw\dicom_files\8ac12a69ad57ca73535e04b6cfba5edb.dicom,C:\Users\09688\thoracic-cxr-project-3\data\raw\images\8ac12a69ad57ca73535e04b6cfba5edb.png,.dicom,2848,3264,formal_subset_promoted,",False
C:\Users\09688\thoracic-cxr-project-3\data\metadata\image_manifest.csv,372,C:[\\/]Users[\\/]09688[\\/]thoracic-cxr-project(?!-3)(?:[\\/]|\b),"8ae85268313b0db2f58d2193aab645c9,C:\Users\09688\thoracic-cxr-project\data\raw\dicom_files\8ae85268313b0db2f58d2193aab645c9.dicom,C:\Users\09688\thoracic-cxr-project-3\data\raw\images\8ae85268313b0db2f58d2193aab645c9.png,.dicom,3072,3072,formal_subset_promoted,",False
C:\Users\09688\thoracic-cxr-project-3\data\metadata\image_manifest.csv,373,C:[\\/]Users[\\/]09688[\\/]thoracic-cxr-project(?!-3)(?:[\\/]|\b),"8bbf80bd095c75b2207ef57a277a661d,C:\Users\09688\thoracic-cxr-project\data\raw\dicom_files\8bbf80bd095c75b2207ef57a277a661d.dicom,C:\Users\09688\thoracic-cxr-project-3\data\raw\images\8bbf80bd095c75b2207ef57a277a661d.png,.dicom,2048,2500,formal_subset_promoted,",False
C:\Users\09688\thoracic-cxr-project-3\data\metadata\image_manifest.csv,374,C:[\\/]Users[\\/]09688[\\/]thoracic-cxr-project(?!-3)(?:[\\/]|\b),"8cacb3b69e1fcc845537d1e4a7c1c5ab,C:\Users\09688\thoracic-cxr-project\data\raw\dicom_files\8cacb3b69e1fcc845537d1e4a7c1c5ab.dicom,C:\Users\09688\thoracic-cxr-project-3\data\raw\images\8cacb3b69e1fcc845537d1e4a7c1c5ab.png,.dicom,2540,3072,formal_subset_promoted,",False
C:\Users\09688\thoracic-cxr-project-3\data\metadata\image_manifest.csv,375,C:[\\/]Users[\\/]09688[\\/]thoracic-cxr-project(?!-3)(?:[\\/]|\b),"8d435f703d51586aa164b24e5ec3b9b0,C:\Users\09688\thoracic-cxr-project\data\raw\dicom_files\8d435f703d51586aa164b24e5ec3b9b0.dicom,C:\Users\09688\thoracic-cxr-project-3\data\raw\images\8d435f703d51586aa164b24e5ec3b9b0.png,.dicom,2787,2856,formal_subset_promoted,",False
C:\Users\09688\thoracic-cxr-project-3\data\metadata\image_manifest.csv,376,C:[\\/]Users[\\/]09688[\\/]thoracic-cxr-project(?!-3)(?:[\\/]|\b),"8d6a0dcadf3c7322e146e729f4ac4ebf,C:\Users\09688\thoracic-cxr-project\data\raw\dicom_files\8d6a0dcadf3c7322e146e729f4ac4ebf.dicom,C:\Users\09688\thoracic-cxr-project-3\data\raw\images\8d6a0dcadf3c7322e146e729f4ac4ebf.png,.dicom,1944,2336,formal_subset_promoted,",False
C:\Users\09688\thoracic-cxr-project-3\data\metadata\image_manifest.csv,377,C:[\\/]Users[\\/]09688[\\/]thoracic-cxr-project(?!-3)(?:[\\/]|\b),"8de556d9cd8d026b8eba03870cc6acba,C:\Users\09688\thoracic-cxr-project\data\raw\dicom_files\8de556d9cd8d026b8eba03870cc6acba.dicom,C:\Users\09688\thoracic-cxr-project-3\data\raw\images\8de556d9cd8d026b8eba03870cc6acba.png,.dicom,2304,2880,formal_subset_promoted,",False
C:\Users\09688\thoracic-cxr-project-3\data\metadata\image_manifest.csv,378,C:[\\/]Users[\\/]09688[\\/]thoracic-cxr-project(?!-3)(?:[\\/]|\b),"8eb38ce22b1b5323c2dad3a92c79e1bd,C:\Users\09688\thoracic-cxr-project\data\raw\dicom_files\8eb38ce22b1b5323c2dad3a92c79e1bd.dicom,C:\Users\09688\thoracic-cxr-project-3\data\raw\images\8eb38ce22b1b5323c2dad3a92c79e1bd.png,.dicom,2817,3022,formal_subset_promoted,",False
C:\Users\09688\thoracic-cxr-project-3\data\metadata\image_manifest.csv,379,C:[\\/]Users[\\/]09688[\\/]thoracic-cxr-project(?!-3)(?:[\\/]|\b),"8eb496d5dd817b996672eab35e7de8f4,C:\Users\09688\thoracic-cxr-project\data\raw\dicom_files\8eb496d5dd817b996672eab35e7de8f4.dicom,C:\Users\09688\thoracic-cxr-project-3\data\raw\images\8eb496d5dd817b996672eab35e7de8f4.png,.dicom,2304,2880,formal_subset_promoted,",False
C:\Users\09688\thoracic-cxr-project-3\data\metadata\image_manifest.csv,380,C:[\\/]Users[\\/]09688[\\/]thoracic-cxr-project(?!-3)(?:[\\/]|\b),"8fdf29fa92d82675c73489bcbb4dda0a,C:\Users\09688\thoracic-cxr-project\data\raw\dicom_files\8fdf29fa92d82675c73489bcbb4dda0a.dicom,C:\Users\09688\thoracic-cxr-project-3\data\raw\images\8fdf29fa92d82675c73489bcbb4dda0a.png,.dicom,2584,2792,formal_subset_promoted,",False
C:\Users\09688\thoracic-cxr-project-3\data\metadata\image_manifest.csv,381,C:[\\/]Users[\\/]09688[\\/]thoracic-cxr-project(?!-3)(?:[\\/]|\b),"900fa6baa0c15f5c96eaed57294ec6d4,C:\Users\09688\thoracic-cxr-project\data\raw\dicom_files\900fa6baa0c15f5c96eaed57294ec6d4.dicom,C:\Users\09688\thoracic-cxr-project-3\data\raw\images\900fa6baa0c15f5c96eaed57294ec6d4.png,.dicom,2829,3124,formal_subset_promoted,",False
C:\Users\09688\thoracic-cxr-project-3\data\metadata\image_manifest.csv,382,C:[\\/]Users[\\/]09688[\\/]thoracic-cxr-project(?!-3)(?:[\\/]|\b),"90823fdce55e57a5c6de680ccf9ffc38,C:\Users\09688\thoracic-cxr-project\data\raw\dicom_files\90823fdce55e57a5c6de680ccf9ffc38.dicom,C:\Users\09688\thoracic-cxr-project-3\data\raw\images\90823fdce55e57a5c6de680ccf9ffc38.png,.dicom,3072,3072,formal_subset_promoted,",False
C:\Users\09688\thoracic-cxr-project-3\data\metadata\image_manifest.csv,383,C:[\\/]Users[\\/]09688[\\/]thoracic-cxr-project(?!-3)(?:[\\/]|\b),"90f4166c777d2ecf85440797c6ee774c,C:\Users\09688\thoracic-cxr-project\data\raw\dicom_files\90f4166c777d2ecf85440797c6ee774c.dicom,C:\Users\09688\thoracic-cxr-project-3\data\raw\images\90f4166c777d2ecf85440797c6ee774c.png,.dicom,2540,3072,formal_subset_promoted,",False
C:\Users\09688\thoracic-cxr-project-3\data\metadata\image_manifest.csv,384,C:[\\/]Users[\\/]09688[\\/]thoracic-cxr-project(?!-3)(?:[\\/]|\b),"91a12fbbe1ad5eb62cdf97edeb122280,C:\Users\09688\thoracic-cxr-project\data\raw\dicom_files\91a12fbbe1ad5eb62cdf97edeb122280.dicom,C:\Users\09688\thoracic-cxr-project-3\data\raw\images\91a12fbbe1ad5eb62cdf97edeb122280.png,.dicom,2843,3372,formal_subset_promoted,",False
C:\Users\09688\thoracic-cxr-project-3\data\metadata\image_manifest.csv,385,C:[\\/]Users[\\/]09688[\\/]thoracic-cxr-project(?!-3)(?:[\\/]|\b),"91e721ea0143333c5efe5dfb8ca98746,C:\Users\09688\thoracic-cxr-project\data\raw\dicom_files\91e721ea0143333c5efe5dfb8ca98746.dicom,C:\Users\09688\thoracic-cxr-project-3\data\raw\images\91e721ea0143333c5efe5dfb8ca98746.png,.dicom,2788,2098,formal_subset_promoted,",False
C:\Users\09688\thoracic-cxr-project-3\data\metadata\image_manifest.csv,386,C:[\\/]Users[\\/]09688[\\/]thoracic-cxr-project(?!-3)(?:[\\/]|\b),"924eb4734344e5808df5d15855d68178,C:\Users\09688\thoracic-cxr-project\data\raw\dicom_files\924eb4734344e5808df5d15855d68178.dicom,C:\Users\09688\thoracic-cxr-project-3\data\raw\images\924eb4734344e5808df5d15855d68178.png,.dicom,3072,3072,formal_subset_promoted,",False
C:\Users\09688\thoracic-cxr-project-3\data\metadata\image_manifest.csv,387,C:[\\/]Users[\\/]09688[\\/]thoracic-cxr-project(?!-3)(?:[\\/]|\b),"9278f10a8ff708a2cb687a2f0366ad74,C:\Users\09688\thoracic-cxr-project\data\raw\dicom_files\9278f10a8ff708a2cb687a2f0366ad74.dicom,C:\Users\09688\thoracic-cxr-project-3\data\raw\images\9278f10a8ff708a2cb687a2f0366ad74.png,.dicom,2668,2963,formal_subset_promoted,",False
C:\Users\09688\thoracic-cxr-project-3\data\metadata\image_manifest.csv,388,C:[\\/]Users[\\/]09688[\\/]thoracic-cxr-project(?!-3)(?:[\\/]|\b),"929cadd9346edbd600e909ce306ebfb6,C:\Users\09688\thoracic-cxr-project\data\raw\dicom_files\929cadd9346edbd600e909ce306ebfb6.dicom,C:\Users\09688\thoracic-cxr-project-3\data\raw\images\929cadd9346edbd600e909ce306ebfb6.png,.dicom,2864,3088,formal_subset_promoted,",False
C:\Users\09688\thoracic-cxr-project-3\data\metadata\image_manifest.csv,389,C:[\\/]Users[\\/]09688[\\/]thoracic-cxr-project(?!-3)(?:[\\/]|\b),"92e9e7ccc49692f0c6fa6917d7289f6f,C:\Users\09688\thoracic-cxr-project\data\raw\dicom_files\92e9e7ccc49692f0c6fa6917d7289f6f.dicom,C:\Users\09688\thoracic-cxr-project-3\data\raw\images\92e9e7ccc49692f0c6fa6917d7289f6f.png,.dicom,2571,2984,formal_subset_promoted,",False
C:\Users\09688\thoracic-cxr-project-3\data\metadata\image_manifest.csv,390,C:[\\/]Users[\\/]09688[\\/]thoracic-cxr-project(?!-3)(?:[\\/]|\b),"9394d988f22d6f03b220ce1b1af919ca,C:\Users\09688\thoracic-cxr-project\data\raw\dicom_files\9394d988f22d6f03b220ce1b1af919ca.dicom,C:\Users\09688\thoracic-cxr-project-3\data\raw\images\9394d988f22d6f03b220ce1b1af919ca.png,.dicom,2304,2880,formal_subset_promoted,",False
C:\Users\09688\thoracic-cxr-project-3\data\metadata\image_manifest.csv,391,C:[\\/]Users[\\/]09688[\\/]thoracic-cxr-project(?!-3)(?:[\\/]|\b),"952b45e292277cdeec3873a510360fec,C:\Users\09688\thoracic-cxr-project\data\raw\dicom_files\952b45e292277cdeec3873a510360fec.dicom,C:\Users\09688\thoracic-cxr-project-3\data\raw\images\952b45e292277cdeec3873a510360fec.png,.dicom,2472,2808,formal_subset_promoted,",False
C:\Users\09688\thoracic-cxr-project-3\data\metadata\image_manifest.csv,392,C:[\\/]Users[\\/]09688[\\/]thoracic-cxr-project(?!-3)(?:[\\/]|\b),"954984f75efe6890cfa45d0784a3a1e6,C:\Users\09688\thoracic-cxr-project\data\raw\dicom_files\954984f75efe6890cfa45d0784a3a1e6.dicom,C:\Users\09688\thoracic-cxr-project-3\data\raw\images\954984f75efe6890cfa45d0784a3a1e6.png,.dicom,2540,3072,formal_subset_promoted,",False
C:\Users\09688\thoracic-cxr-project-3\data\metadata\image_manifest.csv,393,C:[\\/]Users[\\/]09688[\\/]thoracic-cxr-project(?!-3)(?:[\\/]|\b),"965d2c73cfa52a84d2f432118434037e,C:\Users\09688\thoracic-cxr-project\data\raw\dicom_files\965d2c73cfa52a84d2f432118434037e.dicom,C:\Users\09688\thoracic-cxr-project-3\data\raw\images\965d2c73cfa52a84d2f432118434037e.png,.dicom,2681,2946,formal_subset_promoted,",False
C:\Users\09688\thoracic-cxr-project-3\data\metadata\image_manifest.csv,394,C:[\\/]Users[\\/]09688[\\/]thoracic-cxr-project(?!-3)(?:[\\/]|\b),"966ae608783951f73244e01c1e5694d4,C:\Users\09688\thoracic-cxr-project\data\raw\dicom_files\966ae608783951f73244e01c1e5694d4.dicom,C:\Users\09688\thoracic-cxr-project-3\data\raw\images\966ae608783951f73244e01c1e5694d4.png,.dicom,2540,3072,formal_subset_promoted,",False
C:\Users\09688\thoracic-cxr-project-3\data\metadata\image_manifest.csv,395,C:[\\/]Users[\\/]09688[\\/]thoracic-cxr-project(?!-3)(?:[\\/]|\b),"97bd8561208807d003ff804d69348974,C:\Users\09688\thoracic-cxr-project\data\raw\dicom_files\97bd8561208807d003ff804d69348974.dicom,C:\Users\09688\thoracic-cxr-project-3\data\raw\images\97bd8561208807d003ff804d69348974.png,.dicom,2540,3072,formal_subset_promoted,",False
C:\Users\09688\thoracic-cxr-project-3\data\metadata\image_manifest.csv,396,C:[\\/]Users[\\/]09688[\\/]thoracic-cxr-project(?!-3)(?:[\\/]|\b),"9809f0d8f7d4654a2599c052a5b83dbd,C:\Users\09688\thoracic-cxr-project\data\raw\dicom_files\9809f0d8f7d4654a2599c052a5b83dbd.dicom,C:\Users\09688\thoracic-cxr-project-3\data\raw\images\9809f0d8f7d4654a2599c052a5b83dbd.png,.dicom,2304,2880,formal_subset_promoted,",False
C:\Users\09688\thoracic-cxr-project-3\data\metadata\image_manifest.csv,397,C:[\\/]Users[\\/]09688[\\/]thoracic-cxr-project(?!-3)(?:[\\/]|\b),"9850d20ee4d2bf722154a90ae07ddff8,C:\Users\09688\thoracic-cxr-project\data\raw\dicom_files\9850d20ee4d2bf722154a90ae07ddff8.dicom,C:\Users\09688\thoracic-cxr-project-3\data\raw\images\9850d20ee4d2bf722154a90ae07ddff8.png,.dicom,3000,3000,formal_subset_promoted,",False
C:\Users\09688\thoracic-cxr-project-3\data\metadata\image_manifest.csv,398,C:[\\/]Users[\\/]09688[\\/]thoracic-cxr-project(?!-3)(?:[\\/]|\b),"9875e42950bf3e157e96b0fc8c6f4680,C:\Users\09688\thoracic-cxr-project\data\raw\dicom_files\9875e42950bf3e157e96b0fc8c6f4680.dicom,C:\Users\09688\thoracic-cxr-project-3\data\raw\images\9875e42950bf3e157e96b0fc8c6f4680.png,.dicom,2304,2880,formal_subset_promoted,",False
C:\Users\09688\thoracic-cxr-project-3\data\metadata\image_manifest.csv,399,C:[\\/]Users[\\/]09688[\\/]thoracic-cxr-project(?!-3)(?:[\\/]|\b),"997230116fa99fe2335a4524899ea08d,C:\Users\09688\thoracic-cxr-project\data\raw\dicom_files\997230116fa99fe2335a4524899ea08d.dicom,C:\Users\09688\thoracic-cxr-project-3\data\raw\images\997230116fa99fe2335a4524899ea08d.png,.dicom,2528,2716,formal_subset_promoted,",False
C:\Users\09688\thoracic-cxr-project-3\data\metadata\image_manifest.csv,400,C:[\\/]Users[\\/]09688[\\/]thoracic-cxr-project(?!-3)(?:[\\/]|\b),"997a190cf3302633937a80eff6c65459,C:\Users\09688\thoracic-cxr-project\data\raw\dicom_files\997a190cf3302633937a80eff6c65459.dicom,C:\Users\09688\thoracic-cxr-project-3\data\raw\images\997a190cf3302633937a80eff6c65459.png,.dicom,2304,2880,formal_subset_promoted,",False
C:\Users\09688\thoracic-cxr-project-3\data\metadata\image_manifest.csv,401,C:[\\/]Users[\\/]09688[\\/]thoracic-cxr-project(?!-3)(?:[\\/]|\b),"999612f847684578b1fdcf2d9d4d4994,C:\Users\09688\thoracic-cxr-project\data\raw\dicom_files\999612f847684578b1fdcf2d9d4d4994.dicom,C:\Users\09688\thoracic-cxr-project-3\data\raw\images\999612f847684578b1fdcf2d9d4d4994.png,.dicom,2592,3100,formal_subset_promoted,",False
C:\Users\09688\thoracic-cxr-project-3\data\metadata\image_manifest.csv,402,C:[\\/]Users[\\/]09688[\\/]thoracic-cxr-project(?!-3)(?:[\\/]|\b),"9a3d018df521eaab6b4eec203a19970b,C:\Users\09688\thoracic-cxr-project\data\raw\dicom_files\9a3d018df521eaab6b4eec203a19970b.dicom,C:\Users\09688\thoracic-cxr-project-3\data\raw\images\9a3d018df521eaab6b4eec203a19970b.png,.dicom,2304,2880,formal_subset_promoted,",False
C:\Users\09688\thoracic-cxr-project-3\data\metadata\image_manifest.csv,403,C:[\\/]Users[\\/]09688[\\/]thoracic-cxr-project(?!-3)(?:[\\/]|\b),"9b12521fa480b7872a66995a796f03e5,C:\Users\09688\thoracic-cxr-project\data\raw\dicom_files\9b12521fa480b7872a66995a796f03e5.dicom,C:\Users\09688\thoracic-cxr-project-3\data\raw\images\9b12521fa480b7872a66995a796f03e5.png,.dicom,3072,3072,formal_subset_promoted,",False
C:\Users\09688\thoracic-cxr-project-3\data\metadata\image_manifest.csv,404,C:[\\/]Users[\\/]09688[\\/]thoracic-cxr-project(?!-3)(?:[\\/]|\b),"9c3e095779134703dfd7b263d71b44f4,C:\Users\09688\thoracic-cxr-project\data\raw\dicom_files\9c3e095779134703dfd7b263d71b44f4.dicom,C:\Users\09688\thoracic-cxr-project-3\data\raw\images\9c3e095779134703dfd7b263d71b44f4.png,.dicom,3101,2831,formal_subset_promoted,",False
C:\Users\09688\thoracic-cxr-project-3\data\metadata\image_manifest.csv,405,C:[\\/]Users[\\/]09688[\\/]thoracic-cxr-project(?!-3)(?:[\\/]|\b),"9ca6f4d20348cea6a7efa90deeff2639,C:\Users\09688\thoracic-cxr-project\data\raw\dicom_files\9ca6f4d20348cea6a7efa90deeff2639.dicom,C:\Users\09688\thoracic-cxr-project-3\data\raw\images\9ca6f4d20348cea6a7efa90deeff2639.png,.dicom,2520,3032,formal_subset_promoted,",False
C:\Users\09688\thoracic-cxr-project-3\data\metadata\image_manifest.csv,406,C:[\\/]Users[\\/]09688[\\/]thoracic-cxr-project(?!-3)(?:[\\/]|\b),"9d2c9f496cedde3fe7a38080bf9b65c3,C:\Users\09688\thoracic-cxr-project\data\raw\dicom_files\9d2c9f496cedde3fe7a38080bf9b65c3.dicom,C:\Users\09688\thoracic-cxr-project-3\data\raw\images\9d2c9f496cedde3fe7a38080bf9b65c3.png,.dicom,2647,3018,formal_subset_promoted,",False
C:\Users\09688\thoracic-cxr-project-3\data\metadata\image_manifest.csv,407,C:[\\/]Users[\\/]09688[\\/]thoracic-cxr-project(?!-3)(?:[\\/]|\b),"9d4654c4c7def98196c0f8f14277ec7c,C:\Users\09688\thoracic-cxr-project\data\raw\dicom_files\9d4654c4c7def98196c0f8f14277ec7c.dicom,C:\Users\09688\thoracic-cxr-project-3\data\raw\images\9d4654c4c7def98196c0f8f14277ec7c.png,.dicom,2540,3072,formal_subset_promoted,",False
C:\Users\09688\thoracic-cxr-project-3\data\metadata\image_manifest.csv,408,C:[\\/]Users[\\/]09688[\\/]thoracic-cxr-project(?!-3)(?:[\\/]|\b),"9da65d59721d58bd125a4fc94b6ffec6,C:\Users\09688\thoracic-cxr-project\data\raw\dicom_files\9da65d59721d58bd125a4fc94b6ffec6.dicom,C:\Users\09688\thoracic-cxr-project-3\data\raw\images\9da65d59721d58bd125a4fc94b6ffec6.png,.dicom,2304,2880,formal_subset_promoted,",False
C:\Users\09688\thoracic-cxr-project-3\data\metadata\image_manifest.csv,409,C:[\\/]Users[\\/]09688[\\/]thoracic-cxr-project(?!-3)(?:[\\/]|\b),"9eba0d101f410f9cdfae46cb094ae2a6,C:\Users\09688\thoracic-cxr-project\data\raw\dicom_files\9eba0d101f410f9cdfae46cb094ae2a6.dicom,C:\Users\09688\thoracic-cxr-project-3\data\raw\images\9eba0d101f410f9cdfae46cb094ae2a6.png,.dicom,2540,3072,formal_subset_promoted,",False
C:\Users\09688\thoracic-cxr-project-3\data\metadata\image_manifest.csv,410,C:[\\/]Users[\\/]09688[\\/]thoracic-cxr-project(?!-3)(?:[\\/]|\b),"9f2360f56f61751a254678ec0adbc77d,C:\Users\09688\thoracic-cxr-project\data\raw\dicom_files\9f2360f56f61751a254678ec0adbc77d.dicom,C:\Users\09688\thoracic-cxr-project-3\data\raw\images\9f2360f56f61751a254678ec0adbc77d.png,.dicom,2620,2724,formal_subset_promoted,",False
C:\Users\09688\thoracic-cxr-project-3\data\metadata\image_manifest.csv,411,C:[\\/]Users[\\/]09688[\\/]thoracic-cxr-project(?!-3)(?:[\\/]|\b),"9f7a76f14e777ed53606a7d6d3ef3890,C:\Users\09688\thoracic-cxr-project\data\raw\dicom_files\9f7a76f14e777ed53606a7d6d3ef3890.dicom,C:\Users\09688\thoracic-cxr-project-3\data\raw\images\9f7a76f14e777ed53606a7d6d3ef3890.png,.dicom,2048,2016,formal_subset_promoted,",False
C:\Users\09688\thoracic-cxr-project-3\data\metadata\image_manifest.csv,412,C:[\\/]Users[\\/]09688[\\/]thoracic-cxr-project(?!-3)(?:[\\/]|\b),"9fa07ce40365c2c37f75ba3a5486b8c6,C:\Users\09688\thoracic-cxr-project\data\raw\dicom_files\9fa07ce40365c2c37f75ba3a5486b8c6.dicom,C:\Users\09688\thoracic-cxr-project-3\data\raw\images\9fa07ce40365c2c37f75ba3a5486b8c6.png,.dicom,2064,2056,formal_subset_promoted,",False
C:\Users\09688\thoracic-cxr-project-3\data\metadata\image_manifest.csv,413,C:[\\/]Users[\\/]09688[\\/]thoracic-cxr-project(?!-3)(?:[\\/]|\b),"9fccf640c41b789bef11c3437045436d,C:\Users\09688\thoracic-cxr-project\data\raw\dicom_files\9fccf640c41b789bef11c3437045436d.dicom,C:\Users\09688\thoracic-cxr-project-3\data\raw\images\9fccf640c41b789bef11c3437045436d.png,.dicom,2380,3012,formal_subset_promoted,",False
C:\Users\09688\thoracic-cxr-project-3\data\metadata\image_manifest.csv,414,C:[\\/]Users[\\/]09688[\\/]thoracic-cxr-project(?!-3)(?:[\\/]|\b),"9fd7ae7f030dbd0185a3984704dcdc5d,C:\Users\09688\thoracic-cxr-project\data\raw\dicom_files\9fd7ae7f030dbd0185a3984704dcdc5d.dicom,C:\Users\09688\thoracic-cxr-project-3\data\raw\images\9fd7ae7f030dbd0185a3984704dcdc5d.png,.dicom,2048,2500,formal_subset_promoted,",False
C:\Users\09688\thoracic-cxr-project-3\data\metadata\image_manifest.csv,415,C:[\\/]Users[\\/]09688[\\/]thoracic-cxr-project(?!-3)(?:[\\/]|\b),"a0f8199197edd3488950b47b3db6646b,C:\Users\09688\thoracic-cxr-project\data\raw\dicom_files\a0f8199197edd3488950b47b3db6646b.dicom,C:\Users\09688\thoracic-cxr-project-3\data\raw\images\a0f8199197edd3488950b47b3db6646b.png,.dicom,2304,2880,formal_subset_promoted,",False
C:\Users\09688\thoracic-cxr-project-3\data\metadata\image_manifest.csv,416,C:[\\/]Users[\\/]09688[\\/]thoracic-cxr-project(?!-3)(?:[\\/]|\b),"a1058b4368a7e3d945757f218393baf9,C:\Users\09688\thoracic-cxr-project\data\raw\dicom_files\a1058b4368a7e3d945757f218393baf9.dicom,C:\Users\09688\thoracic-cxr-project-3\data\raw\images\a1058b4368a7e3d945757f218393baf9.png,.dicom,3072,3072,formal_subset_promoted,",False
C:\Users\09688\thoracic-cxr-project-3\data\metadata\image_manifest.csv,417,C:[\\/]Users[\\/]09688[\\/]thoracic-cxr-project(?!-3)(?:[\\/]|\b),"a1375f9466915186308ef31e0766db3f,C:\Users\09688\thoracic-cxr-project\data\raw\dicom_files\a1375f9466915186308ef31e0766db3f.dicom,C:\Users\09688\thoracic-cxr-project-3\data\raw\images\a1375f9466915186308ef31e0766db3f.png,.dicom,2411,2658,formal_subset_promoted,",False
C:\Users\09688\thoracic-cxr-project-3\data\metadata\image_manifest.csv,418,C:[\\/]Users[\\/]09688[\\/]thoracic-cxr-project(?!-3)(?:[\\/]|\b),"a18d88dbf60435ac196dbcdc512115c7,C:\Users\09688\thoracic-cxr-project\data\raw\dicom_files\a18d88dbf60435ac196dbcdc512115c7.dicom,C:\Users\09688\thoracic-cxr-project-3\data\raw\images\a18d88dbf60435ac196dbcdc512115c7.png,.dicom,2576,3036,formal_subset_promoted,",False
C:\Users\09688\thoracic-cxr-project-3\data\metadata\image_manifest.csv,419,C:[\\/]Users[\\/]09688[\\/]thoracic-cxr-project(?!-3)(?:[\\/]|\b),"a2480b9f63cc65e052dc0b9ad19c866e,C:\Users\09688\thoracic-cxr-project\data\raw\dicom_files\a2480b9f63cc65e052dc0b9ad19c866e.dicom,C:\Users\09688\thoracic-cxr-project-3\data\raw\images\a2480b9f63cc65e052dc0b9ad19c866e.png,.dicom,2048,2656,formal_subset_promoted,",False
C:\Users\09688\thoracic-cxr-project-3\data\metadata\image_manifest.csv,420,C:[\\/]Users[\\/]09688[\\/]thoracic-cxr-project(?!-3)(?:[\\/]|\b),"a257e58a06d3267edc82453ae093ac97,C:\Users\09688\thoracic-cxr-project\data\raw\dicom_files\a257e58a06d3267edc82453ae093ac97.dicom,C:\Users\09688\thoracic-cxr-project-3\data\raw\images\a257e58a06d3267edc82453ae093ac97.png,.dicom,2628,3032,formal_subset_promoted,",False
C:\Users\09688\thoracic-cxr-project-3\data\metadata\image_manifest.csv,421,C:[\\/]Users[\\/]09688[\\/]thoracic-cxr-project(?!-3)(?:[\\/]|\b),"a2c6dd0cabc2fc70fbb1cf2dac50d11c,C:\Users\09688\thoracic-cxr-project\data\raw\dicom_files\a2c6dd0cabc2fc70fbb1cf2dac50d11c.dicom,C:\Users\09688\thoracic-cxr-project-3\data\raw\images\a2c6dd0cabc2fc70fbb1cf2dac50d11c.png,.dicom,3268,3268,formal_subset_promoted,",False
C:\Users\09688\thoracic-cxr-project-3\data\metadata\image_manifest.csv,422,C:[\\/]Users[\\/]09688[\\/]thoracic-cxr-project(?!-3)(?:[\\/]|\b),"a3ddfa552c6cd137bf46a5db89f5a2ce,C:\Users\09688\thoracic-cxr-project\data\raw\dicom_files\a3ddfa552c6cd137bf46a5db89f5a2ce.dicom,C:\Users\09688\thoracic-cxr-project-3\data\raw\images\a3ddfa552c6cd137bf46a5db89f5a2ce.png,.dicom,3072,3072,formal_subset_promoted,",False
C:\Users\09688\thoracic-cxr-project-3\data\metadata\image_manifest.csv,423,C:[\\/]Users[\\/]09688[\\/]thoracic-cxr-project(?!-3)(?:[\\/]|\b),"a3edf89d922032beef7cf3484ab9fe54,C:\Users\09688\thoracic-cxr-project\data\raw\dicom_files\a3edf89d922032beef7cf3484ab9fe54.dicom,C:\Users\09688\thoracic-cxr-project-3\data\raw\images\a3edf89d922032beef7cf3484ab9fe54.png,.dicom,2304,2880,formal_subset_promoted,",False
C:\Users\09688\thoracic-cxr-project-3\data\metadata\image_manifest.csv,424,C:[\\/]Users[\\/]09688[\\/]thoracic-cxr-project(?!-3)(?:[\\/]|\b),"a43f966e46d3da7816d35145890ad03d,C:\Users\09688\thoracic-cxr-project\data\raw\dicom_files\a43f966e46d3da7816d35145890ad03d.dicom,C:\Users\09688\thoracic-cxr-project-3\data\raw\images\a43f966e46d3da7816d35145890ad03d.png,.dicom,2304,2880,formal_subset_promoted,",False
C:\Users\09688\thoracic-cxr-project-3\data\metadata\image_manifest.csv,425,C:[\\/]Users[\\/]09688[\\/]thoracic-cxr-project(?!-3)(?:[\\/]|\b),"a458bca92aaba1cea1793c8e1cfde5f3,C:\Users\09688\thoracic-cxr-project\data\raw\dicom_files\a458bca92aaba1cea1793c8e1cfde5f3.dicom,C:\Users\09688\thoracic-cxr-project-3\data\raw\images\a458bca92aaba1cea1793c8e1cfde5f3.png,.dicom,2304,2880,formal_subset_promoted,",False
C:\Users\09688\thoracic-cxr-project-3\data\metadata\image_manifest.csv,426,C:[\\/]Users[\\/]09688[\\/]thoracic-cxr-project(?!-3)(?:[\\/]|\b),"a629d0f2bd9dfde3991ef4aec75e1c8e,C:\Users\09688\thoracic-cxr-project\data\raw\dicom_files\a629d0f2bd9dfde3991ef4aec75e1c8e.dicom,C:\Users\09688\thoracic-cxr-project-3\data\raw\images\a629d0f2bd9dfde3991ef4aec75e1c8e.png,.dicom,2689,2992,formal_subset_promoted,",False
C:\Users\09688\thoracic-cxr-project-3\data\metadata\image_manifest.csv,427,C:[\\/]Users[\\/]09688[\\/]thoracic-cxr-project(?!-3)(?:[\\/]|\b),"a68ee14d5193f59a98c5ff0e150c8174,C:\Users\09688\thoracic-cxr-project\data\raw\dicom_files\a68ee14d5193f59a98c5ff0e150c8174.dicom,C:\Users\09688\thoracic-cxr-project-3\data\raw\images\a68ee14d5193f59a98c5ff0e150c8174.png,.dicom,2304,2880,formal_subset_promoted,",False
C:\Users\09688\thoracic-cxr-project-3\data\metadata\image_manifest.csv,428,C:[\\/]Users[\\/]09688[\\/]thoracic-cxr-project(?!-3)(?:[\\/]|\b),"a722712967b38150cee4f85dad4230ed,C:\Users\09688\thoracic-cxr-project\data\raw\dicom_files\a722712967b38150cee4f85dad4230ed.dicom,C:\Users\09688\thoracic-cxr-project-3\data\raw\images\a722712967b38150cee4f85dad4230ed.png,.dicom,2304,2880,formal_subset_promoted,",False
C:\Users\09688\thoracic-cxr-project-3\data\metadata\image_manifest.csv,429,C:[\\/]Users[\\/]09688[\\/]thoracic-cxr-project(?!-3)(?:[\\/]|\b),"a77bfe2433adc567669ac27ed874b0ed,C:\Users\09688\thoracic-cxr-project\data\raw\dicom_files\a77bfe2433adc567669ac27ed874b0ed.dicom,C:\Users\09688\thoracic-cxr-project-3\data\raw\images\a77bfe2433adc567669ac27ed874b0ed.png,.dicom,2517,2453,formal_subset_promoted,",False
C:\Users\09688\thoracic-cxr-project-3\data\metadata\image_manifest.csv,430,C:[\\/]Users[\\/]09688[\\/]thoracic-cxr-project(?!-3)(?:[\\/]|\b),"a78e6dc6978392015fa78795c0aea8a7,C:\Users\09688\thoracic-cxr-project\data\raw\dicom_files\a78e6dc6978392015fa78795c0aea8a7.dicom,C:\Users\09688\thoracic-cxr-project-3\data\raw\images\a78e6dc6978392015fa78795c0aea8a7.png,.dicom,3072,3072,formal_subset_promoted,",False
C:\Users\09688\thoracic-cxr-project-3\data\metadata\image_manifest.csv,431,C:[\\/]Users[\\/]09688[\\/]thoracic-cxr-project(?!-3)(?:[\\/]|\b),"a824f7f43552c3af8d846dd1cc0f0c11,C:\Users\09688\thoracic-cxr-project\data\raw\dicom_files\a824f7f43552c3af8d846dd1cc0f0c11.dicom,C:\Users\09688\thoracic-cxr-project-3\data\raw\images\a824f7f43552c3af8d846dd1cc0f0c11.png,.dicom,2304,2880,formal_subset_promoted,",False
C:\Users\09688\thoracic-cxr-project-3\data\metadata\image_manifest.csv,432,C:[\\/]Users[\\/]09688[\\/]thoracic-cxr-project(?!-3)(?:[\\/]|\b),"a8dd1496dde8d6f63316c8ec2a823b38,C:\Users\09688\thoracic-cxr-project\data\raw\dicom_files\a8dd1496dde8d6f63316c8ec2a823b38.dicom,C:\Users\09688\thoracic-cxr-project-3\data\raw\images\a8dd1496dde8d6f63316c8ec2a823b38.png,.dicom,2305,2436,formal_subset_promoted,",False
C:\Users\09688\thoracic-cxr-project-3\data\metadata\image_manifest.csv,433,C:[\\/]Users[\\/]09688[\\/]thoracic-cxr-project(?!-3)(?:[\\/]|\b),"a961a6c1687700c95124510bbffef266,C:\Users\09688\thoracic-cxr-project\data\raw\dicom_files\a961a6c1687700c95124510bbffef266.dicom,C:\Users\09688\thoracic-cxr-project-3\data\raw\images\a961a6c1687700c95124510bbffef266.png,.dicom,2428,2827,formal_subset_promoted,",False
C:\Users\09688\thoracic-cxr-project-3\data\metadata\image_manifest.csv,434,C:[\\/]Users[\\/]09688[\\/]thoracic-cxr-project(?!-3)(?:[\\/]|\b),"aa7fd75c84c03f4eec5b9e0468043d68,C:\Users\09688\thoracic-cxr-project\data\raw\dicom_files\aa7fd75c84c03f4eec5b9e0468043d68.dicom,C:\Users\09688\thoracic-cxr-project-3\data\raw\images\aa7fd75c84c03f4eec5b9e0468043d68.png,.dicom,2271,2844,formal_subset_promoted,",False
C:\Users\09688\thoracic-cxr-project-3\data\metadata\image_manifest.csv,435,C:[\\/]Users[\\/]09688[\\/]thoracic-cxr-project(?!-3)(?:[\\/]|\b),"aa89a83d50a147e44d6dc72893f01fef,C:\Users\09688\thoracic-cxr-project\data\raw\dicom_files\aa89a83d50a147e44d6dc72893f01fef.dicom,C:\Users\09688\thoracic-cxr-project-3\data\raw\images\aa89a83d50a147e44d6dc72893f01fef.png,.dicom,2304,2880,formal_subset_promoted,",False
C:\Users\09688\thoracic-cxr-project-3\data\metadata\image_manifest.csv,436,C:[\\/]Users[\\/]09688[\\/]thoracic-cxr-project(?!-3)(?:[\\/]|\b),"aabc4acd6a8f6c27828a11701675a6e7,C:\Users\09688\thoracic-cxr-project\data\raw\dicom_files\aabc4acd6a8f6c27828a11701675a6e7.dicom,C:\Users\09688\thoracic-cxr-project-3\data\raw\images\aabc4acd6a8f6c27828a11701675a6e7.png,.dicom,2048,2500,formal_subset_promoted,",False
C:\Users\09688\thoracic-cxr-project-3\data\metadata\image_manifest.csv,437,C:[\\/]Users[\\/]09688[\\/]thoracic-cxr-project(?!-3)(?:[\\/]|\b),"ab1b8d362de0b272def82e68b7bdc718,C:\Users\09688\thoracic-cxr-project\data\raw\dicom_files\ab1b8d362de0b272def82e68b7bdc718.dicom,C:\Users\09688\thoracic-cxr-project-3\data\raw\images\ab1b8d362de0b272def82e68b7bdc718.png,.dicom,3072,3072,formal_subset_promoted,",False
C:\Users\09688\thoracic-cxr-project-3\data\metadata\image_manifest.csv,438,C:[\\/]Users[\\/]09688[\\/]thoracic-cxr-project(?!-3)(?:[\\/]|\b),"ab4146d29b600f971b22f88b9852ae0a,C:\Users\09688\thoracic-cxr-project\data\raw\dicom_files\ab4146d29b600f971b22f88b9852ae0a.dicom,C:\Users\09688\thoracic-cxr-project-3\data\raw\images\ab4146d29b600f971b22f88b9852ae0a.png,.dicom,2540,3072,formal_subset_promoted,",False
C:\Users\09688\thoracic-cxr-project-3\data\metadata\image_manifest.csv,439,C:[\\/]Users[\\/]09688[\\/]thoracic-cxr-project(?!-3)(?:[\\/]|\b),"ac0f6a69e78c3adae6905693914ba80f,C:\Users\09688\thoracic-cxr-project\data\raw\dicom_files\ac0f6a69e78c3adae6905693914ba80f.dicom,C:\Users\09688\thoracic-cxr-project-3\data\raw\images\ac0f6a69e78c3adae6905693914ba80f.png,.dicom,2664,2475,formal_subset_promoted,",False
C:\Users\09688\thoracic-cxr-project-3\data\metadata\image_manifest.csv,440,C:[\\/]Users[\\/]09688[\\/]thoracic-cxr-project(?!-3)(?:[\\/]|\b),"ac1d94eefdeeb76ee96e56b8856f7209,C:\Users\09688\thoracic-cxr-project\data\raw\dicom_files\ac1d94eefdeeb76ee96e56b8856f7209.dicom,C:\Users\09688\thoracic-cxr-project-3\data\raw\images\ac1d94eefdeeb76ee96e56b8856f7209.png,.dicom,2439,3408,formal_subset_promoted,",False
C:\Users\09688\thoracic-cxr-project-3\data\metadata\image_manifest.csv,441,C:[\\/]Users[\\/]09688[\\/]thoracic-cxr-project(?!-3)(?:[\\/]|\b),"ac3e0af6a22d73ed96f05d43037a1e7a,C:\Users\09688\thoracic-cxr-project\data\raw\dicom_files\ac3e0af6a22d73ed96f05d43037a1e7a.dicom,C:\Users\09688\thoracic-cxr-project-3\data\raw\images\ac3e0af6a22d73ed96f05d43037a1e7a.png,.dicom,3000,3000,formal_subset_promoted,",False
C:\Users\09688\thoracic-cxr-project-3\data\metadata\image_manifest.csv,442,C:[\\/]Users[\\/]09688[\\/]thoracic-cxr-project(?!-3)(?:[\\/]|\b),"acf77cd6d5785f7f95c041f350c9d017,C:\Users\09688\thoracic-cxr-project\data\raw\dicom_files\acf77cd6d5785f7f95c041f350c9d017.dicom,C:\Users\09688\thoracic-cxr-project-3\data\raw\images\acf77cd6d5785f7f95c041f350c9d017.png,.dicom,2447,3083,formal_subset_promoted,",False
C:\Users\09688\thoracic-cxr-project-3\data\metadata\image_manifest.csv,443,C:[\\/]Users[\\/]09688[\\/]thoracic-cxr-project(?!-3)(?:[\\/]|\b),"ad2a12be7e44277e041c435e8b526632,C:\Users\09688\thoracic-cxr-project\data\raw\dicom_files\ad2a12be7e44277e041c435e8b526632.dicom,C:\Users\09688\thoracic-cxr-project-3\data\raw\images\ad2a12be7e44277e041c435e8b526632.png,.dicom,2304,2880,formal_subset_promoted,",False
C:\Users\09688\thoracic-cxr-project-3\data\metadata\image_manifest.csv,444,C:[\\/]Users[\\/]09688[\\/]thoracic-cxr-project(?!-3)(?:[\\/]|\b),"ad58ac84f676ff6813a5df7a0057829b,C:\Users\09688\thoracic-cxr-project\data\raw\dicom_files\ad58ac84f676ff6813a5df7a0057829b.dicom,C:\Users\09688\thoracic-cxr-project-3\data\raw\images\ad58ac84f676ff6813a5df7a0057829b.png,.dicom,2304,2880,formal_subset_promoted,",False
C:\Users\09688\thoracic-cxr-project-3\data\metadata\image_manifest.csv,445,C:[\\/]Users[\\/]09688[\\/]thoracic-cxr-project(?!-3)(?:[\\/]|\b),"ae127045cca13da6dbfee11df1f08c7e,C:\Users\09688\thoracic-cxr-project\data\raw\dicom_files\ae127045cca13da6dbfee11df1f08c7e.dicom,C:\Users\09688\thoracic-cxr-project-3\data\raw\images\ae127045cca13da6dbfee11df1f08c7e.png,.dicom,3072,3072,formal_subset_promoted,",False
C:\Users\09688\thoracic-cxr-project-3\data\metadata\image_manifest.csv,446,C:[\\/]Users[\\/]09688[\\/]thoracic-cxr-project(?!-3)(?:[\\/]|\b),"af4f5a12b32b5d76951f3994cd7e9ad6,C:\Users\09688\thoracic-cxr-project\data\raw\dicom_files\af4f5a12b32b5d76951f3994cd7e9ad6.dicom,C:\Users\09688\thoracic-cxr-project-3\data\raw\images\af4f5a12b32b5d76951f3994cd7e9ad6.png,.dicom,2484,3052,formal_subset_promoted,",False
C:\Users\09688\thoracic-cxr-project-3\data\metadata\image_manifest.csv,447,C:[\\/]Users[\\/]09688[\\/]thoracic-cxr-project(?!-3)(?:[\\/]|\b),"af9e637ceefdd477dd305fe750ff75b5,C:\Users\09688\thoracic-cxr-project\data\raw\dicom_files\af9e637ceefdd477dd305fe750ff75b5.dicom,C:\Users\09688\thoracic-cxr-project-3\data\raw\images\af9e637ceefdd477dd305fe750ff75b5.png,.dicom,2540,3072,formal_subset_promoted,",False
C:\Users\09688\thoracic-cxr-project-3\data\metadata\image_manifest.csv,448,C:[\\/]Users[\\/]09688[\\/]thoracic-cxr-project(?!-3)(?:[\\/]|\b),"b08d54426c6af35ea469ecb63d047fbc,C:\Users\09688\thoracic-cxr-project\data\raw\dicom_files\b08d54426c6af35ea469ecb63d047fbc.dicom,C:\Users\09688\thoracic-cxr-project-3\data\raw\images\b08d54426c6af35ea469ecb63d047fbc.png,.dicom,2624,3264,formal_subset_promoted,",False
C:\Users\09688\thoracic-cxr-project-3\data\metadata\image_manifest.csv,449,C:[\\/]Users[\\/]09688[\\/]thoracic-cxr-project(?!-3)(?:[\\/]|\b),"b0a52e18d443efb28d082f0ae8e7b893,C:\Users\09688\thoracic-cxr-project\data\raw\dicom_files\b0a52e18d443efb28d082f0ae8e7b893.dicom,C:\Users\09688\thoracic-cxr-project-3\data\raw\images\b0a52e18d443efb28d082f0ae8e7b893.png,.dicom,2783,2640,formal_subset_promoted,",False
C:\Users\09688\thoracic-cxr-project-3\data\metadata\image_manifest.csv,450,C:[\\/]Users[\\/]09688[\\/]thoracic-cxr-project(?!-3)(?:[\\/]|\b),"b0c179bc7f39eeb0add4d6e00e51732c,C:\Users\09688\thoracic-cxr-project\data\raw\dicom_files\b0c179bc7f39eeb0add4d6e00e51732c.dicom,C:\Users\09688\thoracic-cxr-project-3\data\raw\images\b0c179bc7f39eeb0add4d6e00e51732c.png,.dicom,2304,2880,formal_subset_promoted,",False
C:\Users\09688\thoracic-cxr-project-3\data\metadata\image_manifest.csv,451,C:[\\/]Users[\\/]09688[\\/]thoracic-cxr-project(?!-3)(?:[\\/]|\b),"b117813585c3d832d90eabc3cce04721,C:\Users\09688\thoracic-cxr-project\data\raw\dicom_files\b117813585c3d832d90eabc3cce04721.dicom,C:\Users\09688\thoracic-cxr-project-3\data\raw\images\b117813585c3d832d90eabc3cce04721.png,.dicom,2647,2602,formal_subset_promoted,",False
C:\Users\09688\thoracic-cxr-project-3\data\metadata\image_manifest.csv,452,C:[\\/]Users[\\/]09688[\\/]thoracic-cxr-project(?!-3)(?:[\\/]|\b),"b154780d4c3de6dfedeb1efcb2411575,C:\Users\09688\thoracic-cxr-project\data\raw\dicom_files\b154780d4c3de6dfedeb1efcb2411575.dicom,C:\Users\09688\thoracic-cxr-project-3\data\raw\images\b154780d4c3de6dfedeb1efcb2411575.png,.dicom,3072,3072,formal_subset_promoted,",False
C:\Users\09688\thoracic-cxr-project-3\data\metadata\image_manifest.csv,453,C:[\\/]Users[\\/]09688[\\/]thoracic-cxr-project(?!-3)(?:[\\/]|\b),"b19ed7f40285fbd541be0bacde17fae3,C:\Users\09688\thoracic-cxr-project\data\raw\dicom_files\b19ed7f40285fbd541be0bacde17fae3.dicom,C:\Users\09688\thoracic-cxr-project-3\data\raw\images\b19ed7f40285fbd541be0bacde17fae3.png,.dicom,3072,3072,formal_subset_promoted,",False
C:\Users\09688\thoracic-cxr-project-3\data\metadata\image_manifest.csv,454,C:[\\/]Users[\\/]09688[\\/]thoracic-cxr-project(?!-3)(?:[\\/]|\b),"b1d44013e0b4fab1d38af22901e312c4,C:\Users\09688\thoracic-cxr-project\data\raw\dicom_files\b1d44013e0b4fab1d38af22901e312c4.dicom,C:\Users\09688\thoracic-cxr-project-3\data\raw\images\b1d44013e0b4fab1d38af22901e312c4.png,.dicom,2304,2880,formal_subset_promoted,",False
C:\Users\09688\thoracic-cxr-project-3\data\metadata\image_manifest.csv,455,C:[\\/]Users[\\/]09688[\\/]thoracic-cxr-project(?!-3)(?:[\\/]|\b),"b22bd21cfb3258bad7d934f036c34b5b,C:\Users\09688\thoracic-cxr-project\data\raw\dicom_files\b22bd21cfb3258bad7d934f036c34b5b.dicom,C:\Users\09688\thoracic-cxr-project-3\data\raw\images\b22bd21cfb3258bad7d934f036c34b5b.png,.dicom,2838,2929,formal_subset_promoted,",False
C:\Users\09688\thoracic-cxr-project-3\data\metadata\image_manifest.csv,456,C:[\\/]Users[\\/]09688[\\/]thoracic-cxr-project(?!-3)(?:[\\/]|\b),"b28339816a52309160153d0e27833cef,C:\Users\09688\thoracic-cxr-project\data\raw\dicom_files\b28339816a52309160153d0e27833cef.dicom,C:\Users\09688\thoracic-cxr-project-3\data\raw\images\b28339816a52309160153d0e27833cef.png,.dicom,2838,2636,formal_subset_promoted,",False
C:\Users\09688\thoracic-cxr-project-3\data\metadata\image_manifest.csv,457,C:[\\/]Users[\\/]09688[\\/]thoracic-cxr-project(?!-3)(?:[\\/]|\b),"b2a0d46de6a845624835477b8207cbe8,C:\Users\09688\thoracic-cxr-project\data\raw\dicom_files\b2a0d46de6a845624835477b8207cbe8.dicom,C:\Users\09688\thoracic-cxr-project-3\data\raw\images\b2a0d46de6a845624835477b8207cbe8.png,.dicom,3072,3072,formal_subset_promoted,",False
C:\Users\09688\thoracic-cxr-project-3\data\metadata\image_manifest.csv,458,C:[\\/]Users[\\/]09688[\\/]thoracic-cxr-project(?!-3)(?:[\\/]|\b),"b311e9ad56a71aadfcd8be7009111352,C:\Users\09688\thoracic-cxr-project\data\raw\dicom_files\b311e9ad56a71aadfcd8be7009111352.dicom,C:\Users\09688\thoracic-cxr-project-3\data\raw\images\b311e9ad56a71aadfcd8be7009111352.png,.dicom,2670,3238,formal_subset_promoted,",False
C:\Users\09688\thoracic-cxr-project-3\data\metadata\image_manifest.csv,459,C:[\\/]Users[\\/]09688[\\/]thoracic-cxr-project(?!-3)(?:[\\/]|\b),"b455c6067fa5e154a2c48ac187029022,C:\Users\09688\thoracic-cxr-project\data\raw\dicom_files\b455c6067fa5e154a2c48ac187029022.dicom,C:\Users\09688\thoracic-cxr-project-3\data\raw\images\b455c6067fa5e154a2c48ac187029022.png,.dicom,2540,3072,formal_subset_promoted,",False
C:\Users\09688\thoracic-cxr-project-3\data\metadata\image_manifest.csv,460,C:[\\/]Users[\\/]09688[\\/]thoracic-cxr-project(?!-3)(?:[\\/]|\b),"b489964b59d3f6f9070e45a02e469d8b,C:\Users\09688\thoracic-cxr-project\data\raw\dicom_files\b489964b59d3f6f9070e45a02e469d8b.dicom,C:\Users\09688\thoracic-cxr-project-3\data\raw\images\b489964b59d3f6f9070e45a02e469d8b.png,.dicom,3072,3072,formal_subset_promoted,",False
C:\Users\09688\thoracic-cxr-project-3\data\metadata\image_manifest.csv,461,C:[\\/]Users[\\/]09688[\\/]thoracic-cxr-project(?!-3)(?:[\\/]|\b),"b6c1ab12c31f8330977696c199b0592a,C:\Users\09688\thoracic-cxr-project\data\raw\dicom_files\b6c1ab12c31f8330977696c199b0592a.dicom,C:\Users\09688\thoracic-cxr-project-3\data\raw\images\b6c1ab12c31f8330977696c199b0592a.png,.dicom,2304,2880,formal_subset_promoted,",False
C:\Users\09688\thoracic-cxr-project-3\data\metadata\image_manifest.csv,462,C:[\\/]Users[\\/]09688[\\/]thoracic-cxr-project(?!-3)(?:[\\/]|\b),"b7531cbe38186e2d9aeb1b5de83984b3,C:\Users\09688\thoracic-cxr-project\data\raw\dicom_files\b7531cbe38186e2d9aeb1b5de83984b3.dicom,C:\Users\09688\thoracic-cxr-project-3\data\raw\images\b7531cbe38186e2d9aeb1b5de83984b3.png,.dicom,2304,2880,formal_subset_promoted,",False
C:\Users\09688\thoracic-cxr-project-3\data\metadata\image_manifest.csv,463,C:[\\/]Users[\\/]09688[\\/]thoracic-cxr-project(?!-3)(?:[\\/]|\b),"b775ef55984de7ff2b12941010f9d968,C:\Users\09688\thoracic-cxr-project\data\raw\dicom_files\b775ef55984de7ff2b12941010f9d968.dicom,C:\Users\09688\thoracic-cxr-project-3\data\raw\images\b775ef55984de7ff2b12941010f9d968.png,.dicom,3072,3072,formal_subset_promoted,",False
C:\Users\09688\thoracic-cxr-project-3\data\metadata\image_manifest.csv,464,C:[\\/]Users[\\/]09688[\\/]thoracic-cxr-project(?!-3)(?:[\\/]|\b),"b7ce898bce636076cff5d2267500bc18,C:\Users\09688\thoracic-cxr-project\data\raw\dicom_files\b7ce898bce636076cff5d2267500bc18.dicom,C:\Users\09688\thoracic-cxr-project-3\data\raw\images\b7ce898bce636076cff5d2267500bc18.png,.dicom,2397,2937,formal_subset_promoted,",False
C:\Users\09688\thoracic-cxr-project-3\data\metadata\image_manifest.csv,465,C:[\\/]Users[\\/]09688[\\/]thoracic-cxr-project(?!-3)(?:[\\/]|\b),"b7e9e8a42a7581a9f40b67f4ed3bab72,C:\Users\09688\thoracic-cxr-project\data\raw\dicom_files\b7e9e8a42a7581a9f40b67f4ed3bab72.dicom,C:\Users\09688\thoracic-cxr-project-3\data\raw\images\b7e9e8a42a7581a9f40b67f4ed3bab72.png,.dicom,2800,2483,formal_subset_promoted,",False
C:\Users\09688\thoracic-cxr-project-3\data\metadata\image_manifest.csv,466,C:[\\/]Users[\\/]09688[\\/]thoracic-cxr-project(?!-3)(?:[\\/]|\b),"b80be20a79e5a7539bd00f4907b444b2,C:\Users\09688\thoracic-cxr-project\data\raw\dicom_files\b80be20a79e5a7539bd00f4907b444b2.dicom,C:\Users\09688\thoracic-cxr-project-3\data\raw\images\b80be20a79e5a7539bd00f4907b444b2.png,.dicom,2540,3072,formal_subset_promoted,",False
C:\Users\09688\thoracic-cxr-project-3\data\metadata\image_manifest.csv,467,C:[\\/]Users[\\/]09688[\\/]thoracic-cxr-project(?!-3)(?:[\\/]|\b),"b995057fed5cd441821c8a954697ea57,C:\Users\09688\thoracic-cxr-project\data\raw\dicom_files\b995057fed5cd441821c8a954697ea57.dicom,C:\Users\09688\thoracic-cxr-project-3\data\raw\images\b995057fed5cd441821c8a954697ea57.png,.dicom,2723,3340,formal_subset_promoted,",False
C:\Users\09688\thoracic-cxr-project-3\data\metadata\image_manifest.csv,468,C:[\\/]Users[\\/]09688[\\/]thoracic-cxr-project(?!-3)(?:[\\/]|\b),"b99a097e12daedcc1d269899c813db0c,C:\Users\09688\thoracic-cxr-project\data\raw\dicom_files\b99a097e12daedcc1d269899c813db0c.dicom,C:\Users\09688\thoracic-cxr-project-3\data\raw\images\b99a097e12daedcc1d269899c813db0c.png,.dicom,3072,3072,formal_subset_promoted,",False
C:\Users\09688\thoracic-cxr-project-3\data\metadata\image_manifest.csv,469,C:[\\/]Users[\\/]09688[\\/]thoracic-cxr-project(?!-3)(?:[\\/]|\b),"b9b2a7a46b88db57379c59db58cc2228,C:\Users\09688\thoracic-cxr-project\data\raw\dicom_files\b9b2a7a46b88db57379c59db58cc2228.dicom,C:\Users\09688\thoracic-cxr-project-3\data\raw\images\b9b2a7a46b88db57379c59db58cc2228.png,.dicom,2170,2947,formal_subset_promoted,",False
C:\Users\09688\thoracic-cxr-project-3\data\metadata\image_manifest.csv,470,C:[\\/]Users[\\/]09688[\\/]thoracic-cxr-project(?!-3)(?:[\\/]|\b),"b9e484fa14cf5877736daa59b2ce2b24,C:\Users\09688\thoracic-cxr-project\data\raw\dicom_files\b9e484fa14cf5877736daa59b2ce2b24.dicom,C:\Users\09688\thoracic-cxr-project-3\data\raw\images\b9e484fa14cf5877736daa59b2ce2b24.png,.dicom,2304,2880,formal_subset_promoted,",False
C:\Users\09688\thoracic-cxr-project-3\data\metadata\image_manifest.csv,471,C:[\\/]Users[\\/]09688[\\/]thoracic-cxr-project(?!-3)(?:[\\/]|\b),"bb3d26414a85af5edf485b330607860d,C:\Users\09688\thoracic-cxr-project\data\raw\dicom_files\bb3d26414a85af5edf485b330607860d.dicom,C:\Users\09688\thoracic-cxr-project-3\data\raw\images\bb3d26414a85af5edf485b330607860d.png,.dicom,2304,2880,formal_subset_promoted,",False
C:\Users\09688\thoracic-cxr-project-3\data\metadata\image_manifest.csv,472,C:[\\/]Users[\\/]09688[\\/]thoracic-cxr-project(?!-3)(?:[\\/]|\b),"bbc8cca2bda1c6bc5b66715a12830d78,C:\Users\09688\thoracic-cxr-project\data\raw\dicom_files\bbc8cca2bda1c6bc5b66715a12830d78.dicom,C:\Users\09688\thoracic-cxr-project-3\data\raw\images\bbc8cca2bda1c6bc5b66715a12830d78.png,.dicom,2210,3181,formal_subset_promoted,",False
C:\Users\09688\thoracic-cxr-project-3\data\metadata\image_manifest.csv,473,C:[\\/]Users[\\/]09688[\\/]thoracic-cxr-project(?!-3)(?:[\\/]|\b),"bc7483c563cf172e46390a235cdc63b9,C:\Users\09688\thoracic-cxr-project\data\raw\dicom_files\bc7483c563cf172e46390a235cdc63b9.dicom,C:\Users\09688\thoracic-cxr-project-3\data\raw\images\bc7483c563cf172e46390a235cdc63b9.png,.dicom,2780,2988,formal_subset_promoted,",False
C:\Users\09688\thoracic-cxr-project-3\data\metadata\image_manifest.csv,474,C:[\\/]Users[\\/]09688[\\/]thoracic-cxr-project(?!-3)(?:[\\/]|\b),"bd3257de200124da83881b37840d3987,C:\Users\09688\thoracic-cxr-project\data\raw\dicom_files\bd3257de200124da83881b37840d3987.dicom,C:\Users\09688\thoracic-cxr-project-3\data\raw\images\bd3257de200124da83881b37840d3987.png,.dicom,2706,2907,formal_subset_promoted,",False
C:\Users\09688\thoracic-cxr-project-3\data\metadata\image_manifest.csv,475,C:[\\/]Users[\\/]09688[\\/]thoracic-cxr-project(?!-3)(?:[\\/]|\b),"bda862be2d20d538b558300c97b8255c,C:\Users\09688\thoracic-cxr-project\data\raw\dicom_files\bda862be2d20d538b558300c97b8255c.dicom,C:\Users\09688\thoracic-cxr-project-3\data\raw\images\bda862be2d20d538b558300c97b8255c.png,.dicom,2048,2500,formal_subset_promoted,",False
C:\Users\09688\thoracic-cxr-project-3\data\metadata\image_manifest.csv,476,C:[\\/]Users[\\/]09688[\\/]thoracic-cxr-project(?!-3)(?:[\\/]|\b),"bdd0bebed953f69413213d387c9717e7,C:\Users\09688\thoracic-cxr-project\data\raw\dicom_files\bdd0bebed953f69413213d387c9717e7.dicom,C:\Users\09688\thoracic-cxr-project-3\data\raw\images\bdd0bebed953f69413213d387c9717e7.png,.dicom,2304,2880,formal_subset_promoted,",False
C:\Users\09688\thoracic-cxr-project-3\data\metadata\image_manifest.csv,477,C:[\\/]Users[\\/]09688[\\/]thoracic-cxr-project(?!-3)(?:[\\/]|\b),"bdd7f0b920e6c5ea82526986ffb63001,C:\Users\09688\thoracic-cxr-project\data\raw\dicom_files\bdd7f0b920e6c5ea82526986ffb63001.dicom,C:\Users\09688\thoracic-cxr-project-3\data\raw\images\bdd7f0b920e6c5ea82526986ffb63001.png,.dicom,2048,2500,formal_subset_promoted,",False
C:\Users\09688\thoracic-cxr-project-3\data\metadata\image_manifest.csv,478,C:[\\/]Users[\\/]09688[\\/]thoracic-cxr-project(?!-3)(?:[\\/]|\b),"be1bb194dfb986bf7554b491852b8901,C:\Users\09688\thoracic-cxr-project\data\raw\dicom_files\be1bb194dfb986bf7554b491852b8901.dicom,C:\Users\09688\thoracic-cxr-project-3\data\raw\images\be1bb194dfb986bf7554b491852b8901.png,.dicom,3072,3072,formal_subset_promoted,",False
C:\Users\09688\thoracic-cxr-project-3\data\metadata\image_manifest.csv,479,C:[\\/]Users[\\/]09688[\\/]thoracic-cxr-project(?!-3)(?:[\\/]|\b),"beaa1ae511a49bd86ee5c090f91c80d7,C:\Users\09688\thoracic-cxr-project\data\raw\dicom_files\beaa1ae511a49bd86ee5c090f91c80d7.dicom,C:\Users\09688\thoracic-cxr-project-3\data\raw\images\beaa1ae511a49bd86ee5c090f91c80d7.png,.dicom,2704,3124,formal_subset_promoted,",False
C:\Users\09688\thoracic-cxr-project-3\data\metadata\image_manifest.csv,480,C:[\\/]Users[\\/]09688[\\/]thoracic-cxr-project(?!-3)(?:[\\/]|\b),"c41d4f698ccccbf7068c44c8c14f4e16,C:\Users\09688\thoracic-cxr-project\data\raw\dicom_files\c41d4f698ccccbf7068c44c8c14f4e16.dicom,C:\Users\09688\thoracic-cxr-project-3\data\raw\images\c41d4f698ccccbf7068c44c8c14f4e16.png,.dicom,2617,3408,formal_subset_promoted,",False
C:\Users\09688\thoracic-cxr-project-3\data\metadata\image_manifest.csv,481,C:[\\/]Users[\\/]09688[\\/]thoracic-cxr-project(?!-3)(?:[\\/]|\b),"c42997b00e59f4523788aa9fbe1f7526,C:\Users\09688\thoracic-cxr-project\data\raw\dicom_files\c42997b00e59f4523788aa9fbe1f7526.dicom,C:\Users\09688\thoracic-cxr-project-3\data\raw\images\c42997b00e59f4523788aa9fbe1f7526.png,.dicom,2961,3200,formal_subset_promoted,",False
C:\Users\09688\thoracic-cxr-project-3\data\metadata\image_manifest.csv,482,C:[\\/]Users[\\/]09688[\\/]thoracic-cxr-project(?!-3)(?:[\\/]|\b),"c47bf1efb40dc9e8eb8975abcb539ab8,C:\Users\09688\thoracic-cxr-project\data\raw\dicom_files\c47bf1efb40dc9e8eb8975abcb539ab8.dicom,C:\Users\09688\thoracic-cxr-project-3\data\raw\images\c47bf1efb40dc9e8eb8975abcb539ab8.png,.dicom,2304,2880,formal_subset_promoted,",False
C:\Users\09688\thoracic-cxr-project-3\data\metadata\image_manifest.csv,483,C:[\\/]Users[\\/]09688[\\/]thoracic-cxr-project(?!-3)(?:[\\/]|\b),"c4c2b57389bb4eac8ce685dfe8f5b965,C:\Users\09688\thoracic-cxr-project\data\raw\dicom_files\c4c2b57389bb4eac8ce685dfe8f5b965.dicom,C:\Users\09688\thoracic-cxr-project-3\data\raw\images\c4c2b57389bb4eac8ce685dfe8f5b965.png,.dicom,2304,2880,formal_subset_promoted,",False
C:\Users\09688\thoracic-cxr-project-3\data\metadata\image_manifest.csv,484,C:[\\/]Users[\\/]09688[\\/]thoracic-cxr-project(?!-3)(?:[\\/]|\b),"c67b6e145e57b4fbd4db367f114bd879,C:\Users\09688\thoracic-cxr-project\data\raw\dicom_files\c67b6e145e57b4fbd4db367f114bd879.dicom,C:\Users\09688\thoracic-cxr-project-3\data\raw\images\c67b6e145e57b4fbd4db367f114bd879.png,.dicom,2304,2880,formal_subset_promoted,",False
C:\Users\09688\thoracic-cxr-project-3\data\metadata\image_manifest.csv,485,C:[\\/]Users[\\/]09688[\\/]thoracic-cxr-project(?!-3)(?:[\\/]|\b),"c6821f9488fa1827726c54dbf5c862b8,C:\Users\09688\thoracic-cxr-project\data\raw\dicom_files\c6821f9488fa1827726c54dbf5c862b8.dicom,C:\Users\09688\thoracic-cxr-project-3\data\raw\images\c6821f9488fa1827726c54dbf5c862b8.png,.dicom,2000,2368,formal_subset_promoted,",False
C:\Users\09688\thoracic-cxr-project-3\data\metadata\image_manifest.csv,486,C:[\\/]Users[\\/]09688[\\/]thoracic-cxr-project(?!-3)(?:[\\/]|\b),"c8205cbdfff77ee90770156c3075a38f,C:\Users\09688\thoracic-cxr-project\data\raw\dicom_files\c8205cbdfff77ee90770156c3075a38f.dicom,C:\Users\09688\thoracic-cxr-project-3\data\raw\images\c8205cbdfff77ee90770156c3075a38f.png,.dicom,2292,2516,formal_subset_promoted,",False
C:\Users\09688\thoracic-cxr-project-3\data\metadata\image_manifest.csv,487,C:[\\/]Users[\\/]09688[\\/]thoracic-cxr-project(?!-3)(?:[\\/]|\b),"c8634131ee43469be8f4f75ab4595b10,C:\Users\09688\thoracic-cxr-project\data\raw\dicom_files\c8634131ee43469be8f4f75ab4595b10.dicom,C:\Users\09688\thoracic-cxr-project-3\data\raw\images\c8634131ee43469be8f4f75ab4595b10.png,.dicom,2304,2880,formal_subset_promoted,",False
C:\Users\09688\thoracic-cxr-project-3\data\metadata\image_manifest.csv,488,C:[\\/]Users[\\/]09688[\\/]thoracic-cxr-project(?!-3)(?:[\\/]|\b),"c87a39abf714b710d0539e246739d783,C:\Users\09688\thoracic-cxr-project\data\raw\dicom_files\c87a39abf714b710d0539e246739d783.dicom,C:\Users\09688\thoracic-cxr-project-3\data\raw\images\c87a39abf714b710d0539e246739d783.png,.dicom,2048,2500,formal_subset_promoted,",False
C:\Users\09688\thoracic-cxr-project-3\data\metadata\image_manifest.csv,489,C:[\\/]Users[\\/]09688[\\/]thoracic-cxr-project(?!-3)(?:[\\/]|\b),"c8f9493ed65b68adb82000cb7ca7baf3,C:\Users\09688\thoracic-cxr-project\data\raw\dicom_files\c8f9493ed65b68adb82000cb7ca7baf3.dicom,C:\Users\09688\thoracic-cxr-project-3\data\raw\images\c8f9493ed65b68adb82000cb7ca7baf3.png,.dicom,2048,2500,formal_subset_promoted,",False
C:\Users\09688\thoracic-cxr-project-3\data\metadata\image_manifest.csv,490,C:[\\/]Users[\\/]09688[\\/]thoracic-cxr-project(?!-3)(?:[\\/]|\b),"c9380a132776f6d999ed5a72a1212bcf,C:\Users\09688\thoracic-cxr-project\data\raw\dicom_files\c9380a132776f6d999ed5a72a1212bcf.dicom,C:\Users\09688\thoracic-cxr-project-3\data\raw\images\c9380a132776f6d999ed5a72a1212bcf.png,.dicom,3072,3072,formal_subset_promoted,",False
C:\Users\09688\thoracic-cxr-project-3\data\metadata\image_manifest.csv,491,C:[\\/]Users[\\/]09688[\\/]thoracic-cxr-project(?!-3)(?:[\\/]|\b),"ca6c1531a83f8ee89916ed934f8d4847,C:\Users\09688\thoracic-cxr-project\data\raw\dicom_files\ca6c1531a83f8ee89916ed934f8d4847.dicom,C:\Users\09688\thoracic-cxr-project-3\data\raw\images\ca6c1531a83f8ee89916ed934f8d4847.png,.dicom,2688,2208,formal_subset_promoted,",False
C:\Users\09688\thoracic-cxr-project-3\data\metadata\image_manifest.csv,492,C:[\\/]Users[\\/]09688[\\/]thoracic-cxr-project(?!-3)(?:[\\/]|\b),"cad7f3b0b26e674d67eb5a735c0a9bbe,C:\Users\09688\thoracic-cxr-project\data\raw\dicom_files\cad7f3b0b26e674d67eb5a735c0a9bbe.dicom,C:\Users\09688\thoracic-cxr-project-3\data\raw\images\cad7f3b0b26e674d67eb5a735c0a9bbe.png,.dicom,2474,2967,formal_subset_promoted,",False
C:\Users\09688\thoracic-cxr-project-3\data\metadata\image_manifest.csv,493,C:[\\/]Users[\\/]09688[\\/]thoracic-cxr-project(?!-3)(?:[\\/]|\b),"cbfe3d59be5549fee6a56e73fc8b2803,C:\Users\09688\thoracic-cxr-project\data\raw\dicom_files\cbfe3d59be5549fee6a56e73fc8b2803.dicom,C:\Users\09688\thoracic-cxr-project-3\data\raw\images\cbfe3d59be5549fee6a56e73fc8b2803.png,.dicom,3072,3072,formal_subset_promoted,",False
C:\Users\09688\thoracic-cxr-project-3\data\metadata\image_manifest.csv,494,C:[\\/]Users[\\/]09688[\\/]thoracic-cxr-project(?!-3)(?:[\\/]|\b),"cdf9f0eb45572fe32a1c66db5755fc20,C:\Users\09688\thoracic-cxr-project\data\raw\dicom_files\cdf9f0eb45572fe32a1c66db5755fc20.dicom,C:\Users\09688\thoracic-cxr-project-3\data\raw\images\cdf9f0eb45572fe32a1c66db5755fc20.png,.dicom,2048,2500,formal_subset_promoted,",False
C:\Users\09688\thoracic-cxr-project-3\data\metadata\image_manifest.csv,495,C:[\\/]Users[\\/]09688[\\/]thoracic-cxr-project(?!-3)(?:[\\/]|\b),"ce2445abc396911bace06d962bf9b6e6,C:\Users\09688\thoracic-cxr-project\data\raw\dicom_files\ce2445abc396911bace06d962bf9b6e6.dicom,C:\Users\09688\thoracic-cxr-project-3\data\raw\images\ce2445abc396911bace06d962bf9b6e6.png,.dicom,2672,2907,formal_subset_promoted,",False
C:\Users\09688\thoracic-cxr-project-3\data\metadata\image_manifest.csv,496,C:[\\/]Users[\\/]09688[\\/]thoracic-cxr-project(?!-3)(?:[\\/]|\b),"ce371ba7a1fb344e711357b2a55c8754,C:\Users\09688\thoracic-cxr-project\data\raw\dicom_files\ce371ba7a1fb344e711357b2a55c8754.dicom,C:\Users\09688\thoracic-cxr-project-3\data\raw\images\ce371ba7a1fb344e711357b2a55c8754.png,.dicom,2540,3072,formal_subset_promoted,",False
C:\Users\09688\thoracic-cxr-project-3\data\metadata\image_manifest.csv,497,C:[\\/]Users[\\/]09688[\\/]thoracic-cxr-project(?!-3)(?:[\\/]|\b),"ce51a9ef3a4afc873a483972c2264c2f,C:\Users\09688\thoracic-cxr-project\data\raw\dicom_files\ce51a9ef3a4afc873a483972c2264c2f.dicom,C:\Users\09688\thoracic-cxr-project-3\data\raw\images\ce51a9ef3a4afc873a483972c2264c2f.png,.dicom,2304,2880,formal_subset_promoted,",False
C:\Users\09688\thoracic-cxr-project-3\data\metadata\image_manifest.csv,498,C:[\\/]Users[\\/]09688[\\/]thoracic-cxr-project(?!-3)(?:[\\/]|\b),"ce5e76544b8c1d0ec34783b0f1bc471d,C:\Users\09688\thoracic-cxr-project\data\raw\dicom_files\ce5e76544b8c1d0ec34783b0f1bc471d.dicom,C:\Users\09688\thoracic-cxr-project-3\data\raw\images\ce5e76544b8c1d0ec34783b0f1bc471d.png,.dicom,2994,3290,formal_subset_promoted,",False
C:\Users\09688\thoracic-cxr-project-3\data\metadata\image_manifest.csv,499,C:[\\/]Users[\\/]09688[\\/]thoracic-cxr-project(?!-3)(?:[\\/]|\b),"cf32a2bc41deeb7436a36bcc4ff324fb,C:\Users\09688\thoracic-cxr-project\data\raw\dicom_files\cf32a2bc41deeb7436a36bcc4ff324fb.dicom,C:\Users\09688\thoracic-cxr-project-3\data\raw\images\cf32a2bc41deeb7436a36bcc4ff324fb.png,.dicom,3000,3000,formal_subset_promoted,",False
C:\Users\09688\thoracic-cxr-project-3\data\metadata\image_manifest.csv,500,C:[\\/]Users[\\/]09688[\\/]thoracic-cxr-project(?!-3)(?:[\\/]|\b),"cf412a6f906091434c19ffd30f2df9b6,C:\Users\09688\thoracic-cxr-project\data\raw\dicom_files\cf412a6f906091434c19ffd30f2df9b6.dicom,C:\Users\09688\thoracic-cxr-project-3\data\raw\images\cf412a6f906091434c19ffd30f2df9b6.png,.dicom,1984,2448,formal_subset_promoted,",False
C:\Users\09688\thoracic-cxr-project-3\data\metadata\image_manifest.csv,501,C:[\\/]Users[\\/]09688[\\/]thoracic-cxr-project(?!-3)(?:[\\/]|\b),"d04d4c8e2d4a4338994e37f3eec158ca,C:\Users\09688\thoracic-cxr-project\data\raw\dicom_files\d04d4c8e2d4a4338994e37f3eec158ca.dicom,C:\Users\09688\thoracic-cxr-project-3\data\raw\images\d04d4c8e2d4a4338994e37f3eec158ca.png,.dicom,1952,2424,formal_subset_promoted,",False
C:\Users\09688\thoracic-cxr-project-3\data\metadata\image_manifest.csv,502,C:[\\/]Users[\\/]09688[\\/]thoracic-cxr-project(?!-3)(?:[\\/]|\b),"d13883c248f9a28b6f50e3ac77ccb756,C:\Users\09688\thoracic-cxr-project\data\raw\dicom_files\d13883c248f9a28b6f50e3ac77ccb756.dicom,C:\Users\09688\thoracic-cxr-project-3\data\raw\images\d13883c248f9a28b6f50e3ac77ccb756.png,.dicom,2304,2880,formal_subset_promoted,",False
C:\Users\09688\thoracic-cxr-project-3\data\metadata\image_manifest.csv,503,C:[\\/]Users[\\/]09688[\\/]thoracic-cxr-project(?!-3)(?:[\\/]|\b),"d16b67fee07971da41a3d08707ccd864,C:\Users\09688\thoracic-cxr-project\data\raw\dicom_files\d16b67fee07971da41a3d08707ccd864.dicom,C:\Users\09688\thoracic-cxr-project-3\data\raw\images\d16b67fee07971da41a3d08707ccd864.png,.dicom,3000,3000,formal_subset_promoted,",False
C:\Users\09688\thoracic-cxr-project-3\data\metadata\image_manifest.csv,504,C:[\\/]Users[\\/]09688[\\/]thoracic-cxr-project(?!-3)(?:[\\/]|\b),"d189ad84aa78fffbb5bea14f1c230e54,C:\Users\09688\thoracic-cxr-project\data\raw\dicom_files\d189ad84aa78fffbb5bea14f1c230e54.dicom,C:\Users\09688\thoracic-cxr-project-3\data\raw\images\d189ad84aa78fffbb5bea14f1c230e54.png,.dicom,2304,2880,formal_subset_promoted,",False
C:\Users\09688\thoracic-cxr-project-3\data\metadata\image_manifest.csv,505,C:[\\/]Users[\\/]09688[\\/]thoracic-cxr-project(?!-3)(?:[\\/]|\b),"d3ef9ae515fb3cd3565e2c9875b3e0aa,C:\Users\09688\thoracic-cxr-project\data\raw\dicom_files\d3ef9ae515fb3cd3565e2c9875b3e0aa.dicom,C:\Users\09688\thoracic-cxr-project-3\data\raw\images\d3ef9ae515fb3cd3565e2c9875b3e0aa.png,.dicom,2304,2880,formal_subset_promoted,",False
C:\Users\09688\thoracic-cxr-project-3\data\metadata\image_manifest.csv,506,C:[\\/]Users[\\/]09688[\\/]thoracic-cxr-project(?!-3)(?:[\\/]|\b),"d433568de3111a8536c18e27eff73a47,C:\Users\09688\thoracic-cxr-project\data\raw\dicom_files\d433568de3111a8536c18e27eff73a47.dicom,C:\Users\09688\thoracic-cxr-project-3\data\raw\images\d433568de3111a8536c18e27eff73a47.png,.dicom,2588,2984,formal_subset_promoted,",False
C:\Users\09688\thoracic-cxr-project-3\data\metadata\image_manifest.csv,507,C:[\\/]Users[\\/]09688[\\/]thoracic-cxr-project(?!-3)(?:[\\/]|\b),"d47efdd2527ed1646f31bec6dcbbcdc1,C:\Users\09688\thoracic-cxr-project\data\raw\dicom_files\d47efdd2527ed1646f31bec6dcbbcdc1.dicom,C:\Users\09688\thoracic-cxr-project-3\data\raw\images\d47efdd2527ed1646f31bec6dcbbcdc1.png,.dicom,2304,2880,formal_subset_promoted,",False
C:\Users\09688\thoracic-cxr-project-3\data\metadata\image_manifest.csv,508,C:[\\/]Users[\\/]09688[\\/]thoracic-cxr-project(?!-3)(?:[\\/]|\b),"d4a201049322f6130e8ee837c22ed803,C:\Users\09688\thoracic-cxr-project\data\raw\dicom_files\d4a201049322f6130e8ee837c22ed803.dicom,C:\Users\09688\thoracic-cxr-project-3\data\raw\images\d4a201049322f6130e8ee837c22ed803.png,.dicom,2868,3132,formal_subset_promoted,",False
C:\Users\09688\thoracic-cxr-project-3\data\metadata\image_manifest.csv,509,C:[\\/]Users[\\/]09688[\\/]thoracic-cxr-project(?!-3)(?:[\\/]|\b),"d5331c5488785e73b81760e5418a192d,C:\Users\09688\thoracic-cxr-project\data\raw\dicom_files\d5331c5488785e73b81760e5418a192d.dicom,C:\Users\09688\thoracic-cxr-project-3\data\raw\images\d5331c5488785e73b81760e5418a192d.png,.dicom,2596,2912,formal_subset_promoted,",False
C:\Users\09688\thoracic-cxr-project-3\data\metadata\image_manifest.csv,510,C:[\\/]Users[\\/]09688[\\/]thoracic-cxr-project(?!-3)(?:[\\/]|\b),"d55bf1212f45e38da405d8bde20f6a7d,C:\Users\09688\thoracic-cxr-project\data\raw\dicom_files\d55bf1212f45e38da405d8bde20f6a7d.dicom,C:\Users\09688\thoracic-cxr-project-3\data\raw\images\d55bf1212f45e38da405d8bde20f6a7d.png,.dicom,2304,2880,formal_subset_promoted,",False
C:\Users\09688\thoracic-cxr-project-3\data\metadata\image_manifest.csv,511,C:[\\/]Users[\\/]09688[\\/]thoracic-cxr-project(?!-3)(?:[\\/]|\b),"d65e8ebeaf0add8c9491ba9d8b35931e,C:\Users\09688\thoracic-cxr-project\data\raw\dicom_files\d65e8ebeaf0add8c9491ba9d8b35931e.dicom,C:\Users\09688\thoracic-cxr-project-3\data\raw\images\d65e8ebeaf0add8c9491ba9d8b35931e.png,.dicom,2339,2878,formal_subset_promoted,",False
C:\Users\09688\thoracic-cxr-project-3\data\metadata\image_manifest.csv,512,C:[\\/]Users[\\/]09688[\\/]thoracic-cxr-project(?!-3)(?:[\\/]|\b),"d6d95f11e158dafc5fe2955b81192f51,C:\Users\09688\thoracic-cxr-project\data\raw\dicom_files\d6d95f11e158dafc5fe2955b81192f51.dicom,C:\Users\09688\thoracic-cxr-project-3\data\raw\images\d6d95f11e158dafc5fe2955b81192f51.png,.dicom,2304,2880,formal_subset_promoted,",False
C:\Users\09688\thoracic-cxr-project-3\data\metadata\image_manifest.csv,513,C:[\\/]Users[\\/]09688[\\/]thoracic-cxr-project(?!-3)(?:[\\/]|\b),"d70837c881f01f8c51afe9616879de50,C:\Users\09688\thoracic-cxr-project\data\raw\dicom_files\d70837c881f01f8c51afe9616879de50.dicom,C:\Users\09688\thoracic-cxr-project-3\data\raw\images\d70837c881f01f8c51afe9616879de50.png,.dicom,3076,2895,formal_subset_promoted,",False
C:\Users\09688\thoracic-cxr-project-3\data\metadata\image_manifest.csv,514,C:[\\/]Users[\\/]09688[\\/]thoracic-cxr-project(?!-3)(?:[\\/]|\b),"d754c0b8f318f683355ec2b11954abb4,C:\Users\09688\thoracic-cxr-project\data\raw\dicom_files\d754c0b8f318f683355ec2b11954abb4.dicom,C:\Users\09688\thoracic-cxr-project-3\data\raw\images\d754c0b8f318f683355ec2b11954abb4.png,.dicom,2974,2959,formal_subset_promoted,",False
C:\Users\09688\thoracic-cxr-project-3\data\metadata\image_manifest.csv,515,C:[\\/]Users[\\/]09688[\\/]thoracic-cxr-project(?!-3)(?:[\\/]|\b),"d7a418b9be0b9981e1a5e81f97e70690,C:\Users\09688\thoracic-cxr-project\data\raw\dicom_files\d7a418b9be0b9981e1a5e81f97e70690.dicom,C:\Users\09688\thoracic-cxr-project-3\data\raw\images\d7a418b9be0b9981e1a5e81f97e70690.png,.dicom,2602,3135,formal_subset_promoted,",False
C:\Users\09688\thoracic-cxr-project-3\data\metadata\image_manifest.csv,516,C:[\\/]Users[\\/]09688[\\/]thoracic-cxr-project(?!-3)(?:[\\/]|\b),"d7aea6f37597df566725da73655edcc2,C:\Users\09688\thoracic-cxr-project\data\raw\dicom_files\d7aea6f37597df566725da73655edcc2.dicom,C:\Users\09688\thoracic-cxr-project-3\data\raw\images\d7aea6f37597df566725da73655edcc2.png,.dicom,2594,3395,formal_subset_promoted,",False
C:\Users\09688\thoracic-cxr-project-3\data\metadata\image_manifest.csv,517,C:[\\/]Users[\\/]09688[\\/]thoracic-cxr-project(?!-3)(?:[\\/]|\b),"d7bbb290f6691900ee45ea1ed1d5787f,C:\Users\09688\thoracic-cxr-project\data\raw\dicom_files\d7bbb290f6691900ee45ea1ed1d5787f.dicom,C:\Users\09688\thoracic-cxr-project-3\data\raw\images\d7bbb290f6691900ee45ea1ed1d5787f.png,.dicom,2615,2687,formal_subset_promoted,",False
C:\Users\09688\thoracic-cxr-project-3\data\metadata\image_manifest.csv,518,C:[\\/]Users[\\/]09688[\\/]thoracic-cxr-project(?!-3)(?:[\\/]|\b),"d7eafe6a9ffafc052512cac5aa378efb,C:\Users\09688\thoracic-cxr-project\data\raw\dicom_files\d7eafe6a9ffafc052512cac5aa378efb.dicom,C:\Users\09688\thoracic-cxr-project-3\data\raw\images\d7eafe6a9ffafc052512cac5aa378efb.png,.dicom,2304,2880,formal_subset_promoted,",False
C:\Users\09688\thoracic-cxr-project-3\data\metadata\image_manifest.csv,519,C:[\\/]Users[\\/]09688[\\/]thoracic-cxr-project(?!-3)(?:[\\/]|\b),"d8b297c773294eb23707c0a7f693c5fc,C:\Users\09688\thoracic-cxr-project\data\raw\dicom_files\d8b297c773294eb23707c0a7f693c5fc.dicom,C:\Users\09688\thoracic-cxr-project-3\data\raw\images\d8b297c773294eb23707c0a7f693c5fc.png,.dicom,2905,3201,formal_subset_promoted,",False
C:\Users\09688\thoracic-cxr-project-3\data\metadata\image_manifest.csv,520,C:[\\/]Users[\\/]09688[\\/]thoracic-cxr-project(?!-3)(?:[\\/]|\b),"d8d73dcf93b13ff0bd2f11639abd0003,C:\Users\09688\thoracic-cxr-project\data\raw\dicom_files\d8d73dcf93b13ff0bd2f11639abd0003.dicom,C:\Users\09688\thoracic-cxr-project-3\data\raw\images\d8d73dcf93b13ff0bd2f11639abd0003.png,.dicom,2048,2500,formal_subset_promoted,",False
C:\Users\09688\thoracic-cxr-project-3\data\metadata\image_manifest.csv,521,C:[\\/]Users[\\/]09688[\\/]thoracic-cxr-project(?!-3)(?:[\\/]|\b),"d936f8115e8be8a46c5933decd3b6b94,C:\Users\09688\thoracic-cxr-project\data\raw\dicom_files\d936f8115e8be8a46c5933decd3b6b94.dicom,C:\Users\09688\thoracic-cxr-project-3\data\raw\images\d936f8115e8be8a46c5933decd3b6b94.png,.dicom,2540,3072,formal_subset_promoted,",False
C:\Users\09688\thoracic-cxr-project-3\data\metadata\image_manifest.csv,522,C:[\\/]Users[\\/]09688[\\/]thoracic-cxr-project(?!-3)(?:[\\/]|\b),"d99ee7158fccfc6add49cd6b8389fb55,C:\Users\09688\thoracic-cxr-project\data\raw\dicom_files\d99ee7158fccfc6add49cd6b8389fb55.dicom,C:\Users\09688\thoracic-cxr-project-3\data\raw\images\d99ee7158fccfc6add49cd6b8389fb55.png,.dicom,2048,2500,formal_subset_promoted,",False
C:\Users\09688\thoracic-cxr-project-3\data\metadata\image_manifest.csv,523,C:[\\/]Users[\\/]09688[\\/]thoracic-cxr-project(?!-3)(?:[\\/]|\b),"d9f6c5f7623550374aff527ad8ba6ccd,C:\Users\09688\thoracic-cxr-project\data\raw\dicom_files\d9f6c5f7623550374aff527ad8ba6ccd.dicom,C:\Users\09688\thoracic-cxr-project-3\data\raw\images\d9f6c5f7623550374aff527ad8ba6ccd.png,.dicom,2304,2880,formal_subset_promoted,",False
C:\Users\09688\thoracic-cxr-project-3\data\metadata\image_manifest.csv,524,C:[\\/]Users[\\/]09688[\\/]thoracic-cxr-project(?!-3)(?:[\\/]|\b),"da0364cb98ded8ccbdea0d70fc8fa38c,C:\Users\09688\thoracic-cxr-project\data\raw\dicom_files\da0364cb98ded8ccbdea0d70fc8fa38c.dicom,C:\Users\09688\thoracic-cxr-project-3\data\raw\images\da0364cb98ded8ccbdea0d70fc8fa38c.png,.dicom,2846,2992,formal_subset_promoted,",False
C:\Users\09688\thoracic-cxr-project-3\data\metadata\image_manifest.csv,525,C:[\\/]Users[\\/]09688[\\/]thoracic-cxr-project(?!-3)(?:[\\/]|\b),"da9778a74d1eb6016acd497948eae1d1,C:\Users\09688\thoracic-cxr-project\data\raw\dicom_files\da9778a74d1eb6016acd497948eae1d1.dicom,C:\Users\09688\thoracic-cxr-project-3\data\raw\images\da9778a74d1eb6016acd497948eae1d1.png,.dicom,2441,2742,formal_subset_promoted,",False
C:\Users\09688\thoracic-cxr-project-3\data\metadata\image_manifest.csv,526,C:[\\/]Users[\\/]09688[\\/]thoracic-cxr-project(?!-3)(?:[\\/]|\b),"db3e54a9097fc39788693da5bbcef8cf,C:\Users\09688\thoracic-cxr-project\data\raw\dicom_files\db3e54a9097fc39788693da5bbcef8cf.dicom,C:\Users\09688\thoracic-cxr-project-3\data\raw\images\db3e54a9097fc39788693da5bbcef8cf.png,.dicom,2304,2880,formal_subset_promoted,",False
C:\Users\09688\thoracic-cxr-project-3\data\metadata\image_manifest.csv,527,C:[\\/]Users[\\/]09688[\\/]thoracic-cxr-project(?!-3)(?:[\\/]|\b),"db56d92cb8648d1bd80eff002eefdbf7,C:\Users\09688\thoracic-cxr-project\data\raw\dicom_files\db56d92cb8648d1bd80eff002eefdbf7.dicom,C:\Users\09688\thoracic-cxr-project-3\data\raw\images\db56d92cb8648d1bd80eff002eefdbf7.png,.dicom,2304,2880,formal_subset_promoted,",False
C:\Users\09688\thoracic-cxr-project-3\data\metadata\image_manifest.csv,528,C:[\\/]Users[\\/]09688[\\/]thoracic-cxr-project(?!-3)(?:[\\/]|\b),"db8cef631031c241d7eea067c09fde94,C:\Users\09688\thoracic-cxr-project\data\raw\dicom_files\db8cef631031c241d7eea067c09fde94.dicom,C:\Users\09688\thoracic-cxr-project-3\data\raw\images\db8cef631031c241d7eea067c09fde94.png,.dicom,2048,2500,formal_subset_promoted,",False
C:\Users\09688\thoracic-cxr-project-3\data\metadata\image_manifest.csv,529,C:[\\/]Users[\\/]09688[\\/]thoracic-cxr-project(?!-3)(?:[\\/]|\b),"dcb081bb5e1dac41000e96fc37c8c322,C:\Users\09688\thoracic-cxr-project\data\raw\dicom_files\dcb081bb5e1dac41000e96fc37c8c322.dicom,C:\Users\09688\thoracic-cxr-project-3\data\raw\images\dcb081bb5e1dac41000e96fc37c8c322.png,.dicom,2507,2651,formal_subset_promoted,",False
C:\Users\09688\thoracic-cxr-project-3\data\metadata\image_manifest.csv,530,C:[\\/]Users[\\/]09688[\\/]thoracic-cxr-project(?!-3)(?:[\\/]|\b),"dd83b3e293e8801c9fb167c53f96e2b6,C:\Users\09688\thoracic-cxr-project\data\raw\dicom_files\dd83b3e293e8801c9fb167c53f96e2b6.dicom,C:\Users\09688\thoracic-cxr-project-3\data\raw\images\dd83b3e293e8801c9fb167c53f96e2b6.png,.dicom,2614,3120,formal_subset_promoted,",False
C:\Users\09688\thoracic-cxr-project-3\data\metadata\image_manifest.csv,531,C:[\\/]Users[\\/]09688[\\/]thoracic-cxr-project(?!-3)(?:[\\/]|\b),"de6783eb70869268dbd796a1d27de7a8,C:\Users\09688\thoracic-cxr-project\data\raw\dicom_files\de6783eb70869268dbd796a1d27de7a8.dicom,C:\Users\09688\thoracic-cxr-project-3\data\raw\images\de6783eb70869268dbd796a1d27de7a8.png,.dicom,2304,2880,formal_subset_promoted,",False
C:\Users\09688\thoracic-cxr-project-3\data\metadata\image_manifest.csv,532,C:[\\/]Users[\\/]09688[\\/]thoracic-cxr-project(?!-3)(?:[\\/]|\b),"e0a078144e3167316fa44673aa5e3aab,C:\Users\09688\thoracic-cxr-project\data\raw\dicom_files\e0a078144e3167316fa44673aa5e3aab.dicom,C:\Users\09688\thoracic-cxr-project-3\data\raw\images\e0a078144e3167316fa44673aa5e3aab.png,.dicom,2606,3340,formal_subset_promoted,",False
C:\Users\09688\thoracic-cxr-project-3\data\metadata\image_manifest.csv,533,C:[\\/]Users[\\/]09688[\\/]thoracic-cxr-project(?!-3)(?:[\\/]|\b),"e0da968a8b88e3ad9cb42b9e7973bc6d,C:\Users\09688\thoracic-cxr-project\data\raw\dicom_files\e0da968a8b88e3ad9cb42b9e7973bc6d.dicom,C:\Users\09688\thoracic-cxr-project-3\data\raw\images\e0da968a8b88e3ad9cb42b9e7973bc6d.png,.dicom,2184,2224,formal_subset_promoted,",False
C:\Users\09688\thoracic-cxr-project-3\data\metadata\image_manifest.csv,534,C:[\\/]Users[\\/]09688[\\/]thoracic-cxr-project(?!-3)(?:[\\/]|\b),"e18a100e84aefa9da53dc8cc2fd4f22c,C:\Users\09688\thoracic-cxr-project\data\raw\dicom_files\e18a100e84aefa9da53dc8cc2fd4f22c.dicom,C:\Users\09688\thoracic-cxr-project-3\data\raw\images\e18a100e84aefa9da53dc8cc2fd4f22c.png,.dicom,2304,2880,formal_subset_promoted,",False
C:\Users\09688\thoracic-cxr-project-3\data\metadata\image_manifest.csv,535,C:[\\/]Users[\\/]09688[\\/]thoracic-cxr-project(?!-3)(?:[\\/]|\b),"e1d60fdb0e8b11d6198093e11afb562b,C:\Users\09688\thoracic-cxr-project\data\raw\dicom_files\e1d60fdb0e8b11d6198093e11afb562b.dicom,C:\Users\09688\thoracic-cxr-project-3\data\raw\images\e1d60fdb0e8b11d6198093e11afb562b.png,.dicom,2304,2880,formal_subset_promoted,",False
C:\Users\09688\thoracic-cxr-project-3\data\metadata\image_manifest.csv,536,C:[\\/]Users[\\/]09688[\\/]thoracic-cxr-project(?!-3)(?:[\\/]|\b),"e1e596163010acb347ac7fa1a48d8d9c,C:\Users\09688\thoracic-cxr-project\data\raw\dicom_files\e1e596163010acb347ac7fa1a48d8d9c.dicom,C:\Users\09688\thoracic-cxr-project-3\data\raw\images\e1e596163010acb347ac7fa1a48d8d9c.png,.dicom,2791,3060,formal_subset_promoted,",False
C:\Users\09688\thoracic-cxr-project-3\data\metadata\image_manifest.csv,537,C:[\\/]Users[\\/]09688[\\/]thoracic-cxr-project(?!-3)(?:[\\/]|\b),"e2516771535cd2d3550541b91d8b1233,C:\Users\09688\thoracic-cxr-project\data\raw\dicom_files\e2516771535cd2d3550541b91d8b1233.dicom,C:\Users\09688\thoracic-cxr-project-3\data\raw\images\e2516771535cd2d3550541b91d8b1233.png,.dicom,2384,2856,formal_subset_promoted,",False
C:\Users\09688\thoracic-cxr-project-3\data\metadata\image_manifest.csv,538,C:[\\/]Users[\\/]09688[\\/]thoracic-cxr-project(?!-3)(?:[\\/]|\b),"e2ec7fc4c6f718c7da540ee96d64b724,C:\Users\09688\thoracic-cxr-project\data\raw\dicom_files\e2ec7fc4c6f718c7da540ee96d64b724.dicom,C:\Users\09688\thoracic-cxr-project-3\data\raw\images\e2ec7fc4c6f718c7da540ee96d64b724.png,.dicom,3320,3408,formal_subset_promoted,",False
C:\Users\09688\thoracic-cxr-project-3\data\metadata\image_manifest.csv,539,C:[\\/]Users[\\/]09688[\\/]thoracic-cxr-project(?!-3)(?:[\\/]|\b),"e2f74cb96fb90ec20839f4ff497c007f,C:\Users\09688\thoracic-cxr-project\data\raw\dicom_files\e2f74cb96fb90ec20839f4ff497c007f.dicom,C:\Users\09688\thoracic-cxr-project-3\data\raw\images\e2f74cb96fb90ec20839f4ff497c007f.png,.dicom,2779,2695,formal_subset_promoted,",False
C:\Users\09688\thoracic-cxr-project-3\data\metadata\image_manifest.csv,540,C:[\\/]Users[\\/]09688[\\/]thoracic-cxr-project(?!-3)(?:[\\/]|\b),"e312a8c1788a0b47d0ce8c1321a912f9,C:\Users\09688\thoracic-cxr-project\data\raw\dicom_files\e312a8c1788a0b47d0ce8c1321a912f9.dicom,C:\Users\09688\thoracic-cxr-project-3\data\raw\images\e312a8c1788a0b47d0ce8c1321a912f9.png,.dicom,3072,3072,formal_subset_promoted,",False
C:\Users\09688\thoracic-cxr-project-3\data\metadata\image_manifest.csv,541,C:[\\/]Users[\\/]09688[\\/]thoracic-cxr-project(?!-3)(?:[\\/]|\b),"e31be972e181987a8600a8700c1ebe88,C:\Users\09688\thoracic-cxr-project\data\raw\dicom_files\e31be972e181987a8600a8700c1ebe88.dicom,C:\Users\09688\thoracic-cxr-project-3\data\raw\images\e31be972e181987a8600a8700c1ebe88.png,.dicom,2800,2801,formal_subset_promoted,",False
C:\Users\09688\thoracic-cxr-project-3\data\metadata\image_manifest.csv,542,C:[\\/]Users[\\/]09688[\\/]thoracic-cxr-project(?!-3)(?:[\\/]|\b),"e33ce975b5a636df54a8a1f592410b0c,C:\Users\09688\thoracic-cxr-project\data\raw\dicom_files\e33ce975b5a636df54a8a1f592410b0c.dicom,C:\Users\09688\thoracic-cxr-project-3\data\raw\images\e33ce975b5a636df54a8a1f592410b0c.png,.dicom,2304,2880,formal_subset_promoted,",False
C:\Users\09688\thoracic-cxr-project-3\data\metadata\image_manifest.csv,543,C:[\\/]Users[\\/]09688[\\/]thoracic-cxr-project(?!-3)(?:[\\/]|\b),"e34c8c01586e531b57fe7e67f9d846e9,C:\Users\09688\thoracic-cxr-project\data\raw\dicom_files\e34c8c01586e531b57fe7e67f9d846e9.dicom,C:\Users\09688\thoracic-cxr-project-3\data\raw\images\e34c8c01586e531b57fe7e67f9d846e9.png,.dicom,2540,3072,formal_subset_promoted,",False
C:\Users\09688\thoracic-cxr-project-3\data\metadata\image_manifest.csv,544,C:[\\/]Users[\\/]09688[\\/]thoracic-cxr-project(?!-3)(?:[\\/]|\b),"e3d67e87b9ad31a5795719d97990f3a3,C:\Users\09688\thoracic-cxr-project\data\raw\dicom_files\e3d67e87b9ad31a5795719d97990f3a3.dicom,C:\Users\09688\thoracic-cxr-project-3\data\raw\images\e3d67e87b9ad31a5795719d97990f3a3.png,.dicom,3072,3072,formal_subset_promoted,",False
C:\Users\09688\thoracic-cxr-project-3\data\metadata\image_manifest.csv,545,C:[\\/]Users[\\/]09688[\\/]thoracic-cxr-project(?!-3)(?:[\\/]|\b),"e45bf032d966f8d3e6fdd0f03a7fdec4,C:\Users\09688\thoracic-cxr-project\data\raw\dicom_files\e45bf032d966f8d3e6fdd0f03a7fdec4.dicom,C:\Users\09688\thoracic-cxr-project-3\data\raw\images\e45bf032d966f8d3e6fdd0f03a7fdec4.png,.dicom,2048,2500,formal_subset_promoted,",False
C:\Users\09688\thoracic-cxr-project-3\data\metadata\image_manifest.csv,546,C:[\\/]Users[\\/]09688[\\/]thoracic-cxr-project(?!-3)(?:[\\/]|\b),"e4d919ecede4ac171b4815ba0863f2f7,C:\Users\09688\thoracic-cxr-project\data\raw\dicom_files\e4d919ecede4ac171b4815ba0863f2f7.dicom,C:\Users\09688\thoracic-cxr-project-3\data\raw\images\e4d919ecede4ac171b4815ba0863f2f7.png,.dicom,2834,3022,formal_subset_promoted,",False
C:\Users\09688\thoracic-cxr-project-3\data\metadata\image_manifest.csv,547,C:[\\/]Users[\\/]09688[\\/]thoracic-cxr-project(?!-3)(?:[\\/]|\b),"e4fe775718f2633a8989f20e06612f01,C:\Users\09688\thoracic-cxr-project\data\raw\dicom_files\e4fe775718f2633a8989f20e06612f01.dicom,C:\Users\09688\thoracic-cxr-project-3\data\raw\images\e4fe775718f2633a8989f20e06612f01.png,.dicom,2412,2816,formal_subset_promoted,",False
C:\Users\09688\thoracic-cxr-project-3\data\metadata\image_manifest.csv,548,C:[\\/]Users[\\/]09688[\\/]thoracic-cxr-project(?!-3)(?:[\\/]|\b),"e529c5465cafd94ee9a3b38f7267523a,C:\Users\09688\thoracic-cxr-project\data\raw\dicom_files\e529c5465cafd94ee9a3b38f7267523a.dicom,C:\Users\09688\thoracic-cxr-project-3\data\raw\images\e529c5465cafd94ee9a3b38f7267523a.png,.dicom,2304,2880,formal_subset_promoted,",False
C:\Users\09688\thoracic-cxr-project-3\data\metadata\image_manifest.csv,549,C:[\\/]Users[\\/]09688[\\/]thoracic-cxr-project(?!-3)(?:[\\/]|\b),"e56080a93578380082f934120565c181,C:\Users\09688\thoracic-cxr-project\data\raw\dicom_files\e56080a93578380082f934120565c181.dicom,C:\Users\09688\thoracic-cxr-project-3\data\raw\images\e56080a93578380082f934120565c181.png,.dicom,2304,2880,formal_subset_promoted,",False
C:\Users\09688\thoracic-cxr-project-3\data\metadata\image_manifest.csv,550,C:[\\/]Users[\\/]09688[\\/]thoracic-cxr-project(?!-3)(?:[\\/]|\b),"e5d63ef8a922c6775c51ce9b511235b9,C:\Users\09688\thoracic-cxr-project\data\raw\dicom_files\e5d63ef8a922c6775c51ce9b511235b9.dicom,C:\Users\09688\thoracic-cxr-project-3\data\raw\images\e5d63ef8a922c6775c51ce9b511235b9.png,.dicom,2304,2880,formal_subset_promoted,",False
C:\Users\09688\thoracic-cxr-project-3\data\metadata\image_manifest.csv,551,C:[\\/]Users[\\/]09688[\\/]thoracic-cxr-project(?!-3)(?:[\\/]|\b),"e645d9985d6afaacf2722b9c82b2c9c5,C:\Users\09688\thoracic-cxr-project\data\raw\dicom_files\e645d9985d6afaacf2722b9c82b2c9c5.dicom,C:\Users\09688\thoracic-cxr-project-3\data\raw\images\e645d9985d6afaacf2722b9c82b2c9c5.png,.dicom,2540,3072,formal_subset_promoted,",False
C:\Users\09688\thoracic-cxr-project-3\data\metadata\image_manifest.csv,552,C:[\\/]Users[\\/]09688[\\/]thoracic-cxr-project(?!-3)(?:[\\/]|\b),"e6a9b0eb532d8aab0ce29b787d81614b,C:\Users\09688\thoracic-cxr-project\data\raw\dicom_files\e6a9b0eb532d8aab0ce29b787d81614b.dicom,C:\Users\09688\thoracic-cxr-project-3\data\raw\images\e6a9b0eb532d8aab0ce29b787d81614b.png,.dicom,2304,2880,formal_subset_promoted,",False
C:\Users\09688\thoracic-cxr-project-3\data\metadata\image_manifest.csv,553,C:[\\/]Users[\\/]09688[\\/]thoracic-cxr-project(?!-3)(?:[\\/]|\b),"e76af44f2856bf89d69d00d43536cf8c,C:\Users\09688\thoracic-cxr-project\data\raw\dicom_files\e76af44f2856bf89d69d00d43536cf8c.dicom,C:\Users\09688\thoracic-cxr-project-3\data\raw\images\e76af44f2856bf89d69d00d43536cf8c.png,.dicom,2048,2500,formal_subset_promoted,",False
C:\Users\09688\thoracic-cxr-project-3\data\metadata\image_manifest.csv,554,C:[\\/]Users[\\/]09688[\\/]thoracic-cxr-project(?!-3)(?:[\\/]|\b),"e82cedee4afa9651a7bd0d57a23280f2,C:\Users\09688\thoracic-cxr-project\data\raw\dicom_files\e82cedee4afa9651a7bd0d57a23280f2.dicom,C:\Users\09688\thoracic-cxr-project-3\data\raw\images\e82cedee4afa9651a7bd0d57a23280f2.png,.dicom,2808,2840,formal_subset_promoted,",False
C:\Users\09688\thoracic-cxr-project-3\data\metadata\image_manifest.csv,555,C:[\\/]Users[\\/]09688[\\/]thoracic-cxr-project(?!-3)(?:[\\/]|\b),"e9954e6e3b2d0c5bf990a519c0ba5abe,C:\Users\09688\thoracic-cxr-project\data\raw\dicom_files\e9954e6e3b2d0c5bf990a519c0ba5abe.dicom,C:\Users\09688\thoracic-cxr-project-3\data\raw\images\e9954e6e3b2d0c5bf990a519c0ba5abe.png,.dicom,2304,2880,formal_subset_promoted,",False
C:\Users\09688\thoracic-cxr-project-3\data\metadata\image_manifest.csv,556,C:[\\/]Users[\\/]09688[\\/]thoracic-cxr-project(?!-3)(?:[\\/]|\b),"ea4fd210b0300b23ee63f0b8352390be,C:\Users\09688\thoracic-cxr-project\data\raw\dicom_files\ea4fd210b0300b23ee63f0b8352390be.dicom,C:\Users\09688\thoracic-cxr-project-3\data\raw\images\ea4fd210b0300b23ee63f0b8352390be.png,.dicom,2304,2880,formal_subset_promoted,",False
C:\Users\09688\thoracic-cxr-project-3\data\metadata\image_manifest.csv,557,C:[\\/]Users[\\/]09688[\\/]thoracic-cxr-project(?!-3)(?:[\\/]|\b),"eaa5aa491942a0bbc9a161ed3f08c2b5,C:\Users\09688\thoracic-cxr-project\data\raw\dicom_files\eaa5aa491942a0bbc9a161ed3f08c2b5.dicom,C:\Users\09688\thoracic-cxr-project-3\data\raw\images\eaa5aa491942a0bbc9a161ed3f08c2b5.png,.dicom,2048,2500,formal_subset_promoted,",False
C:\Users\09688\thoracic-cxr-project-3\data\metadata\image_manifest.csv,558,C:[\\/]Users[\\/]09688[\\/]thoracic-cxr-project(?!-3)(?:[\\/]|\b),"edb4d2772dc7746b93dc0d7e181a25ef,C:\Users\09688\thoracic-cxr-project\data\raw\dicom_files\edb4d2772dc7746b93dc0d7e181a25ef.dicom,C:\Users\09688\thoracic-cxr-project-3\data\raw\images\edb4d2772dc7746b93dc0d7e181a25ef.png,.dicom,2208,2688,formal_subset_promoted,",False
C:\Users\09688\thoracic-cxr-project-3\data\metadata\image_manifest.csv,559,C:[\\/]Users[\\/]09688[\\/]thoracic-cxr-project(?!-3)(?:[\\/]|\b),"ee1ce355f6de728da4c7a40715b16826,C:\Users\09688\thoracic-cxr-project\data\raw\dicom_files\ee1ce355f6de728da4c7a40715b16826.dicom,C:\Users\09688\thoracic-cxr-project-3\data\raw\images\ee1ce355f6de728da4c7a40715b16826.png,.dicom,2742,3272,formal_subset_promoted,",False
C:\Users\09688\thoracic-cxr-project-3\data\metadata\image_manifest.csv,560,C:[\\/]Users[\\/]09688[\\/]thoracic-cxr-project(?!-3)(?:[\\/]|\b),"ee3b2a3399a40af7703ce312d43df635,C:\Users\09688\thoracic-cxr-project\data\raw\dicom_files\ee3b2a3399a40af7703ce312d43df635.dicom,C:\Users\09688\thoracic-cxr-project-3\data\raw\images\ee3b2a3399a40af7703ce312d43df635.png,.dicom,2304,2880,formal_subset_promoted,",False
C:\Users\09688\thoracic-cxr-project-3\data\metadata\image_manifest.csv,561,C:[\\/]Users[\\/]09688[\\/]thoracic-cxr-project(?!-3)(?:[\\/]|\b),"ee47fd39217a0d25550cb6b9badd3ee2,C:\Users\09688\thoracic-cxr-project\data\raw\dicom_files\ee47fd39217a0d25550cb6b9badd3ee2.dicom,C:\Users\09688\thoracic-cxr-project-3\data\raw\images\ee47fd39217a0d25550cb6b9badd3ee2.png,.dicom,2482,2913,formal_subset_promoted,",False
C:\Users\09688\thoracic-cxr-project-3\data\metadata\image_manifest.csv,562,C:[\\/]Users[\\/]09688[\\/]thoracic-cxr-project(?!-3)(?:[\\/]|\b),"ee87cffb47722b3161ea80a75fa307a4,C:\Users\09688\thoracic-cxr-project\data\raw\dicom_files\ee87cffb47722b3161ea80a75fa307a4.dicom,C:\Users\09688\thoracic-cxr-project-3\data\raw\images\ee87cffb47722b3161ea80a75fa307a4.png,.dicom,2048,2500,formal_subset_promoted,",False
C:\Users\09688\thoracic-cxr-project-3\data\metadata\image_manifest.csv,563,C:[\\/]Users[\\/]09688[\\/]thoracic-cxr-project(?!-3)(?:[\\/]|\b),"ef0c1fe356460c25e02dd26a6013e895,C:\Users\09688\thoracic-cxr-project\data\raw\dicom_files\ef0c1fe356460c25e02dd26a6013e895.dicom,C:\Users\09688\thoracic-cxr-project-3\data\raw\images\ef0c1fe356460c25e02dd26a6013e895.png,.dicom,2048,2500,formal_subset_promoted,",False
C:\Users\09688\thoracic-cxr-project-3\data\metadata\image_manifest.csv,564,C:[\\/]Users[\\/]09688[\\/]thoracic-cxr-project(?!-3)(?:[\\/]|\b),"ef9ba80e23c77ad5c619e74bfbdffd8b,C:\Users\09688\thoracic-cxr-project\data\raw\dicom_files\ef9ba80e23c77ad5c619e74bfbdffd8b.dicom,C:\Users\09688\thoracic-cxr-project-3\data\raw\images\ef9ba80e23c77ad5c619e74bfbdffd8b.png,.dicom,2048,2500,formal_subset_promoted,",False
C:\Users\09688\thoracic-cxr-project-3\data\metadata\image_manifest.csv,565,C:[\\/]Users[\\/]09688[\\/]thoracic-cxr-project(?!-3)(?:[\\/]|\b),"efc7bc78ce88e95191fdab525f974c24,C:\Users\09688\thoracic-cxr-project\data\raw\dicom_files\efc7bc78ce88e95191fdab525f974c24.dicom,C:\Users\09688\thoracic-cxr-project-3\data\raw\images\efc7bc78ce88e95191fdab525f974c24.png,.dicom,2304,2880,formal_subset_promoted,",False
C:\Users\09688\thoracic-cxr-project-3\data\metadata\image_manifest.csv,566,C:[\\/]Users[\\/]09688[\\/]thoracic-cxr-project(?!-3)(?:[\\/]|\b),"f06d2ac151719fe4d2cf5546a9dbb734,C:\Users\09688\thoracic-cxr-project\data\raw\dicom_files\f06d2ac151719fe4d2cf5546a9dbb734.dicom,C:\Users\09688\thoracic-cxr-project-3\data\raw\images\f06d2ac151719fe4d2cf5546a9dbb734.png,.dicom,2304,2880,formal_subset_promoted,",False
C:\Users\09688\thoracic-cxr-project-3\data\metadata\image_manifest.csv,567,C:[\\/]Users[\\/]09688[\\/]thoracic-cxr-project(?!-3)(?:[\\/]|\b),"f1c4779f16c3ebad57ecb73dcf2a2c1d,C:\Users\09688\thoracic-cxr-project\data\raw\dicom_files\f1c4779f16c3ebad57ecb73dcf2a2c1d.dicom,C:\Users\09688\thoracic-cxr-project-3\data\raw\images\f1c4779f16c3ebad57ecb73dcf2a2c1d.png,.dicom,2208,2624,formal_subset_promoted,",False
C:\Users\09688\thoracic-cxr-project-3\data\metadata\image_manifest.csv,568,C:[\\/]Users[\\/]09688[\\/]thoracic-cxr-project(?!-3)(?:[\\/]|\b),"f2495f8fc8e1640e7ca9383966aa9f5f,C:\Users\09688\thoracic-cxr-project\data\raw\dicom_files\f2495f8fc8e1640e7ca9383966aa9f5f.dicom,C:\Users\09688\thoracic-cxr-project-3\data\raw\images\f2495f8fc8e1640e7ca9383966aa9f5f.png,.dicom,2652,2766,formal_subset_promoted,",False
C:\Users\09688\thoracic-cxr-project-3\data\metadata\image_manifest.csv,569,C:[\\/]Users[\\/]09688[\\/]thoracic-cxr-project(?!-3)(?:[\\/]|\b),"f29df9890df1e30033396c8f220a9f14,C:\Users\09688\thoracic-cxr-project\data\raw\dicom_files\f29df9890df1e30033396c8f220a9f14.dicom,C:\Users\09688\thoracic-cxr-project-3\data\raw\images\f29df9890df1e30033396c8f220a9f14.png,.dicom,2000,2416,formal_subset_promoted,",False
C:\Users\09688\thoracic-cxr-project-3\data\metadata\image_manifest.csv,570,C:[\\/]Users[\\/]09688[\\/]thoracic-cxr-project(?!-3)(?:[\\/]|\b),"f32fbc404c68b727c5bf14bca3ec7b5e,C:\Users\09688\thoracic-cxr-project\data\raw\dicom_files\f32fbc404c68b727c5bf14bca3ec7b5e.dicom,C:\Users\09688\thoracic-cxr-project-3\data\raw\images\f32fbc404c68b727c5bf14bca3ec7b5e.png,.dicom,2540,3072,formal_subset_promoted,",False
C:\Users\09688\thoracic-cxr-project-3\data\metadata\image_manifest.csv,571,C:[\\/]Users[\\/]09688[\\/]thoracic-cxr-project(?!-3)(?:[\\/]|\b),"f3fc4e540d940916de69e6a7e928cead,C:\Users\09688\thoracic-cxr-project\data\raw\dicom_files\f3fc4e540d940916de69e6a7e928cead.dicom,C:\Users\09688\thoracic-cxr-project-3\data\raw\images\f3fc4e540d940916de69e6a7e928cead.png,.dicom,2753,3408,formal_subset_promoted,",False
C:\Users\09688\thoracic-cxr-project-3\data\metadata\image_manifest.csv,572,C:[\\/]Users[\\/]09688[\\/]thoracic-cxr-project(?!-3)(?:[\\/]|\b),"f40c08b38fce6f2b77c6019d34521357,C:\Users\09688\thoracic-cxr-project\data\raw\dicom_files\f40c08b38fce6f2b77c6019d34521357.dicom,C:\Users\09688\thoracic-cxr-project-3\data\raw\images\f40c08b38fce6f2b77c6019d34521357.png,.dicom,2304,2880,formal_subset_promoted,",False
C:\Users\09688\thoracic-cxr-project-3\data\metadata\image_manifest.csv,573,C:[\\/]Users[\\/]09688[\\/]thoracic-cxr-project(?!-3)(?:[\\/]|\b),"f41ccbeeaa2f48cbb13110e15c20a538,C:\Users\09688\thoracic-cxr-project\data\raw\dicom_files\f41ccbeeaa2f48cbb13110e15c20a538.dicom,C:\Users\09688\thoracic-cxr-project-3\data\raw\images\f41ccbeeaa2f48cbb13110e15c20a538.png,.dicom,2048,2500,formal_subset_promoted,",False
C:\Users\09688\thoracic-cxr-project-3\data\metadata\image_manifest.csv,574,C:[\\/]Users[\\/]09688[\\/]thoracic-cxr-project(?!-3)(?:[\\/]|\b),"f491935369d316678118cd07d5646de6,C:\Users\09688\thoracic-cxr-project\data\raw\dicom_files\f491935369d316678118cd07d5646de6.dicom,C:\Users\09688\thoracic-cxr-project-3\data\raw\images\f491935369d316678118cd07d5646de6.png,.dicom,2584,2928,formal_subset_promoted,",False
C:\Users\09688\thoracic-cxr-project-3\data\metadata\image_manifest.csv,575,C:[\\/]Users[\\/]09688[\\/]thoracic-cxr-project(?!-3)(?:[\\/]|\b),"f4c97bfedbc71ab64cf312ea2962971e,C:\Users\09688\thoracic-cxr-project\data\raw\dicom_files\f4c97bfedbc71ab64cf312ea2962971e.dicom,C:\Users\09688\thoracic-cxr-project-3\data\raw\images\f4c97bfedbc71ab64cf312ea2962971e.png,.dicom,1984,2232,formal_subset_promoted,",False
C:\Users\09688\thoracic-cxr-project-3\data\metadata\image_manifest.csv,576,C:[\\/]Users[\\/]09688[\\/]thoracic-cxr-project(?!-3)(?:[\\/]|\b),"f591f6e017545ab779d1e88735340128,C:\Users\09688\thoracic-cxr-project\data\raw\dicom_files\f591f6e017545ab779d1e88735340128.dicom,C:\Users\09688\thoracic-cxr-project-3\data\raw\images\f591f6e017545ab779d1e88735340128.png,.dicom,2304,2880,formal_subset_promoted,",False
C:\Users\09688\thoracic-cxr-project-3\data\metadata\image_manifest.csv,577,C:[\\/]Users[\\/]09688[\\/]thoracic-cxr-project(?!-3)(?:[\\/]|\b),"f5eb3e7e9ee9c4d08377de30251a94e2,C:\Users\09688\thoracic-cxr-project\data\raw\dicom_files\f5eb3e7e9ee9c4d08377de30251a94e2.dicom,C:\Users\09688\thoracic-cxr-project-3\data\raw\images\f5eb3e7e9ee9c4d08377de30251a94e2.png,.dicom,2040,2240,formal_subset_promoted,",False
C:\Users\09688\thoracic-cxr-project-3\data\metadata\image_manifest.csv,578,C:[\\/]Users[\\/]09688[\\/]thoracic-cxr-project(?!-3)(?:[\\/]|\b),"f853be3a4ec02063d6e9c0279c8cb559,C:\Users\09688\thoracic-cxr-project\data\raw\dicom_files\f853be3a4ec02063d6e9c0279c8cb559.dicom,C:\Users\09688\thoracic-cxr-project-3\data\raw\images\f853be3a4ec02063d6e9c0279c8cb559.png,.dicom,2048,2500,formal_subset_promoted,",False
C:\Users\09688\thoracic-cxr-project-3\data\metadata\image_manifest.csv,579,C:[\\/]Users[\\/]09688[\\/]thoracic-cxr-project(?!-3)(?:[\\/]|\b),"f90442f2620175fa21b6afeda865df11,C:\Users\09688\thoracic-cxr-project\data\raw\dicom_files\f90442f2620175fa21b6afeda865df11.dicom,C:\Users\09688\thoracic-cxr-project-3\data\raw\images\f90442f2620175fa21b6afeda865df11.png,.dicom,2864,3072,formal_subset_promoted,",False
C:\Users\09688\thoracic-cxr-project-3\data\metadata\image_manifest.csv,580,C:[\\/]Users[\\/]09688[\\/]thoracic-cxr-project(?!-3)(?:[\\/]|\b),"f9ba2d912ef79893510ff58bafa70558,C:\Users\09688\thoracic-cxr-project\data\raw\dicom_files\f9ba2d912ef79893510ff58bafa70558.dicom,C:\Users\09688\thoracic-cxr-project-3\data\raw\images\f9ba2d912ef79893510ff58bafa70558.png,.dicom,2008,2584,formal_subset_promoted,",False
C:\Users\09688\thoracic-cxr-project-3\data\metadata\image_manifest.csv,581,C:[\\/]Users[\\/]09688[\\/]thoracic-cxr-project(?!-3)(?:[\\/]|\b),"fa4c38b3c5e53e1e84bd0923f2d8e480,C:\Users\09688\thoracic-cxr-project\data\raw\dicom_files\fa4c38b3c5e53e1e84bd0923f2d8e480.dicom,C:\Users\09688\thoracic-cxr-project-3\data\raw\images\fa4c38b3c5e53e1e84bd0923f2d8e480.png,.dicom,2304,2880,formal_subset_promoted,",False
C:\Users\09688\thoracic-cxr-project-3\data\metadata\image_manifest.csv,582,C:[\\/]Users[\\/]09688[\\/]thoracic-cxr-project(?!-3)(?:[\\/]|\b),"fa5f06ba5deade163b028b37cfe68901,C:\Users\09688\thoracic-cxr-project\data\raw\dicom_files\fa5f06ba5deade163b028b37cfe68901.dicom,C:\Users\09688\thoracic-cxr-project-3\data\raw\images\fa5f06ba5deade163b028b37cfe68901.png,.dicom,2715,3217,formal_subset_promoted,",False
C:\Users\09688\thoracic-cxr-project-3\data\metadata\image_manifest.csv,583,C:[\\/]Users[\\/]09688[\\/]thoracic-cxr-project(?!-3)(?:[\\/]|\b),"fa8115db4830d2b29eccf4f133341a7c,C:\Users\09688\thoracic-cxr-project\data\raw\dicom_files\fa8115db4830d2b29eccf4f133341a7c.dicom,C:\Users\09688\thoracic-cxr-project-3\data\raw\images\fa8115db4830d2b29eccf4f133341a7c.png,.dicom,2304,2880,formal_subset_promoted,",False
C:\Users\09688\thoracic-cxr-project-3\data\metadata\image_manifest.csv,584,C:[\\/]Users[\\/]09688[\\/]thoracic-cxr-project(?!-3)(?:[\\/]|\b),"fad39dc356aaa2da58470c6daaba8112,C:\Users\09688\thoracic-cxr-project\data\raw\dicom_files\fad39dc356aaa2da58470c6daaba8112.dicom,C:\Users\09688\thoracic-cxr-project-3\data\raw\images\fad39dc356aaa2da58470c6daaba8112.png,.dicom,2304,2880,formal_subset_promoted,",False
C:\Users\09688\thoracic-cxr-project-3\data\metadata\image_manifest.csv,585,C:[\\/]Users[\\/]09688[\\/]thoracic-cxr-project(?!-3)(?:[\\/]|\b),"fb8e11c6b2886b2d41b379e0598669b9,C:\Users\09688\thoracic-cxr-project\data\raw\dicom_files\fb8e11c6b2886b2d41b379e0598669b9.dicom,C:\Users\09688\thoracic-cxr-project-3\data\raw\images\fb8e11c6b2886b2d41b379e0598669b9.png,.dicom,2304,2880,formal_subset_promoted,",False
C:\Users\09688\thoracic-cxr-project-3\data\metadata\image_manifest.csv,586,C:[\\/]Users[\\/]09688[\\/]thoracic-cxr-project(?!-3)(?:[\\/]|\b),"fc34c8cc6321cfc97ec35783a5daa937,C:\Users\09688\thoracic-cxr-project\data\raw\dicom_files\fc34c8cc6321cfc97ec35783a5daa937.dicom,C:\Users\09688\thoracic-cxr-project-3\data\raw\images\fc34c8cc6321cfc97ec35783a5daa937.png,.dicom,2304,2880,formal_subset_promoted,",False
C:\Users\09688\thoracic-cxr-project-3\data\metadata\image_manifest.csv,587,C:[\\/]Users[\\/]09688[\\/]thoracic-cxr-project(?!-3)(?:[\\/]|\b),"fd709b976ae14089b17bea48208573d8,C:\Users\09688\thoracic-cxr-project\data\raw\dicom_files\fd709b976ae14089b17bea48208573d8.dicom,C:\Users\09688\thoracic-cxr-project-3\data\raw\images\fd709b976ae14089b17bea48208573d8.png,.dicom,2304,2880,formal_subset_promoted,",False
C:\Users\09688\thoracic-cxr-project-3\data\metadata\image_manifest.csv,588,C:[\\/]Users[\\/]09688[\\/]thoracic-cxr-project(?!-3)(?:[\\/]|\b),"fdbf6600541e76b3b009a11cae0f91c3,C:\Users\09688\thoracic-cxr-project\data\raw\dicom_files\fdbf6600541e76b3b009a11cae0f91c3.dicom,C:\Users\09688\thoracic-cxr-project-3\data\raw\images\fdbf6600541e76b3b009a11cae0f91c3.png,.dicom,2456,2652,formal_subset_promoted,",False
C:\Users\09688\thoracic-cxr-project-3\data\metadata\image_manifest.csv,589,C:[\\/]Users[\\/]09688[\\/]thoracic-cxr-project(?!-3)(?:[\\/]|\b),"fe9ae553a2fa76cba207ebd4b9b0cddb,C:\Users\09688\thoracic-cxr-project\data\raw\dicom_files\fe9ae553a2fa76cba207ebd4b9b0cddb.dicom,C:\Users\09688\thoracic-cxr-project-3\data\raw\images\fe9ae553a2fa76cba207ebd4b9b0cddb.png,.dicom,2511,2687,formal_subset_promoted,",False
C:\Users\09688\thoracic-cxr-project-3\data\metadata\image_manifest.csv,590,C:[\\/]Users[\\/]09688[\\/]thoracic-cxr-project(?!-3)(?:[\\/]|\b),"fee46e386a84e134836e01d0b9a38154,C:\Users\09688\thoracic-cxr-project\data\raw\dicom_files\fee46e386a84e134836e01d0b9a38154.dicom,C:\Users\09688\thoracic-cxr-project-3\data\raw\images\fee46e386a84e134836e01d0b9a38154.png,.dicom,2540,3072,formal_subset_promoted,",False
C:\Users\09688\thoracic-cxr-project-3\data\metadata\image_manifest.csv,591,C:[\\/]Users[\\/]09688[\\/]thoracic-cxr-project(?!-3)(?:[\\/]|\b),"ff924bcbd38f123aec723aa7040d7e43,C:\Users\09688\thoracic-cxr-project\data\raw\dicom_files\ff924bcbd38f123aec723aa7040d7e43.dicom,C:\Users\09688\thoracic-cxr-project-3\data\raw\images\ff924bcbd38f123aec723aa7040d7e43.png,.dicom,2208,2688,formal_subset_promoted,",False
C:\Users\09688\thoracic-cxr-project-3\data\metadata\image_sources.csv,3,C:[\\/]Users[\\/]09688[\\/]thoracic-cxr-project(?!-3)(?:[\\/]|\b),"2,C:\Users\09688\thoracic-cxr-project\data\raw\dicom_files,True,590",False
C:\Users\09688\thoracic-cxr-project-3\outputs\reports\project_tree.txt,,READ_ERROR,UnicodeDecodeError,False
C:\Users\09688\thoracic-cxr-project-3\src\data\common.py,12,C:[\\/]Users[\\/]09688[\\/]thoracic-cxr-yolo-project(?:[\\/]|\b),"YOLO_PROJECT_ROOT = Path(r""C:\Users\09688\thoracic-cxr-yolo-project"")",False
C:\Users\09688\thoracic-cxr-project-3\src\data\common.py,13,C:[\\/]Users[\\/]09688[\\/]thoracic-cxr-project(?!-3)(?:[\\/]|\b),"LEGACY_IMAGE_PROJECT_ROOT = Path(r""C:\Users\09688\thoracic-cxr-project"")",False
